question_id,question,entity_id,entity_label,answer_id,answer_label,answer_src,answer_text,domain,convmix_question_id
3642,What is the genre of the tv series High Seas?,Q59591953,High Seas,Q186424,detective fiction,kb,detective fiction,tvseries,1236-0
2082,What year was M.O.V.E first formed?,Q285547,Move,1997-01-01T00:00:00Z,1997,infobox,1997,music,694-1
4693,What year was the inception of the soccer club Manchester United F.C.?,Q18656,Manchester United F.C.,1878-01-01T00:00:00Z,1878,kb,1878,soccer,1588-4
2149,Who were the creators of the situation comedy known as The Mary Tyler Moore Show?,Q615944,The Mary Tyler Moore Show,Q95125,James L. Brooks,kb,James L. Brooks and Allan Burns,tvseries,716-2
2212,Which country did the TV series Coupling originate?,Q1137587,Coupling,Q145,United Kingdom,infobox,United Kingdom,tvseries,737-0
3792,Did Trey Parker and Matt Stone voice any South Park characters?,Q44414,Trey Parker,Yes,Yes,text,Yes,tvseries,1286-1
3491,who was the producer of Bad Blood song?,Q19892111,Bad Blood,"Max Martin,Shellback","Max Martin,Shellback",infobox,"Max Martin,Shellback",music,1184-3
2335,Barcelona football team was from?,Q7156,FC Barcelona,Q1492,Barcelona,infobox,Spain,soccer,778-4
3378,Which country was Wolf Rilla born in?,Q329438,Wolf Rilla,Q183,Germany,text,Germany,tvseries,1146-4
647,Who created Friends?,Q79784,Friends,Q237454,Marta Kauffman,infobox,David Crane and Marta Kauffman,tvseries,216-0
682,which original network broadcaster releasing the daredevil series?,Q16977365,Daredevil,Q907311,Netflix,kb,Netflix,tvseries,227-0
4052,What is Russell Crowe's date of birth?,Q129817,Russell Crowe,1964-04-07T00:00:00Z,7 April 1964,table,7 April 1964,movies,1372-3
1693,What is the title of the second single on OneRepublic's third album Native?,Q935670,OneRepublic discography,Q13422120,Counting Stars,text,Counting Stars,music,564-2
1517,What is the genre of TV series The Crown?,Q20707362,The Crown,Q19952568,historical fiction drama,infobox,Historical drama,tvseries,506-0
1057,"Who won the Best Actor award in the Los Angeles Film Critics Association Awards for the movie ""Taxi Driver""?",Q47221,Taxi Driver,Q36949,Robert De Niro,table,Robert De Niro,movies,352-2
1039,Which is the birth place of the Blake Neely?,Q881273,Blake Neely,Q830149,Paris,infobox,"Paris, Texas",tvseries,346-2
249,Who gave the screenplay of the movie Nil Battey Sannata?,Q22905735,Nil Battey Sannata,"Iyer, Neeraj Singh, Pranjal Choudhary and Nitesh Tiwari","Iyer, Neeraj Singh, Pranjal Choudhary and Nitesh Tiwari",text,"Iyer, Neeraj Singh, Pranjal Choudhary and Nitesh Tiwari",movies,82-3
3107,What is the TV show Shooter based on?,Q24262082,Shooter,Q1659347,Point of Impact,kb,Point of Impact,tvseries,1056-0
2240,Who is the father of the Soha Ali Khan?,Q434435,Soha Ali Khan,Q983454,Mansoor Ali Khan Pataudi,text,Mansoor Ali Khan Pataudi,tvseries,746-4
1963,When was the band The Beatles started?,Q1299,The Beatles,1960-01-01T00:00:00Z,1960,text,1960,music,654-2
3129,Who plays the role of Indiana Jones in Raiders of the Lost Ark?,Q148659,Indiana Jones,Q81328,Harrison Ford,kb,Harrison Ford,movies,1062-4
459,"What was the narrative location of ""Die Hard"" movie?",Q105598,Die Hard,Q65,Los Angeles,kb,"Los Angeles,Nakatomi Plaza",movies,152-3
4045,"What is a ""Wuthering Heights"" novel's genre?",Q202975,Wuthering Heights,Q20669641,Gothic fiction,infobox,gothic fiction,books,1370-2
3041,What is the instrument played by Benjamin Britten?,Q150767,Benjamin Britten,Q5994,piano,kb,piano,music,1034-0
3902,in which year Dennis Haysbert move to Los Angeles?,Q350208,Dennis Haysbert,1978-01-01T00:00:00Z,1978,text,1978,movies,1322-3
1158,In which year did Kröd Mändoon and the Flaming Sword of Fire come out?,Q717304,Kr\u00F6d M\u00E4ndoon and the Flaming Sword of Fire,2009-01-01T00:00:00Z,2009,infobox,2009,tvseries,386-0
3848,Who was Justin Timberlake dating in the year 2000?,Q43432,Justin Timberlake,Q11975,Britney Spears,kb,Britney Spears,music,1304-3
1350,What was the nationality of the author who wrote Don Quixote?,Q480,Don Quixote,Q160894,Spaniards,text,Spaniards,books,450-0
4425,In 2021 how many teams were in Major League Soccer?,Q18543,Major League Soccer,27,27,text,27,soccer,1498-1
3664,Who is the director of the film Maqbool?,Q542866,Maqbool,Q2742292,Vishal Bhardwaj,infobox,Vishal Bhardwaj,movies,1242-4
3255,What is the date of birth of the Mehboob Khan?,Q55409,Mehboob Khan,1907-09-09T00:00:00Z,9 September 1907,text,9 September 1907,music,1104-4
1575,Lin-Manuel Miranda played the role of who in the musical Hamilton?,Q28659892,list of awards and nominations received by Lin-Manuel Miranda,Q178903,Alexander Hamilton,table,Alexander Hamilton,music,524-4
768,Which of the Smithsonian Channel's shows stars Tom Cavanagh?,Q7545619,Smithsonian Channel,Q7620041,Stories from the Vaults,text,Stories from the Vaults,tvseries,256-1
2775,What is Freddie Mercury's birth name?,Q15869,Freddie Mercury,Farrokh Bulsara,Farrokh Bulsara,kb,Farrokh Bulsara,music,944-3
4871,How many FIFA World Cup's Diego Maradona participated?,Q17515,Diego Maradona,Q101751,1994 FIFA World Cup,kb,4,soccer,1648-2
266,Is Eden Hazard Son of two former footballers?,Q214204,Eden Hazard,Yes,Yes,text,Yes,soccer,88-2
3099,The soundtrack for the film Juice was on what label?,Q6305167,Juice,Q2338889,MCA Records,kb,MCA,movies,1052-4
2634,Who did Italy play against in the 1982 Men's World Cup Final?,Q46934,1982 FIFA World Cup,Q43310,Germany national association football team,infobox,Germany national football team,soccer,888-1
4230,What studio was it filmed at?,Q3547086,Anna of Brooklyn,Q728399,Cinecitt\u00E0,text,Cinecittà Studios,movies,1432-3
1251,Where did Joel de la Fuente get his bachelor degree?,Q6214117,Joel de la Fuente,Q49114,Brown University,infobox,Brown University,tvseries,416-3
3640,Which award received in 2012 by Zhou Long?,Q2382001,Zhou Long,Q2350910,Stoeger Prize,text,Stoeger Prize,music,1234-4
3,What is the genre of book The Velveteen Rabbit?,Q168351,The Velveteen Rabbit,Q21615367,children's novel,text,children's novel,books,0-3
1835,Who is the author of the semi-autobiographical book that the movie Catch Me If You Can is based on?,Q208108,Catch Me If You Can,Q116774,Frank Abagnale,kb,Frank William Abagnale Jr.,movies,612-0
3985,Who is the author of the book The Girl Who Takes an Eye for an Eye?,Q41103935,The Girl Who Takes an Eye for an Eye,Q4276189,David Lagercrantz,kb,David Lagercrantz,books,1350-2
3789,Where did will.i.am attended summer school?,Q185610,will.i.am,Q6246887,John Marshall High School,text,John Marshall High School,music,1284-4
1998,Who is the creator of the bones tv series?,Q207803,Bones,Q570177,Hart Hanson,infobox,Hart Hanson,tvseries,666-1
2255,What maritime museum in located there?,Q490724,Astoria,Q3330641,Columbia River Maritime Museum,text,Columbia River Maritime Museum,movies,752-1
3263,How many matches have Eden Hazard played for Belgium national football team?,Q214204,Eden Hazard,116,116,infobox,116,soccer,1108-2
1410,Did Victor Hugo write Les Misérables?,Q535,Victor Hugo,Yes,Yes,text,Yes,books,470-1
2905,What is the top English soccer league?,Q2736,soccer,Q9448,Premier League,kb,Premier League,soccer,988-1
2370,What was the main topic in Jurassic park?,Q200873,The Lost World: Jurassic Park,Q430,dinosaur,infobox,dinosaur,books,790-3
4523,In which year was The Goodbye Girl released?,Q679746,The Goodbye Girl,2004-01-01T00:00:00Z,2004,infobox,2004,movies,1532-0
1618,What is the club Nicolò Barella represents presently?,Q20090225,Nicol\u00F2 Barella,Q631,Inter Milan,text,Inter Milan,soccer,539-0
2992,which date was Emily in Paris season 1 released?,Q64584978,Emily in Paris,2020-10-02T00:00:00Z,2 October 2020,table,"October 2, 2020",tvseries,1017-0
4249,Winner of the 2021 MLS cup?,Q577698,MLS Cup,Q13361030,New York City FC,table,New York City FC,soccer,1439-0
525,Selena Gomez plays what instrument?,Q83287,Selena Gomez,Q5994,piano,infobox,piano,music,174-3
4031,what is the genre of the tv series Lucifer?,Q19520525,Lucifer,Q9335577,crime television series,kb,crime serial,tvseries,1366-0
3147,Who is the El Salvador national football team owned by?,Q188228,El Salvador national football team,Q547761,Salvadoran Football Federation,kb,Salvadoran Football Federation,soccer,1068-4
2740,What is the box office collection of the movie Great Grand Masti?,Q20649396,Great Grand Masti,₹154 crore,₹154 crore,infobox,₹154 crore,movies,932-4
4927,On which network did I Love Lucy originally air?,Q181943,I Love Lucy,Q43380,CBS,infobox,CBS,tvseries,1666-3
3649,Which country did Franz Beckenbauer played?,Q4457,Franz Beckenbauer,Q713750,West Germany,text,West Germany,soccer,1238-1
1142,When was the zeroth law of Robotics given a name?,Q23758,Three Laws of Robotics,Q377230,Robots and Empire,kb,Robots and Empire,books,380-2
3265,Who is the Head coach of Belgium national football team?,Q166776,Belgium national football team,Q357994,Roberto Mart\u00EDnez,infobox,Roberto Martínez,soccer,1108-4
354,Which country team did Landon Donovan play?,Q30,United States of America,Q202237,Landon Donovan,infobox,United States of America,soccer,118-0
2471,Which award has this 'eagles' band been nominated for?,Q189635,Eagles,Q1453643,Grammy Award for Best New Artist,infobox,Grammy Award for Best New Artist,music,824-3
3779,In what year did The Fellowship of the Ring premiered?,Q127367,The Lord of the Rings: The Fellowship of the Ring,2001-01-01T00:00:00Z,2001,kb,2001,movies,1282-0
1568,What year did Austin Powers: International Man of Mystery come out?,Q501703,Austin Powers: International Man of Mystery,1997-01-01T00:00:00Z,1997,kb,1997,movies,522-3
4650,Is Dik Evans currently member of the band U2?,Q396,U2,No,No,infobox,No,music,1574-2
2788,In which year did the soccer player Pelé marry Marcia Aoki?,Q12897,Pel\u00E9,2016-01-01T00:00:00Z,2016,kb,2016,soccer,948-4
954,What is the name of the club he played for in the year 2000?,Q624,Alessandro Del Piero,Q1422,Juventus F.C.,,Juventus F.C.,soccer,318-1
2996,which year founded of Manchester united F.C?,Q18656,Manchester United F.C.,1902-01-01T00:00:00Z,1902,infobox,1902,soccer,1018-3
2516,What is the sequel of the book The Adventures of Tom Sawyer?,Q326914,The Adventures of Tom Sawyer,Q215410,Adventures of Huckleberry Finn,infobox,Adventures of Huckleberry Finn,books,840-0
2034,What is the height of Chris Kamara?,Q1077393,Chris Kamara,6 ft 1 in,6 ft 1 in,infobox,6 ft 1 in,soccer,678-1
2474,What is the central theme of the Game of Thrones television series?,Q23572,Game of Thrones,Q21015762,Iron Throne,text,Iron Throne,tvseries,826-0
310,What is the name of the director of Man of Steel?,Q25191,Christopher Nolan,Q139890,Zack Snyder,infobox,Zack Snyder,movies,102-4
1780,Who wrote the movie Karwaan?,Q48672560,Karwaan,Q16728338,Hussain Dalal,kb,Hussain Dalal,movies,593-0
315,Britney Spears' eye colour?,Q11975,Britney Spears,Q17122705,brown,infobox,Brown,music,104-3
3765,who is the creator of 'Boston Public' series?,Q894582,Boston Public,Q504720,David E. Kelley,infobox,David E. Kelley,tvseries,1276-4
3486,who is the composer of Birds of Prey movie?,Q57177410,Birds of Prey,Q5218424,Daniel Pemberton,infobox,Daniel Pemberton,movies,1182-4
2542,Who is the captain of Brazilian football team in 2021?,Q83459,Brazil national football team,Q210453,Thiago Silva,table,Thiago Silva,soccer,848-2
1906,Instrument played by musician André Previn?,Q155712,Andr\u00E9 Previn,Q5994,piano,kb,piano,music,635-0
3718,"Who is Enola Holmes, the production designer?",Q65032692,Enola Holmes,Q16727831,Michael Carlin,text,Michael Carlin,books,1260-4
1838,Who directed the 2002 film Catch Me If You Can?,Q208108,Catch Me If You Can,Q8877,Steven Spielberg,infobox,Steven Spielberg,movies,612-3
3014,Who performed as the drummer?,Q16845701,The Hunters,Q7052784,Norman Sheffield,infobox,Norman Sheffield,music,1024-3
3986,What is the date of birth of the writer David Lagercrantz?,Q4276189,David Lagercrantz,1962-09-04T00:00:00Z,4 September 1962,infobox,4 September 1962,books,1350-3
2809,what is the creator name of Trailer Park Boys series?,Q1400775,Trailer Park Boys,Q1400775,Trailer Park Boys,table,Mike Clattenburg,tvseries,956-1
3270,Who is the publisher of the book  Ulysses?,Q6511,Ulysses,Q1503157,Shakespeare and Company,infobox,Shakespeare and Company,books,1110-3
3036,Which novel Based on	 the  film series The Chronicles of Narnia?,Q483412,The Chronicles of Narnia,Q1211909,The Chronicles of Narnia,infobox,The Chronicles of Narnia by C. S. Lewis,movies,1032-1
213,In which city John Jakes was Born?,Q4925477,John,Q1258959,John Jakes,table,Chicago,books,70-3
1494,Where is the headquarters of the Chelsea Football Club?,Q9616,Chelsea F.C.,Q84,London,kb,London,soccer,498-1
1294,Who published The Chosen?,Q2752989,The Chosen,Q1756332,Simon & Schuster,infobox,Simon & Schuster,books,430-4
2313,who directed the Mank movie?,Q73093591,Mank,Q73093591,Mank,text,David Fincher,movies,772-0
3738,What is Luis Suárez soccer team in 2021?,Q26517,Luis Su\u00E1rez,Q8701,Atl\u00E9tico Madrid,infobox,Atlético de Madrid,soccer,1268-0
106,What place was the singer Till Lindemann born?,Q154852,Till Lindemann,Q2079,Leipzig,kb,Leipzig,music,34-4
3999,In which year does Alisha Chinai won the award Best Music Video?,Q2722967,Alisha Chinai,1996-01-01T00:00:00Z,1996,table,1996,music,1354-4
4014,who is the author of this book?,Q6511,Ulysses,Q6882,James Joyce,infobox,James Joyce,books,1360-1
1669,What is the genre of the tv series bones?,Q207803,Bones,Q2321734,police procedural,infobox,police procedural,tvseries,556-2
840,What year was To Kill a Mockingbird published?,Q212340,To Kill a Mockingbird,1960-01-01T00:00:00Z,1960,text,1960,books,280-1
3394,Which is the Debut movie as director of Ashutosh Gowariker?,Q281249,Ashutosh Gowariker,Q5233845,Pehla Nasha,table,Pehla Nasha,movies,1152-2
1275,What is the launching year of Metacritic?,Q150248,Metacritic,2001-01-01T00:00:00Z,2001,infobox,2001,music,424-3
4616,At which Academy Awards was he nominated for Best Film Editing?,Q1252829,Dov Hoenig,Q944352,66th Academy Awards,text,66th Academy Awards,movies,1562-3
2111,where did composer Joe Hisaishi educated music?,Q275900,Joe Hisaishi,Q846116,Kunitachi College of Music,kb,Kunitachi College of Music,music,704-0
1315,What year was Paris Saint-Germain F.C. founded?,Q483020,Paris Saint-Germain F.C.,1970-01-01T00:00:00Z,1970,infobox,1970,soccer,438-1
2531,What is the name of Eminem's spouse whom he married two times?,Q5608,Eminem,Q12366988,Kimberly Anne Scott,kb,Kimberly Anne Scott,music,844-3
4110,Did Sigourney Weaver reprise her role as Ripley in any of the Alien sequels?,Q96388493,list of Sigourney Weaver performances,Yes,Yes,table,Yes,movies,1392-2
2636,What player scored the lone goal for West Germany in the 1982 Men's World Cup Final?,Q46934,1982 FIFA World Cup,Q44458,Paul Breitner,text,Paul Breitner,soccer,888-3
472,"How many episodes in the season 1 of ""Emily in Paris"" series?",Q64584978,Emily in Paris,10,10,table,10,tvseries,156-4
4058,What genre does this 'Green Day' band belong to?,Q47871,Green Day,Q3071,punk rock,infobox,punk rock,music,1374-3
2916,Which Clint Eastwood movie has won the most number of Academy Awards and BAFTA  Awards?,Q43203,Clint Eastwood,Q104137,Unforgiven,table,Unforgiven,movies,992-0
3838,Did State of Fear come before the novel Jurassic Park?,Q2164310,State of Fear,No,No,infobox,No,books,1301-0
3363,Who did Michael Bay worked for when he was an intern at age 15?,Q59259,Michael Bay,Q38222,George Lucas,text,George Lucas,movies,1142-1
1912,Director of season 1 episode 1 in the tv series locke & key?,Q56274745,Locke & Key,Q6832915,Michael Morris,table,Michael Morris,tvseries,637-0
3403,When did the Funeral album released?,Q526196,Funeral,2004-09-14T00:00:00Z,14 September 2004,kb,14 September 2004,music,1155-0
1188,Who is the creator of the Riverdale tv series?,Q23001951,Riverdale,Q7351575,Roberto Aguirre-Sacasa,infobox,Roberto Aguirre-Sacasa,tvseries,396-0
451,"What was the media type of the novel ""Nineteen Eighty-Four""?",Q208460,Nineteen Eighty-Four,Q59520170,Print,infobox,Print,books,150-1
1363,Which genre does this song belong to?,Q5533282,Genius of Love,Q1190485,post-disco,kb,post-disco,music,454-1
3685,When was Romeo and Juliet premiered?,Q83186,Romeo and Juliet,1597-01-01T00:00:00Z,1597,infobox,1597,books,1250-1
4714,Who played as Wendy Byrde of Ozark series?,Q25205293,Ozark,Q223281,Laura Linney,text,Laura Linney,tvseries,1596-1
1231,Who wrote the dystopian political novel Nineteen Eighty-Four?,Q208460,Nineteen Eighty-Four,Q3335,George Orwell,kb,George Orwell,books,410-1
1168,Has the Japan national football team ever won a world cup?,Q170566,Japan national football team,No,No,infobox,No,soccer,388-4
1737,What is the sport number of the Memphis Depay?,Q1894,Memphis Depay,9,9,infobox,9,soccer,578-4
1253,The science fiction tv series Space: Above and Beyond originally aired on which tv network?,Q729265,Space: Above and Beyond,Q166419,Fox Broadcasting Company,infobox,Fox,tvseries,417-0
3253,Which is the Production company of the album Aap Kaa Surroor?,Q4661623,Aap Kaa Surroor,Q15252736,Mehboob Studio,infobox,Mehboob Studio,music,1104-2
4069,which is the country of birth Karim Benzema?,Q1912,Karim Benzema,Q456,Lyon,infobox,Lyon,soccer,1378-3
3261,Which is the first film as writer of Leena Gangopadhyay?,Q79965217,Leena Gangopadhyay,Q4900917,Bhalo Theko,table,Bhalo Theko,tvseries,1106-4
4872,What is the height of Diego Maradona?,Q17515,Diego Maradona,165 centimetre,165 centimetre,kb,165 centimetre,soccer,1648-3
2294,How many members does the band The Who have?,Q93346,The Who,4,4,text,4,music,765-0
2163,When was the The Girl Who Lived Twice published?,Q64830512,The Girl Who Lived Twice,2019-01-01T00:00:00Z,2019,text,2019,books,720-4
1268,Who wrote the film Yahaan?,Q3571306,Yahaan,Q3534654,Piyush Mishra,infobox,Piyush Mishra,movies,422-2
3012,At what studio was it recorded?,Q597273,Keep Yourself Alive,Q907523,Trident Studios,infobox,Trident Studios,music,1024-1
3384,Where did the Uruguay national football team play their first recorded match?,Q134916,Uruguay national football team,Q10345885,Paso del Molino,text,Paso del Molino,soccer,1148-4
3339,What city did they create their 'The Who' band?,Q93346,The Who,Q84,London,infobox,London,music,1134-1
3825,Who is the creator of sitcom Supernatural?,Q130585 Jensen Ackles,Q130585 Jensen Ackles,Q336075,Eric Kripke,infobox,Eric Kripke,tvseries,1296-4
3751,Who is the Minari movie's hero?,Q65679599,Minari,Q552176,Steven Yeun,infobox,Steven Yeun,movies,1272-2
1936,In what year was Elvis Presley born?,Q303,Elvis Presley,1935-01-01T00:00:00Z,1935,text,1935,music,645-0
2094,Which football club Kaka was playing for when he won the Ballon d'Or?,Q531814,Kak\u00E1,Q1543,A.C. Milan,infobox,A.C. Milan,soccer,698-1
3505,what is the color of logo image Borussia Dortmund team?,Q41420,Borussia Dortmund,Q943,yellow,kb,yellow;black,soccer,1189-0
3069,What is the running time of 12 Years a Slave?,Q3023357,12 Years a Slave,133 minutes,133 minutes,,133 minutes,movies,1042-4
851,Where did Pink Floyd form?,Q2306,Pink Floyd,Q84,London,kb,London,music,284-0
3385,What country did the United States play against in the 2009 FIFA Confederations Cup final?,Q183674,2009 FIFA Confederations Cup,Q83459,Brazil national football team,kb,Brazil national football team,soccer,1149-0
2101,Who wrote the Percy Jackson & the Olympians book series?,Q213167,Percy Jackson & the Olympians,Q212727,Rick Riordan,kb,Rick Riordan,books,700-2
3237,Deportivo Alavés team belongs to?,Q223620,Deportivo Alav\u00E9s,Q29,Spain,kb,Spain,soccer,1098-4
3401,What is the rank of album Funeral in LAS Magazine?,Q526196,Funeral,1,1,table,1,music,1154-3
1273,What is the duration of The suburbs?,Q1575638,The Suburbs,63:55,63:55,infobox,63:55,music,424-1
1804,What is William Faulkner's second novel called?,Q38392,William Faulkner,Q3326411,Mosquitoes,text,Mosquitoes,books,601-0
1182,In which year is the inspection of the Aerosmith band ?,Q126826,Aerosmith,1970-01-01T00:00:00Z,1970,infobox,1970,music,394-0
3343,When did this The Who band start?,Q93346,The Who,Q5439758,February 1964,infobox,February 1964,music,1135-0
4843,Where was the first match held for world cup of beach soccer?,Q610865,FIFA Beach Soccer World Cup,Q71901128,Brazil,text,Brazil,soccer,1638-4
2909,What number of countries have people playing soccer in them?,Q2736,soccer,200,200,text,200,soccer,989-0
966,what is the narrative location for Shutter Island movie?,Q210364,Shutter Island,Q183,Germany,infobox,Germany,movies,322-1
3310,"Who was the producer of the song ""I'm Your Angel""?",Q4922282,I'm Your Angel,Q273055,R. Kelly,,R. Kelly,music,1124-2
2793,which year The Diary of a Young Girl first edition was released?,Q14624815,The Diary of a Young Girl (First Edition),1952-01-01T00:00:00Z,1952,kb,1952,books,950-3
3059,What year the first book of the series The Dark Tower released?,Q280898,The Dark Tower,1982-01-01T00:00:00Z,1982,kb,1982,books,1040-0
2005,What is the family name of the Alisson ?,Q18237361,Alisson,Q813701,Becker,infobox,Becker,soccer,668-2
1212,What is the name of the lead vocalist of Green Day?,Q47871,Green Day,Q712592,Billie Joe Armstrong,text,Billie Joe Armstrong,music,404-0
2582,Which  book was followed by the book Dune?,Q190192,Dune,Q437383,Dune Messiah,infobox,Dune Messiah,books,870-3
2526,Which actress played the part of Rose DeWitt Bukater in the film Titanic?,Q4892194,Rose DeWitt Bukater,Q202765,Kate Winslet,text,Kate Winslet,movies,842-4
4580,Is the book Farmer boy based on the childhood of the Wilder's husband Almanzo Wilder?,Q5435715,Farmer Boy,Yes,Yes,text,Yes,books,1550-3
4824,Who was Skrull commander in Captain Marvel?,Q23781129,Captain Marvel,Q295253,Talos,text,Talos,movies,1632-3
4785,Who is the author of the book War and Peace?,Q161531,War and Peace,Q7243,Leo Tolstoy,infobox,Leo Tolstoy,books,1620-0
199,What is the name of the actress who plays the role of Jay Pritchett's second wife in the TV series Modern Family?,Q16756,Modern Family,Q231911,Sof\u00EDa Vergara,text,Sofía Vergara,tvseries,66-1
1617,What other club than Inter Milan has Stadio Giuseppe Meazza as home ground?,Q631,Inter Milan,Q1543,A.C. Milan,kb,A.C. Milan,soccer,538-4
616,the band Queen started in which year?,Q15862,Queen,1970-01-01T00:00:00Z,1970,table,1970,music,205-0
13,What is the genre of the Queen Band?,Q15862,Queen,Q49451,Progressive rock,text,progressive rock,music,4-1
4133,Who is the creator of the book Thumbelina?,Q11870,Thumbelina,Q5673,Hans Christian Andersen,text,Hans Christian Andersen,books,1400-1
4272,Who distributes the series Hanna?,Q48102683,Hanna,Q4740868,Amazon Studios,kb,Amazon Studios,tvseries,1446-4
4074,Who wrote The Farseer Trilogy book series?,Q2512889,The Farseer Trilogy,Q234403,Robin Hobb,kb,Robin Hobb,books,1380-2
3747,"What is a ""Jane Eyre"" novel's genre?",Q182961,Jane Eyre,Q223945,Bildungsroman,infobox,Bildungsroman,books,1270-3
3577,who is the performer of Blinding Lights song?,Q76566134,Blinding Lights,Q2121062,The Weeknd,text,The Weeknd,music,1214-1
2223,Who is the director of IIT Delhi?,Q1194650,Indian Institute of Technology Delhi,Q16959779,V. Ramgopal Rao,infobox,V. Ramgopal Rao,books,740-4
1248,Which tv network originally aired the science fiction tv series Space: Above and Beyond?,Q729265,Space: Above and Beyond,Q166419,Fox Broadcasting Company,infobox,Fox,tvseries,416-0
1201,What is the book that came before the novel The Amber Spyglass?,Q129929,The Amber Spyglass,Q472208,The Subtle Knife,text,The Subtle Knife,books,400-1
2608,Argentina FIFA code name?,https://www.fifa.com/about-fifa/associations/ARG,https://www.fifa.com/about-fifa/associations/ARG,Q79800,Argentina national football team,infobox,ARG,soccer,879-0
1896,Who is the composer of the film Smallfoot?,Q30607974,Smallfoot,Q462109,Heitor Pereira,infobox,Heitor Pereira,movies,632-1
965,what is Shutter Island movie duration?,Q210364,Shutter Island,138 minute,138 minute,kb,138 minute,movies,322-0
3567,who is the author of The Sound and the Fury book?,Q135515,The Sound and the Fury,Q38392,William Faulkner,infobox,William Faulkner,books,1210-2
3035,What is the genre of the film series The Chronicles of Narnia?,Q1211909,The Chronicles of Narnia,Q132311,Fantasy,kb,fantasy,movies,1032-0
1183,What is the field of work of the Aerosmith band ?,Q126826,Aerosmith,Q11399,rock music,infobox,rock music,music,394-1
216,who played the andre davis in 21 bridges?,Q58411015,21 Bridges,Q5066520,Chadwick Boseman,text,Chadwick Boseman,movies,72-0
1935,What was the first song on the self titled Elvis Presley album?,Q610926,Elvis Presley,Q885912,Blue Suede Shoes,infobox,Blue Suede Shoes,music,644-4
4025,what genre of is the song Blank Space?,Q18441355,Blank Space,Q188450,electropop,kb,electropop,music,1364-0
780,Who is the author of Mirrorshades?,Q2085020,Mirrorshades,Q312995,Bruce Sterling,kb,Bruce Sterling,books,260-1
2447,"Who directed Caretaker, Part I?",Q42599400,"Caretaker, Part I",Q178387,Winrich Kolbe,infobox,Winrich Kolbe,tvseries,816-3
468,"Who made the theme music for ""Emily in Paris"" series?",Q64584978,Emily in Paris,Q43914882,James Newton,infobox,James Newton,tvseries,156-0
1036,What is the debut date of the music album Unbroken?,Q249113,Unbroken,2011-09-20T00:00:00Z,20 September 2011,kb,20 September 2011,music,345-0
1932,What year did Elvis Presley die?,Q303,Elvis Presley,1977-01-01T00:00:00Z,1977,text,1977,music,644-1
1664,What is the award received in 1990 for Most Promising Actress by Vanessa Paradis?,Q174389,C\u00E9sar Award,Q51023,Vanessa Paradis,table,César Award,music,554-3
937,What is the name of the film that was the sequel to The Terminator ( movie?,Q162255,The Terminator,Q170564,Terminator 2: Judgment Day,table,Terminator 2: Judgment Day,movies,312-2
1738,What country does Memphis Depay represent in sports?,Q1894,Memphis Depay,Q55,Netherlands,infobox,Netherlands,soccer,579-0
1381,Who is author of the  Nineteen Eighty-Four  Book?,Q208460,Nineteen Eighty-Four,Q3335,George Orwell,text,George Orwell,books,460-1
2428,What is the time period of the novel The Bluest Eye?,Q1069956,The Bluest Eye,Q8698,Great Depression,text,Post Great Depression,books,810-2
666,who won the best visual effects award in 2021 satellite award for Tenet movie?,Q63985561,Tenet,Q20488060,Andrew Jackson,table,Andrew Jackson,movies,222-1
4683,Who created the TV series Survivor?,Q28856068,Survivor,Q5085360,Charlie Parsons,infobox,Charlie Parsons,tvseries,1586-0
4556,What is the budget of The Matrix?,Q83495,The Matrix,$63 million,$63 million,text,$63 million,movies,1542-3
757,Who is the main character of Signs (2002) played by?,Q22432,Signs,Q42229,Mel Gibson,text,Mel Gibson,movies,252-2
1584,Manchester United F.C. achieved the European Treble in what year?,Q18656,Manchester United F.C.,1998-99,1998-99,text,1998-99,soccer,528-1
476,Who was the shirt sponsor of the Chicago Fire Football Club in 2019 to present?,Q308683,Chicago Fire Soccer Club,Q259011,Motorola,table,Motorola,soccer,158-2
3959,"Who was the director of the movie ""Black Widow""?",Q23894626,Black Widow,Q441510,Cate Shortland,infobox,Cate Shortland,movies,1342-0
4482,"In the game of soccer (or association football), how many players are on each team?",Q2736,soccer,11,11,text,11,soccer,1518-0
2973,Which type of The Scarlet Letter genre?,Q907568,The Scarlet Letter,Q19765983,romantic fiction,table,"Romantic, Historical",books,1010-4
3153,Was the book Jean Santeuil written by Marcel Proust?,Q3174551,Jean Santeuil,Yes,Yes,text,Yes,books,1070-4
1175,In which year did the novel The Invisible Man come out?,Q1784288,Invisible Man,1952-01-01T00:00:00Z,1952,text,1952,books,391-0
1765,How many teams play in Major League Soccer?,Q18543,Major League Soccer,Q18543,Major League Soccer,infobox,28,soccer,588-2
2825,Author of the book To Kill a Mockingbird?,Q212340,To Kill a Mockingbird,Q182658,Harper Lee,kb,Harper Lee,books,961-0
3115,What is the current FIFA ranking for the Germany National Football Team?,Q43310,Germany national association football team,Q180825,FIFA World Rankings,infobox,12th,soccer,1058-2
1688,Who played Liu Kang in the 2021 reboot instead of Robin shou?,Q63862159,Mortal Kombat,Q21290349,Ludi Lin,text,Ludi Lin,movies,562-3
4671,From what country did the film Howl's Moving Castle originate?,Q29011,Howl's Moving Castle,Q17,Japan,infobox,Japan,movies,1582-0
1397,Which year did the Ramones start making music?,Q483407,Ramones,1974-01-01T00:00:00Z,1974,infobox,1974,music,465-0
4380,What year was Wes Craven born,Q223992,Wes Craven,1939-01-01T00:00:00Z,1939,infobox,1939,movies,1482-4
2902,From what NYC location does NBC broadcast Saturday Night Live?,Q13979,Saturday Night Live,Q680614,30 Rockefeller Plaza,kb,30 Rockefeller Plaza,tvseries,986-4
949,What is the name of the creator of the series Suits?,Q370185,Suits,Q13422029,Aaron Korsh,kb,Aaron Korsh,tvseries,316-2
1299,How many Golden Globe Awards did One Flew Over the Cuckoo's Nest get?,Q1011547,Golden Globe Award,6,6,table,6,movies,432-3
299,Nick name of the Columbus Crew?,Q457163,Columbus Crew,"The Crew, The Massive, The Black & Gold","The Crew, The Massive, The Black & Gold",infobox,"The Crew, The Massive, The Black & Gold",soccer,99-0
573,which book is followed by the book Alice's Adventures in Wonderland?,Q92640,Alice's Adventures in Wonderland,Q220331,Through the Looking-Glass,kb,Through the Looking-Glass,books,190-4
3541,Author of the book Sons and Lovers?,Q80771,Sons and Lovers,Q34970,D. H. Lawrence,kb,D. H. Lawrence,books,1201-0
3513,Did Dan Aykroyd and Harold Ramis play any roles in Ghostbusters?,Q105221,Dan Aykroyd,Yes,Yes,text,Yes,movies,1192-1
1065,"Who were the song writers of the song ""I am not a woman, I’m a god""?",Q108822278,"I Am Not a Woman, I'm a God","Ashley Frangipane,Trent Reznor,Atticus Ross,Johnathan Cunningham","Ashley Frangipane,Trent Reznor,Atticus Ross,Johnathan Cunningham",infobox,"Ashley Frangipane,Trent Reznor,Atticus Ross,Johnathan Cunningham",music,354-4
2580,Who is the Publisher of the book series Dune?,Q190192,Dune,Q5099225,Chilton Company,kb,Chilton Company,books,870-1
4018,Which language of this Ulysses copied?,Q6511,Ulysses,Q1860,English,kb,english,books,1361-0
278,"Who was the Arthur Fleck / Joker in ""Joker"" movie?",Q42759035,Joker,Q185140,Joaquin Phoenix,text,Joaquin Phoenix,movies,92-2
3458,Which band was the song Walk Like an Egyptian from?,Q1885339,Walk Like an Egyptian,Q214418,The Bangles,text,The Bangles,music,1174-0
1060,Writer of the movie Taxi Driver?,Q47221,Taxi Driver,Q363989,Paul Schrader,kb,Paul Schrader,movies,353-0
3067,Who played as Solomon Northup/Platt in 12 Years a Slave?,Q3023357,12 Years a Slave,Q317343,Chiwetel Ejiofor,kb,Chiwetel Ejiofor,movies,1042-2
177,How many matches did Freddy Adu played for United States men's national soccer team?,Q310369,Freddy Adu,17,17,infobox,17,soccer,58-3
3216,which year The American Movie was released in Netflix?,Q1164740,The American,2010-01-01T00:00:00Z,2010,kb,2010,movies,1092-1
461,What is genre of Die Hard?,Q105598,Die Hard,Q188473,action film,text,action film,movies,153-0
4309,On which date was Bojan Krkić born?,Q179172,Bojan Krki\u0107,1990-08-28T00:00:00Z,28 August 1990,kb,28 August 1990,soccer,1459-0
4057,What city did they create their 'Green Day' band?,Q47871,Green Day,Q99,California,infobox,California,music,1374-2
1909,which book does the tv series locke & key Based on ?,Q56274745,Locke & Key,Q6665339,Locke & Key,infobox,Locke & Key,tvseries,636-2
3356,Who is the author of the Robert Langdon series of thriller novels?,Q83561430,Robert Langdon series,Q7345,Dan Brown,kb,Dan Brown,books,1140-0
1525,Which is the national team of Salif Diao?,Q350785,Salif Diao,Q207441,Senegal national association football team,table,Senegal national football team,soccer,508-2
1541,What is the inception year of Gang of Four?,Q1130624,Gang of Four,1977-01-01T00:00:00Z,1977,infobox,1977,music,514-0
3599,Which company published The Night Diary?,Q65083326,Q65083326,Q2908540,Penguin Random House,text,Penguin Random House,books,1221-0
3784,which year did The Fellowship of the Ring premiere?,Q127367,The Lord of the Rings: The Fellowship of the Ring,2001-01-01T00:00:00Z,2001,kb,2001,movies,1283-0
4874,For which club team did Diego Maradona played for?,Q17515,Diego Maradona,Q170703,Boca Juniors,infobox,Boca Juniors,soccer,1649-0
629,Which year was the book Moby-Dick published?,Q174596,Moby-Dick,1851-01-01T00:00:00Z,1851,kb,1851,books,210-0
4423,The Sopranos ran for how many seasons?,Q23628,The Sopranos,6,6,kb,6,tvseries,1497-0
3901,who played kenneth in the Waiting to Exhale?,Q34389,Whitney Houston,Q350208,Dennis Haysbert,text,Dennis Haysbert,movies,1322-2
1068,"What was the genre of the series ""White Collar""?",Q31915,White Collar,Q2321734,police procedural,infobox,"Police procedural,Drama",tvseries,356-0
3238,Atlético Madrid team was from?,Q2975407,Atl\u00E9tico Madrid C,Q29,Spain,text,Spain,soccer,1099-0
2846,Who was the follower of National Women's Soccer League?,Q1101443,National Women's Soccer League,Q1351438,Women's Professional Soccer,kb,Women's Professional Soccer;Women's Premier Soccer League Elite,soccer,968-3
4115,"What is the length of ""Empire State of Mind""?",Q21123,Empire State of Mind,4 minutes 36 seconds,4 minutes 36 seconds,infobox,4 minutes 36 seconds,music,1394-1
291,"What was the character role of Walter White in ""Breaking Bad"" series?",Q1079,Breaking Bad,A high school chemistry teacher,A high school chemistry teacher,text,A high school chemistry teacher,tvseries,96-3
3941,Who directs the tv series hospital playlist?,Q83625648,Hospital Playlist,Q12604497,Shin Won-ho,text,Shin Won-ho,tvseries,1336-0
3134,Is the song La Isla Bonita on the Madonna album True Blue?,Q939998,La Isla Bonita,Yes,Yes,kb,yes,music,1064-3
1354,Who was the Spanish king when part 1 of Don Quixote was published?,Q480,Don Quixote,Q34464,Philip III of Spain,table,Philip III of Spain,books,450-4
630,Who is the author of the book Moby-Dick?,Q174596,Moby-Dick,Q4985,Herman Melville,kb,Herman Melville,books,210-1
2849,Who Wrote Harry Potter?,Q8337,Harry Potter,Q34660,J. K. Rowling,kb,J. K. Rowling,books,970-0
587,Who is the director of the TV series Hanna?,Q48102683,Hanna,Q60399091,Sarah Adina Smith,table,Sarah Adina Smith,tvseries,196-0
4782,What is the stadium of Orlando City SC?,Q15214308,Orlando City SC,Q16846942,Orlando City Stadium,text,Exploria Stadium,soccer,1618-3
1103,Who played Sheldon Sampson/The Utopian in Jupiter's Legacy?,Q65120863,Jupiter's Legacy,Q19794,Josh Duhamel,infobox,Josh Duhamel,tvseries,367-0
2603,What is the FIFA country code of Argentina?,https://www.fifa.com/about-fifa/associations/ARG,https://www.fifa.com/about-fifa/associations/ARG,Q79800,Argentina national football team,infobox,ARG,soccer,878-0
2560,Who was The Turning Point directed by?,Q451558,The Turning Point,Q711415,Herbert Ross,infobox,Herbert Ross,movies,863-0
4879,Who is the publisher of the Novel The White Tiger?,Q2301826,The White Tiger,Q4816305,Atlantic Books,infobox,Atlantic Books,books,1650-4
100,What is the name of the actor Gregory Peck's daughter?,Q108366,Gregory Peck,Q648093,Cecilia Peck,kb,Cecilia Peck,movies,32-4
3266,soccer player Eden Hazard born on?,Q214204,Eden Hazard,1991-01-07T00:00:00Z,7 January 1991,kb,7 January 1991,soccer,1109-0
3306,"Who was distributed the film ""The Irishman""?",Q29057443,The Irishman,Q907311,Netflix,kb,Netflix,movies,1122-4
1129,How many seasons of the peaky blinders,Q14944179,Peaky Blinders,6,6,table,6,tvseries,376-1
1433,What team did Sadio Mané join in 2016?,Q209942,Sadio Man\u00E9,Q1130849,Liverpool F.C.,infobox,Liverpool F.C.,soccer,478-0
1645,What is the height of Roque Júnior?,Q315831,Roque J\u00FAnior,1.88 m,1.88 m,infobox,1.88 m,soccer,548-2
772,Which channel airs Aerial America?,Q15036036,Aerial America,Q7545619,Smithsonian Channel,text,Smithsonian Channel,tvseries,257-0
1072,"How many episodes in the series ""White Collar""?",Q31915,White Collar,81,81,kb,81,tvseries,356-4
1668,Who is the executive producer of the tv series bones?,Q207803,Bones,Q570177,Hart Hanson,infobox,Hart Hanson,tvseries,556-1
1222,What is the name of the spouse of Alex Borstein?,Q116219,Alex Borstein,Q330904,Jackson Douglas,kb,Jackson Douglas,tvseries,406-4
4253,Who published the book Tarzan of the Apes?,Q655296,Tarzan of the Apes,Q4647618,A. C. McClurg,kb,A. C. McClurg,books,1440-3
1631,What is the release date of album RTJ4?,Q96054303,RTJ4,2020-06-03T00:00:00Z,3 June 2020,text,3 June 2020,music,544-0
1347,Who won the first UEFA European Championship?,Q260858,UEFA European Championship,Q189275,Soviet Union national association football team,table,Soviet Union,soccer,448-3
3942,what is the genre of the tv series Hospital Playlist?,Q83625648,Hospital Playlist,Q1786567,medical drama,infobox,medical drama,tvseries,1336-1
812,"Who was the author of the book ""Midnight's Children""?",Q625764,Midnight's Children,Q44306,Salman Rushdie,text,Salman Rushdie,books,270-3
2559,Who wrote The Turning Point?,Q1966965,National Board of Review: Top Ten Films,Q710334,Arthur Laurents,infobox,Arthur Laurents,movies,862-4
1489,What was the theme song of The Cosby Show?,Q463999,The Cosby Show,Q5760612,Hikky Burr,text,Hicky Burr,tvseries,496-2
2414,What is the genre of the tv series Squid Game?,Q106582931,Squid Game,Q15898171,survival film,,survival film,tvseries,806-0
741,Who is the actress playing the character of one of the broke girls other than the role played by Kat Dennings in 2 Broke Girls?,Q231751,Kat Dennings,Q264306,Beth Behrs,text,Beth Behrs,tvseries,246-4
2831,Director of the movie The Dark Knight?,Q163872,The Dark Knight,Q25191,Christopher Nolan,infobox,Christopher Nolan,movies,963-0
2752,Who is the spouse of Himanshu Soni?,Q107649730,Himanshu Soni,Q18357765,Sheetal Singh,infobox,Sheetal Singh,tvseries,936-4
1109,For which club team did N'Golo Kanté played first?,Q16665941,N'Golo Kant\u00E9,Q309400,US Boulogne,infobox,US Boulogne,soccer,369-0
3894,What is the Second book of Simon & Schuster?,Q1756332,Simon & Schuster,Q839220,Something Happened,kb,Something Happened,books,1320-1
2444,What channel aired Star Trek: Voyager originally?,Q156329,Star Trek: Voyager,Q206272,UPN,text,UPN,tvseries,816-0
3805,Where is Stephen King originally from?,Q39829,Stephen King,Q49201,"Portland, Maine",kb,Portland,books,1290-2
1530,What is the country of origin of the Dream of the Red Chamber?,Q8265,Dream of the Red Chamber,Q8733,Qing dynasty,text,Qing dynasty,books,510-1
1908,Who is the Composer of the tv series locke & key?,Q56274745,Locke & Key,Q63243094,Torin Borrowdale,infobox,Torin Borrowdale,tvseries,636-1
3734,Who is the original broadcaster of the Locke & Key television series?,Q56274745,Locke & Key,Q907311,Netflix,infobox,Netflix,tvseries,1266-2
3767,what is the height of Mohamed Salah?,Q1354960,Mohamed Salah,176 centimetre,176 centimetre,text,176 centimetre,soccer,1278-0
4502,What religion does Marissa Ribisi follow?,Q299790,Marissa Ribisi,Q131036,Scientology,kb,Scientology,music,1524-3
4007,What is the date of birth of the soccer player Kevin De Bruyne?,Q357984,Kevin De Bruyne,1991-06-28T00:00:00Z,28 June 1991,kb,28 June 1991,soccer,1358-0
1708,The American soccer player Clint Dempsey retired in what year?,Q201860,Clint Dempsey,2018-01-01T00:00:00Z,2018,text,2018,soccer,569-0
1138,who is the top score of the player in Brazil national football team?,Q83459,Brazil national football team,Pelé,Pelé,infobox,Pelé,soccer,378-4
1440,In which year did Honoré de Balzac write the work La Comédie humaine?,Q9711,Honor\u00E9 de Balzac,1829-01-01T00:00:00Z,1829,kb,1829,books,480-1
3709,What club did Andoni Goikoetxea play for in the year 1980?,Q358424,Andoni Goikoetxea,Q794970,Athletic Bilbao B,table,Athletic Bilbao,soccer,1258-1
2347,Which movie was directed by Rohit Shetty in 2013?,Q6716074,Rohit Shetty,Q2962658,Chennai Express,table,Chennai Express,movies,782-4
1506,What is the running time of Chhorii?,Q104879238,Chhorii,129 minutes,129 minutes,kb,129 minutes,movies,502-1
3217,What was the name of director who directed Fruitvale Station English Movie?,Q3788751,Fruitvale Station,Q7383978,Ryan Coogler,infobox,Ryan Coogler,movies,1092-2
4855,What is the running time of Boyhood movie?,Q4103201,Boyhood,163 minute,163 minute,kb,163 minute,movies,1642-4
4205,What is the mascot of the band Iron Maiden?,Q42482,Iron Maiden,Q259261,Eddie the Head,kb,Eddie the Head,music,1424-1
1701,"In the 2013 biographical drama movie Jobs, which tech CEO did Ashton Kutcher portrayed?",Q164782,Ashton Kutcher,Q19837,Steve Jobs,text,Steve Jobs,tvseries,566-4
3754,What is a Minari movie's genre?,Q65679599,Minari,Q130232,drama film,infobox,drama,movies,1273-0
3815,Where is Louis Armstrong from?,Q1779,Louis Armstrong,Q34404,New Orleans,infobox,New Orleans,music,1294-0
4761,What novel was the movie The Wiz based on?,Q428158,The Wiz,Q130295,The Wonderful Wizard of Oz,text,The Wonderful Wizard of Oz,movies,1612-0
245,Which is the initial novel in the series Twilight?,Q189378,Twilight,Q44523,Twilight,kb,Twilight,books,81-0
2075,Did Paul Verhoeven direct all three RoboCop movies from the original trilogy?,Q129079,Paul Verhoeven,No,No,table,No,movies,692-0
169,Who is the creative director of the TV series Imlie?,Q104572703,Imlie,Muskan Bajaj,Muskan Bajaj,infobox,Muskan Bajaj,tvseries,56-1
3078,Who played as team tactician role in Travelers series?,Q24705137,Travelers,Q42403152,Nesta Cooper,kb,Nesta Cooper,tvseries,1046-1
3195,What place did G N' R Lies get to on the Billboard 200 charts?,Q11895,Guns N\u2019 Roses,Q11895,Guns N\u2019 Roses,text,2,music,1084-4
2275,Which club was the first to win the title?,Q201671,Eliteserien,Q186785,Rosenborg BK,text,Rosenborg BK,soccer,758-4
2709,"What was the character name of John Marley in the movie ""The Godfather""?",Q47703,The Godfather,Q589050,Jack Woltz,text,Jack Woltz,movies,922-3
2712,"When was the song ""Let Me Love You"" released?",Q26254088,Let Me Love You,2016-08-05T00:00:00Z,5 August 2016,infobox,5 August 2016,music,924-0
39,who is the screenwriter of Love and Monsters movie?,Q62761126,Love and Monsters,Q16217458,Matthew Robinson,infobox,Matthew Robinson,movies,12-3
378,Who played Moss in The IT Crowd?,Q239672,The IT Crowd,Q1333118,Richard Ayoade,text,Richard Ayoade,tvseries,126-0
2625,Was the song Wait and Bleed by the band slipknot nominated for a grammy?,Q929774,Wait and Bleed,Yes,Yes,text,Yes,music,884-4
3101,Who founded Earth Wind & Fire?,Q28974,"Earth, Wind & Fire",Q1295870,Maurice White,text,Maurice White,music,1054-0
2943,Is Rincewind a character of the Discworld novel series?,Q3257270,Discworld books,Yes,Yes,text,Yes,books,1000-3
3748,What is the origin city of Jane Eyre novel?,Q182961,Jane Eyre,Q174193,United Kingdom of Great Britain and Ireland,infobox,United Kingdom of Great Britain and Ireland,books,1270-4
2204,Did Harry Styles constitute as a member of the band One Direction?,Q146027,One Direction,Yes,Yes,text,Yes,music,734-3
3172,What is the number of episodes in the TV show Only Connect until 26 July 2021?,Q7094164,Only Connect,375,375,infobox,375,tvseries,1077-0
4211,What show does Nathan Fillion have an executive producer role in?,Q342549,Nathan Fillion,Q48744320,The Rookie,text,The Rookie,tvseries,1426-1
1867,Who portrayed General Zod in the first Superman movie?,Q213053,Superman,Q77298,Terence Stamp,text,Terence Stamp,movies,622-2
2217,Which year was the club Real Madrid Castilla found?,Q12217,Real Madrid Castilla,1930-01-01T00:00:00Z,1930,infobox,1930,soccer,738-4
4113,The name of the writer who wrote the script for the 1979 science fiction horror film Alien.,Q103569,Alien,Q498430,Dan O'Bannon,kb,Dan O'Bannon;Ronald Shusett,movies,1393-0
3778,Did a real life court case inspired John Grisham to write A Time to Kill?,Q1213715,A Time to Kill,Yes,Yes,infobox,Yes,books,1281-0
2193,What is name of the writer Dante's wife?,Q1067,Dante Alighieri,Q3759380,Gemma Donati,kb,Gemma Donati,books,730-4
4940,When was Terry Pratchett died?,Q46248,Terry Pratchett,2015-03-12T00:00:00Z,12 March 2015,kb,12 March 2015,books,1670-4
2109,When was Forrest Gump movie released?,Q134773,Forrest Gump,1994-06-23T00:00:00Z,23 June 1994,kb,23 June 1994,movies,702-4
1174,What is the publication date of the The Invisible Man?,Q1784288,Invisible Man,1952-04-14T00:00:00Z,14 April 1952,infobox,14 April 1952,books,390-4
4328,"Who was developed the series ""Dexter""?",Q23577,Dexter,Q1110157,"James Manos, Jr.",infobox,James Manos Jr.,tvseries,1466-0
1209,What is the name of the actor in the movie Jumanji: Welcome to the Jungle who is also a WWE star?,Q20762680,Jumanji: Welcome to the Jungle,Q10738,Dwayne Johnson,text,Dwayne Johnson,movies,402-3
2922,Which Massive Attack band member is also a graffiti artist?,Q357418,Massive Attack,Q712176,Robert Del Naja,text,Robert Del Naja,music,994-0
286,"Who was the producer of the ""Into You"" song?",Q24026109,Into You,Q16774610,Ilya Salmanzadeh,kb,"Ilya Salmanzadeh, Max Martin",music,94-4
4264,Who is the copyright representative of Eminem?,Q5608,Eminem,Q891885,"Broadcast Music, Inc.",kb,"Broadcast Music, Inc.",music,1444-2
2858,"Who played Murphy Cooper, Cooper's daughter, in Interstellar?",Q13417189,Interstellar,Q229313,Jessica Chastain,text,Jessica Chastain,movies,972-3
4019,What genre is the film Bad Boys for Life?,Q29021224,Bad Boys for Life,Q188473,action film,kb,action comedy film,movies,1362-0
3473,What club did Milan Baroš play for in the year 2004?,Q180581,Milan Baro\u0161,Q1130849,Liverpool F.C.,text,Liverpool F.C.,soccer,1178-3
895,When was Cristiano Ronaldo born?,Q11571,Cristiano Ronaldo,1985-02-05T00:00:00Z,5 February 1985,infobox,5 February 1985,soccer,298-2
4418,The Sopranos was on the air for how many seasons?,Q23628,The Sopranos,6,6,kb,6,tvseries,1496-0
4776,Where does Curb Your Enthusiasm take place?,Q23722,Curb Your Enthusiasm,Q65,Los Angeles,text,Los Angeles,tvseries,1616-3
765,What was the first ever number one song on the US Billboard Hot 100?,Q180072,Billboard Hot 100,Q7228786,Poor Little Fool,text,Poor Little Fool,music,254-4
230,Was Max Arciniega part of the TV series of Better Call saul?,Q14925221,Better Call Saul,Yes,Yes,text,Yes,tvseries,76-2
2043,Which novel of the author Colson Whitehead won him another Pulitzer Prize for fiction?,Q509662,Colson Whitehead,Q85808003,The Nickel Boys,text,The Nickel Boys,books,680-4
4729,What is the date of birth of Arthur Conan Doyle?,Q35610,Arthur Conan Doyle,1859-05-22T00:00:00Z,22 May 1859,kb,22 May 1859,books,1600-4
3586,how many episodes of Riverdale series?,Q23001951,Riverdale,100,100,table,100,tvseries,1216-4
2755,What is the height of the soccer player Zinedine Zidane?,Q1835,Zinedine Zidane,6 ft 1 in,6 ft 1 in,infobox,6 ft 1 in,soccer,938-1
1644,What is the date of birth of Roque Júnior?,Q315831,Roque J\u00FAnior,1976-08-31T00:00:00Z,31 August 1976,infobox,31 August 1976,soccer,548-1
376,Who is Win Butler married to?,Q1349573,Win Butler,Q2642254,R\u00E9gine Chassagne,text,Régine Chassagne,music,124-4
1393,what is location of formation of the Ramones music?,Q483407,Ramones,Q1202211,Forest Hills,infobox,Forest Hills,music,464-1
878,What is the name of the one TV series directed by Stephen Sommers?,Q363402,Stephen Sommers,Q1214882,The Mummy,table,The Mummy,movies,292-3
3221,what is the name of English Singer who sung Old Town Road?,Q62587323,Old Town Road,Q62591281,Lil Nas X,kb,Lil Nas X,music,1094-0
645,Which was the first album of the band Coldplay?,Q45188,Coldplay,Q131977,Parachutes,infobox,Parachutes,music,214-4
4810,How many goals did Pele scored for New York Cosmos in the year 1975?,Q646135,New York Cosmos,17,17,table,17,soccer,1628-1
2060,Name of the director who directed the first episode of the show Vikings?,Q15978694,list of Vikings episodes,Q1373742,Johan Renck,table,Johan Renck,tvseries,686-3
2114,What is Joe Hisaishi's place of birth?,Q275900,Joe Hisaishi,Q128849,Nagano,kb,Nagano,music,704-3
1706,What was New England Revolution's final position after the 2021 regular MLS season?,Q103821894,2021 Major League Soccer season,Q12470229,1st,table,1st,soccer,568-3
3975,who is original broadcaster of TV series Person of Interest?,Q564345,Person of Interest,Q62209197,CBS,kb,CBS,tvseries,1346-4
296,What was the official color of the Columbus Crew Soccer Club?,Q457163,Columbus Crew,Black and gold,Black and gold,text,Black and gold,soccer,98-2
1843,When was Men at Work inducted into the ARIA Hall of Fame?,Q831111,Men at Work,1994-01-01T00:00:00Z,1994,table,1994,music,614-2
581,Which instrument played by the Composer Ryuichi Sakamoto?,Q345494,Ryuichi Sakamoto,Q1343007,electronic keyboard,infobox,electronic keyboard,music,194-0
3481,what is the genre of Brave New World book?,Q191949,Brave New World,Q24925,science fiction,text,"Science fiction, dystopian fiction",books,1181-0
1903,What is the award received by André Previn in 2010?,Q155712,Andr\u00E9 Previn,Q935843,Grammy Lifetime Achievement Award,text,Grammy Lifetime Achievement Award,music,634-2
477,Who was owner of the Chicago Fire Football Club?,Q308683,Chicago Fire Soccer Club,Q6211110,Joe Mansueto,infobox,Joe Mansueto,soccer,158-3
1861,Who wrote The Vicomte of Bragelonne: Ten Years Later?,Q769001,The Vicomte of Bragelonne: Ten Years Later,Q38337,Alexandre Dumas,kb,Alexandre Dumas,books,620-2
276,"How many minutes the running time of the ""Joker"" movie?",Q42759035,Joker,122 minutes,122 minutes,infobox,122 minutes,movies,92-0
3839,What is the name of the villain in the movie Iron Man 2?,Q205028,Iron Man 2,Q23900364,Ivan Vanko,text,Ivan Vanko,movies,1302-0
306,Who Story by man of steel?,Q622769,Man of Steel,Q25191,Christopher Nolan,kb,Christopher Nolan,movies,102-0
886,What is the full name of Michael Jackson?,Q2831,Michael Jackson,Q2831,Michael Jackson,kb,Michael Joseph Jackson,music,295-0
783,When was the author of Mirrorshades born?,Q312995,Bruce Sterling,1954-04-14T00:00:00Z,14 April 1954,kb,14 April 1954,books,260-4
3156,Name the character played by the actor Robin Williams in the play Waiting for Godot.,Q83338,Robin Williams,Q5401769,Estragon,table,Estragon,movies,1072-1
555,Which is the last album of the singer Britney Spears?,Q11975,Britney Spears,Q26213106,Glory,table,Glory,music,184-4
1399,what is genre of the Arrow TV series?,Q552314,Arrow,Q336059,science fiction television series,infobox,science fiction television series,tvseries,466-1
1772,Where did J. M. Coetzee relocated in 1962?,Q43293,J. M. Coetzee,Q145,United Kingdom,text,United Kingdom,books,590-3
3832,What is the full name of Ronaldinho?,Q39444,Ronaldinho,Q19819804,Ronaldo,infobox,Ronaldo de Assis Moreira,soccer,1299-0
663,how many total pages of The Mirror and the Light book?,Q7751674,The Mirror and the Light,784,784,table,784,books,220-4
2381,The Beatless band originated from witch country?,Q1299,The Beatles,Q145,United Kingdom,infobox,United Kingdom,music,794-3
2236,Who is the creator of the TV series The Family Man?,Q85807149,The Family Man,Q7285337,Raj Nidimoru and Krishna D.K.,infobox,Raj Nidimoru and Krishna D.K.,tvseries,746-0
37,what genre of Love and Monsters movie?,Q62761126,Love and Monsters,Q471839,science fiction film,kb,science fiction film,movies,12-1
2326,Stranger Things was released in?,Q19798734,Stranger Things,Q28678769,"Stranger Things, season 1",infobox,Netflix,tvseries,776-1
4236,What school district was it part of?,Q4647211,A.J. Moore Academy,Q7958851,Waco Independent School District,infobox,Waco Independent School District,music,1434-4
393,With which author did he collaborate on the most books?,Q578031,Jerry Pournelle,Q316610,Larry Niven,text,Larry Niven,books,130-3
3329,"What is a ""Don Quixote"" novel's genre?",Q480,Don Quixote,Q1159457,chivalric romance,infobox,chivalric romance,books,1130-3
4876,Who is the author of the Novel The White Tiger?,Q2301826,The White Tiger,Q296299,Aravind Adiga,text,Aravind Adiga,books,1650-1
3566,what is the genre of The Sound and the Fury book?,Q135515,The Sound and the Fury,Q276709,Southern Gothic,text,Southern Gothic,books,1210-1
4089,No. of James bond movie did John Barry composed?,Q111074,John Barry,11,11,text,11,music,1385-0
2828,"What was main subject of the movie ""The Dark Knight""?",Q163872,The Dark Knight,Q7283,terrorism,kb,terrorism,movies,962-2
2862,what is the Ethinic Group of madonna?,Q1744,Madonna,Q857880,French Canadian,text,French Canadian;Italian American,music,974-1
1793,What is the full name of Dele Alli?,Q10553748,Dele Alli,Bamidele Jermaine Alli,Bamidele Jermaine Alli,kb,Bamidele Jermaine Alli,soccer,598-0
2733,In which city was Gregory W. Brown born?,Q41749523,Gregory W. Brown,Q990504,Exeter,infobox,"Exeter, New Hampshire",books,930-3
4033,who is the screenwriter of Lucifer series?,Q19520525,Lucifer,Q541899,Tom Kapinos,infobox,Tom Kapinos,tvseries,1366-2
2248,"Who is the protagonist of ""Ready Player One?""",Q3906523,Ready Player One,Q3906523,Ready Player One,text,Wade Watts,books,750-0
4525,Who wrote the music for The Goodbye Girl?,Q679746,The Goodbye Girl,Q331664,John Frizzell,infobox,John Frizzell,movies,1532-2
2140,First movie in airplane-in-trouble series in 1970?,Q409022,Airport,Q409022,Airport,text,Airport,movies,713-0
3777,How old was John Grisham when his novel A Time to Kill was published?,Q1213715,A Time to Kill,34,34,kb,34,books,1280-4
1098,who is the actor played as Sheldon Sampson/The Utopian in Tv series Jupiter's Legacy?,Q65120863,Jupiter's Legacy,Q19794,Josh Duhamel,infobox,Josh Duhamel,tvseries,366-0
101,In which movie did the actor Gregory Peck make his first debut?,Q108366,Gregory Peck,Q2055886,Days of Glory,text,Days of Glory,movies,33-0
4738,What is the place where the band Linkin Park was formed?,Q261,Linkin Park,Q395793,Agoura Hills,text,Agoura Hills,music,1604-1
1856,Where did Nick Rimando get his degree?,Q1356730,Nick Rimando,Q174710,"University of California, Los Angeles",kb,"University of California, Los Angeles",soccer,618-3
1865,Who starred as Superman in the first Superman movie?,Q213053,Superman,Q174311,Christopher Reeve,text,Christopher Reeve,movies,622-0
4652,What is the date of birth of the Larry Mullen Jr.?,Q814065,Larry Mullen Jr.,1961-10-31T00:00:00Z,31 October 1961,infobox,31 October 1961,music,1574-4
1080,What is the year the first book of the series Earth's Children published?,Q999222,Earth's Children hexalogy,1980-01-01T00:00:00Z,1980,table,1980,books,360-0
1774,On which date was disgrace published?,Q958560,Disgrace,1999-07-01T00:00:00Z,1 July 1999,kb,1 July 1999,books,591-0
1106,How many goals N'Golo Kanté scored for Chelsea F.C.?,Q16665941,N'Golo Kant\u00E9,13,13,text,13,soccer,368-2
785,When was the first Dune film released?,Q114819,Dune,1984-12-14T00:00:00Z,14 December 1984,kb,14 December 1984,movies,262-0
1918,For which country did Aleksandr Kerzhakov played?,Q201866,Aleksandr Kerzhakov,Q159,Russia,text,Russia,soccer,639-0
167,What is the debut date of the album LSD?,Q60741532,LSD,2019-04-12T00:00:00Z,12 April 2019,text,12 April 2019,music,55-0
16,What is the award received in 2001 by the Queen Band?,Q15862,Queen,Q179191,Rock and Roll Hall of Fame,text,Rock and Roll Hall of Fame,music,4-4
1960,Who is the actor played Bruce Nolan in the movie Bruce Almighty?,Q207816,Bruce Almighty,Q40504,Jim Carrey,kb,Jim Carrey,movies,653-0
1548,what is the genre of the TV show The Tunnel?,Q15104549,The Tunnel,Q85133165,LGBTI+ related TV series,infobox,"drama television series,LGBTI+ related TV series",tvseries,516-1
340,who distributes the flim tom and jerry?,Q65921361,Tom & Jerry,Q8016302,Warner Bros. Pictures,infobox,Warner Bros. Pictures,movies,112-4
77,How many members did U2 band have?,Q396,U2,5,5,kb,5,music,25-0
109,What is the total number of seasons in the TV series Breaking Bad?,Q1079,Breaking Bad,5,5,kb,5,tvseries,36-1
4561,What is the reason behind Vande Mataram album?,Q12452104,Vande Mataram,to commemorate 50 years of Indian Independence in 1997,to commemorate 50 years of Indian Independence in 1997,text,to commemorate 50 years of Indian Independence in 1997,music,1544-2
1377,What was the founding date for Tottenham Hotspur F.C.?,Q18741,Tottenham Hotspur F.C.,1882-09-05T00:00:00Z,5 September 1882,kb,05 September 1882,soccer,458-3
3560,Who was the head coach of the New York City Football club?,Q13361030,New York City FC,Q24082703,Dom\u00E8nec Torren,kb,Domènec Torren,soccer,1208-1
2468,the eagles band started in which year?,Q189635,Eagles,1971-01-01T00:00:00Z,1971,infobox,1971,music,824-0
2343,What is the release date of the movie Sooryavanshi?,Q61994951,Sooryavanshi,2021-11-05T00:00:00Z,5 November 2021,text,5 November 2021,movies,782-0
2222,In which year did the IIT Delhi established?,Q1194650,Indian Institute of Technology Delhi,1961-01-01T00:00:00Z,1961,infobox,1961,books,740-3
2241,TV series The Family Man created by?,Q85807149,The Family Man,Q7285337,Raj Nidimoru and Krishna D.K.,infobox,Raj Nidimoru and Krishna D.K.,tvseries,747-0
1826,What number of appearances has Andrea Pirlo made for the football club New York City FC?,Q13361030,New York City FC,62,62,table,62,soccer,608-3
2334,The team Real Madrid is from?,Q8682,Real Madrid C.F.,Q6362982,Real Madrid CF,kb,Spain,soccer,778-3
3858,Who was the captain of Manchester United F.C. when they won the 1999 FA cup?,Q18656,Manchester United F.C.,Q188632,Roy Keane,table,Roy Keane,soccer,1308-1
2170,David Lynch's first movie?,Q2071,David Lynch,Q11618,Eraserhead,text,Eraserhead,movies,723-0
119,What country did Raúl González represent in football?,Q11576,Ra\u00FAl,Q29,Spain,table,Spain,soccer,39-0
2789,Which nation's team did the soccer player Pelé play for?,Q12897,Pel\u00E9,Q155,Brazil,infobox,Brazil,soccer,949-0
1881,In what year was Richard Matheson born?,Q325130,Richard Matheson,1926-01-01T00:00:00Z,1926,infobox,1926,tvseries,626-4
2333,Cristiano Ronaldo was often called as?,Q11571,Cristiano Ronaldo,Q5013812,CR7,kb,CR7,soccer,778-2
2445,Who composed the Star Trek: Voyager theme song?,Q156329,Star Trek: Voyager,Q235077,Jerry Goldsmith,infobox,Jerry Goldsmith,tvseries,816-1
952,What is the character name of Patrick J. Adams in the show Suits?,Q370185,Suits,Q18509257,Mike Ross,text,Mike Ross,tvseries,317-0
68,What book the movie The Social Network based on?,Q185888,The Social Network,Q2977762,The Accidental Billionaires,kb,The Accidental Billionaires,movies,22-2
713,Which club team did Kevin De Bruyne represent currently?,Q357984,Kevin De Bruyne,Q50602,Manchester City F.C.,infobox,Manchester City F.C.,soccer,238-0
3533,When did Chris Wondolowski's last team founded?,Q1077877,Chris Wondolowski,1994-06-15T00:00:00Z,15 June 1994,infobox,15 June 1994,soccer,1198-3
4572,what is Kylian Mbappé age when he became the youngest French player to score at a World Cup?,Q21621995,Kylian Mbapp\u00E9,18,18,text,18,soccer,1548-1
4649,Which is the origin place of the band U2?,Q396,U2,Q1761,Dublin,infobox,Dublin,music,1574-1
351,Who composes tv series Alice in Borderland?,Q103967305,Alice in Borderland,Q11470666,Yutaka Yamada,text,Yutaka Yamada,tvseries,116-3
1809,What is the movie starring Alicia Silverstone that won her a multi-million dollar Colombia Pictures deal?,Q199945,Alicia Silverstone,Q931165,Clueless,text,Clueless,movies,602-4
1654,language of work of the book Lord of the Flies?,Q271764,Lord of the Flies,Q1860,English,text,English,books,551-0
4340,which year did the character of Jeeves appear first in a book?,Q521812,Jeeves,1915-01-01T00:00:00Z,1915,kb,1915,books,1470-0
3736,Who is the production company behind the TV series Locke & Key?,Q56274745,Locke & Key,Q3146596,IDW Publishing,table,IDW Publishing,tvseries,1266-4
4954,Who is the director of Hellbound tv series?,Q100934044,Hellbound,Q19947205,Yeon Sang-ho,kb,Yeon Sang-ho,tvseries,1676-0
2190,Where was Dante Alighieri born?,Q1067,Dante Alighieri,Q2044,Florence,text,Florence,books,730-1
4108,Who wrote the screenplay for the 1979 science fiction horror film Alien?,Q103569,Alien,Q498430,Dan O'Bannon,kb,Dan O'Bannon;Ronald Shusett,movies,1392-0
1741,How many James Bond novels did Ian Fleming author?,Q17437798,good article,Q2009573,James Bond,text,12,books,580-2
4917,What's the name of the North by Northwest's director?,Q223139,North by Northwest,Q7374,Alfred Hitchcock,kb,Alfred Hitchcock,movies,1663-0
4263,What is the award received in 2003 by Eminem?,Q5608,Eminem,Q112243,Academy Award for Best Original Song,text,Academy Award for Best Original Song,music,1444-1
2989,who is the creator of Emily in Paris ?,Q64584978,Emily in Paris,Q452063,Darren Star,infobox,Darren Star,tvseries,1016-2
2147,What beloved TV character was played by Mary Tyler Moore after she starred in The Dick Van Dyke Show?,Q615944,The Mary Tyler Moore Show,Q6780602,Mary Richards,kb,Mary Richards,tvseries,716-0
238,which club did he  join after FC Barcelona?,Q615,Lionel Messi,Q7156,FC Barcelona,text,FC Barcelona,soccer,78-4
2068,Who captains the French soccer team and the club Tottenham Hotspur?,Q47774,France national association football team,Q1907,Hugo Lloris,table,Hugo Lloris,soccer,689-0
1092,When did music director Ilaiyaraaja born?,Q2720141,Ilaiyaraaja,1943-06-02T00:00:00Z,2 June 1943,kb,2 June 1943,music,364-0
4281,Who wrote the book Untouchable?,Q3641802,Untouchable,Q732434,Mulk Raj Anand,infobox,Mulk Raj Anand,books,1450-1
1120,who is the composer of The Call of the Wild movie?,Q57982258,The Call of the Wild,Q313540,John Powell,text,John Powell,movies,372-4
4645,Who is the director of the The Hobbit: The Desolation of Smaug?,Q719915,The Desolation of Smaug,Q4465,Peter Jackson,infobox,Peter Jackson,movies,1572-3
1719,What is the publication date of the aws movie?,Q189505,Jaws,1975-06-20T00:00:00Z,20 June 1975,infobox,20 June 1975,movies,572-4
601,"What is a ""The Great Gatsby"" novel's genre?",Q214371,The Great Gatsby,Q80930,tragedy,infobox,tragedy,books,200-2
782,What is the nationality of the author of Mirrorshades?,Q312995,Bruce Sterling,Q30,United States of America,kb,United States of America,books,260-3
2565,What was Carly Simon's first album?,Q3660196,Carly Simon,Q181683,Carly Simon,text,Carly Simon,music,864-4
3316,"Who was the music director of the series ""Mare of Easttown""?",Q61040213,Mare of Easttown,Who was the music director of the series,Who was the music director of the series,infobox,Lele Marchitelli,tvseries,1126-2
1800,What was William Faulkner's last novel?,Q38392,William Faulkner,Q3233504,The Reivers,text,The Reivers,books,600-1
3632,Who played the voice actor for Batman in the movie Batman: Death in the Family?,Q98537283,Batman: Death in the Family,Q342788,Bruce Greenwood,infobox,Bruce Greenwood,movies,1232-2
383,Which actor played Maurice Moss in The IT Crowd?,Q239672,The IT Crowd,Q1333118,Richard Ayoade,text,Richard Ayoade,tvseries,127-0
457,"Which novel based on ""Die Hard"" movie?",Q105598,Die Hard,Q7062779,Nothing Lasts Forever,text,Nothing Lasts Forever,movies,152-1
2483,What is the Cristiano Ronaldo sport number?,Q11571,Cristiano Ronaldo,7,7,infobox,7,soccer,828-3
1130,who is the creator of Peaky Blinders series?,Q14944179,Peaky Blinders,Q1337354,Steven Knight,text,Steven Knight,tvseries,376-2
1808,Which actress played the role of The Princess of France in the film Love's Labour's Lost?,Q2064278,Love's Labour's Lost,Q199945,Alicia Silverstone,text,Alicia Silverstone,movies,602-3
4099,Which is Mesut Özil's specialty position in team?,Q83488,Mesut \u00D6zil,Q90326494,attacking midfielder,kb,attacking midfielder,soccer,1388-3
3865,Who is the author of The Dark Room?,Q7728990,The Dark Room,Q334252,R. K. Narayan,text,R. K. Narayan,books,1310-2
3254,Who is the founder of the Mehboob Studio?,Q15252736,Mehboob Studio,Q55409,Mehboob Khan,infobox,Mehboob Khan,music,1104-3
3465,What are the names of Duffer Brothers?,Q26097618,Duffer Brothers,Q28830394,Matt Duffer,kb,Matt Duffer;Ross Duffer,tvseries,1176-1
287,Singer of the song Into You?,Q24026109,Into You,Q151892,Ariana Grande,text,Ariana Grande,music,95-0
1777,Which is the debut movie of Hussain Dalal as actor?,Q16728338,Hussain Dalal,Q17023347,Bring on the Night,text,Bring On the Night,movies,592-2
3976,genre the TV series Person of Interest?,Q564345,Person of Interest,Q5937792,Crime fiction,infobox,Crime fiction,tvseries,1347-0
2852,Who founded Azkaban in harry potter?,Q715509,Azkaban,Q10269234,Damocles Rowle,text,Damocles Rowle,books,970-3
2161,Who is the main character in the The Girl Who Played with Fire?,Q1137369,The Girl Who Played with Fire,Q1191282,Lisbeth Salander,kb,Lisbeth Salander,books,720-2
1635,What is the record duration of Run the Jewels 3?,Q28127628,Run the Jewels 3,January 2015;September 2016,January 2015;September 2016,infobox,January 2015;September 2016,music,544-4
4577,Which is the first book of the novel series Little House on the Prairie?,Q5400672,Little House on the Prairie,Q7173181,Little House in the Big Woods,table,Little House in the Big Woods,books,1550-0
36,which country of origin the movie Monster Problems has?,Q62761126,Love and Monsters,Q30,United States of America,kb,United States of America,movies,12-0
1756,"Which American singer, songwriter and dancer was dubbed the ""King of Pop""?",Q17437796,featured article,Q2831,Michael Jackson,text,Michael Jackson,music,585-0
4245,Who earned the most goals in 2017?,Q13361030,New York City FC,Q83006,David Villa,table,David Villa,soccer,1438-1
1902,What is the genre of the music by  André Previn?,Q155712,Andr\u00E9 Previn,Q8341,Jazz,text,jazz,music,634-1
1497,Who was the kit manufacturer of Chelsea Football Club from 1981 to 1983?,Q9616,Chelsea F.C.,Q1066156,Le Coq sportif,table,Le Coq Sportif,soccer,498-4
2975,Who are the stars of the Disney movie Stargirl?,Q57474414,Stargirl,Q26897673,Grace VanderWaal,text,Grace VanderWaal;Graham Verchere,movies,1012-0
4341,When was the last appearance of the character Jeeves?,Q521812,Jeeves,1974-01-01T00:00:00Z,1974,infobox,1974,books,1470-1
3995,What is the release date of the album Made in India in CD form?,Q18127630,Made in India,1995-05-08T00:00:00Z,8 May 1995,kb,8 May 1995,music,1354-0
3456,What is Julia Robert's date of birth?,Q40523,Julia Roberts,1967-10-28T00:00:00Z,28 October 1967,infobox,28 October 1967,movies,1172-4
2426,Who published The Bluest Eye?,Q1069956,The Bluest Eye,Q21809817,"Holt, Rinehart, and Winston",infobox,"Holt, Rinehart and Winston",books,810-0
2900,What is the current season number of Saturday Night Live?,Q13979,Saturday Night Live,47,47,infobox,47,tvseries,986-2
2964,What is the height of the soccer player Eden Hazard?,Q214204,Eden Hazard,1.75 m,1.75 m,infobox,1.75 m,soccer,1008-1
2951,Who wrote the movie Shershaah?,Q65065643,Shershaah,Sandeep Shrivastava,Sandeep Shrivastava,kb,Sandeep Shrivastava,movies,1003-0
4870,How many goals Diego Maradona scored for Boca Juniors?,Q17515,Diego Maradona,30,30,table,30,soccer,1648-1
3027,Where did he play college soccer?,Q356072,Jay DeMerit,Q955764,University of Illinois at Chicago,text,University of Illinois Chicago,soccer,1028-4
2757,How many matches have Zinedine Zidane played for France national football team?,Q1835,Zinedine Zidane,108,108,infobox,108,soccer,938-3
2941,What is the publication date of the novel The Colour of Magic?,Q32136,The Colour of Magic,1983-11-24T00:00:00Z,24 November 1983,infobox,24 November 1983,books,1000-1
207,Which award did soccer player Kylian Mbappé get in the year 2017?,Q21621995,Kylian Mbapp\u00E9,Q1588911,Golden Boy,kb,Golden Boy,soccer,68-3
3167,How many episodes of the TV series Only Connect are there as of 26 July 2021?,Q7094164,Only Connect,375,375,infobox,375,tvseries,1076-0
4489,What year was Dan Brown born?,Q7345,Dan Brown,1964-01-01T00:00:00Z,1964,kb,1964,books,1520-1
303,Who director of Shawshank Redemption?,Q172241,The Shawshank Redemption,Q295445,Frank Darabont,infobox,Frank Darabont,books,100-3
2180,Who was the director of the first season of True Detective?,Q7847400,True Detective,Q512103,Cary Joji Fukunaga,text,Cary Joji Fukunaga,tvseries,726-3
2373,who is the perfomer in avatar?,Q24871,Avatar,Q106221,James Horner,infobox,James Horner,movies,792-0
2859,who was the editor in Interstellar?,Q13417189,Interstellar,Q1811998,Lee Smith,text,Lee Smith,movies,972-4
4744,What is the name of the character played by actress Anna Paquin in the TV series True Blood?,Q199884,Anna Paquin,Q2624424,Sookie Stackhouse,kb,Sookie Stackhouse,tvseries,1606-1
549,Who is the director of the movie Dilwale Dulhania Le Jayenge?,Q849343,Dilwale Dulhania Le Jayenge,Q357608,Aditya Chopra,text,Aditya Chopra,movies,182-4
224,Was the song on the D12 album Shit on you?,Q1206872,Devil's Night,No,No,text,No,music,74-2
971,what is Justin Bieber date of birth?,Q34086,Justin Bieber,1994-03-01T00:00:00Z,1 March 1994,text,1 March 1994,music,324-0
4248,Who was the architect of the stadium?,Q5839304,Escuela de F\u00FAtbol de Mareo,Q6014234,Miguel D\u00EDaz Negrete,kb,Miguel Díaz Negrete,soccer,1438-4
2285,How much was The Girl with the Dragon Tattoo's box office?,Q17437798,good article,Q474093,The Girl with the Dragon Tattoo,infobox,$239.3 million,movies,762-2
1075,What was the league of the Charlotte Football Club?,Q78944434,Charlotte FC,Q18543,Major League Soccer,kb,Major League Soccer,soccer,358-1
915,Where did Composer Ennio Morricone born on?,Q23848,Ennio Morricone,Q220,Rome,infobox,Rome,music,304-4
3955,what is the main subject of Crime and Punishment book?,Q165318,Crime and punishment,Q132821,murder,text,murder,books,1340-2
2207,What is the country of origin of the TV series Coupling?,Q1137587,Coupling,Q145,United Kingdom,infobox,United Kingdom,tvseries,736-0
1317,Who was Paris Saint-Germain F.C. founded by?,Q483020,Paris Saint-Germain F.C.,Q3121690,Guy Crescent,kb,Guy Crescent,soccer,438-3
3744,"Who wrote ""Jane Eyre"" novel?",Q182961,Jane Eyre,Q127332,Charlotte Bront\u00EB,kb,Charlotte Brontë,books,1270-0
759,What countries is Mel Gibson a citizen of?,Q42229,Mel Gibson,Q30,United States of America,infobox,United States;Ireland,movies,252-4
727,What is the date of birth of the actress Meryl Streep?,Q873,Meryl Streep,1949-06-22T00:00:00Z,22 June 1949,kb,22 June 1949,movies,242-2
920,"Who directs the episode ""Glorious Purpose"" in the tv series Loki?",Q106975347,Kate Herron,Q64349029,Loki,table,Kate Herron,tvseries,306-3
933,In which place was Margaret Mitchell buried?,Q173540,Margaret Mitchell,Q2008469,Oakland Cemetery,kb,Oakland Cemetery,books,310-4
1196,Date of birth of the Luka Modric ?,Q483837,Luka Modri\u0107,1985-09-09T00:00:00Z,9 September 1985,infobox,9 September 1985,soccer,398-2
531,What created the language for the movie Elite Tv Series?,Q53000974,Elite,Q1321,Spanish,,Spanish,tvseries,176-3
2731,Who is the writer of the book Digital Fortress?,Q207964,Digital Fortress,Q7345,Dan Brown,text,Dan Brown,books,930-1
4755,Who wrote the novel Exodus?,Q1384109,Exodus,Q269129,Leon Uris,infobox,Leon Uris,books,1610-0
1942,What was the actors name who played Zack Morris in Saved by the Bell?,Q1026823,Saved by the Bell,Q719330,Mark-Paul Gosselaar,kb,Mark-Paul Gosselaar,tvseries,647-0
2510,What team won the gold medal for soccer in the men's division in the 2020 Summer Olympics?,Q61056311,football at the 2020 Summer Olympics \u2013 men's tournament,Q899189,Brazil Olympic football team,infobox,Brazil,soccer,838-0
144,Who's the head coach of Real Madrid?,Q8682,Real Madrid C.F.,Q174614,Carlo Ancelotti,infobox,Carlo Ancelotti,soccer,48-0
1545,What is the social media followers of the gang of four in twitter?,Q1130624,Gang of Four,"11,708","11,708",infobox,"11,708",music,514-4
875,Who directed The Mummy?,Q202508,The Mummy,Q363402,Stephen Sommers,kb,Stephen Sommers,movies,292-0
2100,What is the name of the last Percy Jackson & the Olympians book?,Q213167,Percy Jackson & the Olympians,Q2077641,The Last Olympian,kb,The Last Olympian,books,700-1
2234,Has A. R. Rahman awarded by Padma Bhushan in 2010 by Indian Governement?,Q108560,A. R. Rahman,Yes,Yes,text,Yes,music,744-4
1469,Who wrote The Hunger Games?,Q11678,The Hunger Games,Q228624,Suzanne Collins,infobox,Suzanne Collins,books,490-0
4925,Who played Ethel Mertz in the TV series I Love Lucy?,Q5403172,Ethel Mertz,Q271871,Vivian Vance,text,Vivian Vance,tvseries,1666-1
1276,Who is the owner of Metacritci?,Q150248,Metacritic,Q7305191,Red Ventures,infobox,Red Ventures,music,424-4
312,Britney Spears has how many band members?,Q11975,Britney Spears,6,6,kb,6,music,104-0
263,Who directed the TV series Dark?,Q28443710,Dark,Q2883803,Baran bo Odar,infobox,Baran bo Odar,tvseries,87-0
589,Who broadcast the tv series Hanna?,Q4740856,Amazon Prime Video,Q48102683,Hanna,infobox,Amazon Prime Video,tvseries,196-2
736,What is Gordon Matthew Thomas Sumner famously known as in the music industry?,Sting,Sting,Q483203,Sting,text,Sting,music,245-0
2130,Who starred as the title character in the movie adaptation of the book Carrie?,Q39829,Stephen King,Q190994,Sissy Spacek,kb,Sissy Spacek,books,710-1
311,Who is the hero in Man of Steel's story?,Q622769,Man of Steel,Q25191,Christopher Nolan,kb,Christopher Nolan,movies,103-0
1045,What is the height of the soccer player Luis Suárez?,Q26517,Luis Su\u00E1rez,1.82 m,1.82 m,infobox,1.82 m,soccer,348-2
1062,"What was the genre of the song ""I am not a woman, I’m a god""?",Q108822278,"I Am Not a Woman, I'm a God","Rock,Pop","Rock,Pop",infobox,"Rock,Pop",music,354-1
3071,How many Academy Awards did John Williams received?,Q131285,John Williams,5,5,kb,5,music,1044-0
1602,In which year was the singer Prince's sixth album Purple Rain released?,Q7542,Prince,1984-01-01T00:00:00Z,1984,text,1984,music,534-1
404,What is the title of his first studio album?,Q3626950,Zayn Malik,Q22965873,Mind of Mine,text,Mind of Mine,music,134-2
2056,What is the name of the band that produced the single My Generation in year 1965?,Q8353114,My Generation,Q93346,The Who,text,The Who,music,685-0
2876,Highest league in Barcelona?,Q1492,Barcelona,Yes,Yes,text,Yes,soccer,978-2
781,How many stories are there in Mirrorshades?,Q2085020,Mirrorshades,12,12,text,12,books,260-2
2461,"Author of ""It"" novel?",Q602288,It,Q39829,Stephen King,infobox,Stephen King,books,821-0
4886,Name of Second part of Baahubali movie?,Q13897247,Baahubali: The Beginning,Q21001674,Baahubali 2: The Conclusion,kb,Baahubali 2: The Conclusion,movies,1653-0
4070,which is the country for sport in Karim Benzema?,Q1912,Karim Benzema,Q142,France,infobox,France,soccer,1378-4
3750,What is the name of the Minari film director?,Q65679599,Minari,Q6514075,Lee Isaac Chung,infobox,Lee Isaac Chung,movies,1272-1
4312,"What was media type of the book ""Under the Volcano""?",Q1570020,Under the Volcano,Q59520170,Print,infobox,Print,books,1460-2
4530,Where was Michael Jackson born?,Q2831,Michael Jackson,Q184116,Gary,infobox,"Gary, Indiana",music,1534-1
3555,"How many number of seasons in the series ""House of Cards""?",Q3330940,House of Cards,6,6,infobox,6,tvseries,1206-2
530,When will the Elite Tv Series be released?,Q53000974,Elite,2018-10-05T00:00:00Z,5 October 2018,infobox,5 October 2018,tvseries,176-2
1931,What year was Elvis Presley born?,Q303,Elvis Presley,1935-01-01T00:00:00Z,1935,text,1935,music,644-0
2495,What company produced The Santa Clause 2?,Q1469426,The Santa Clause 2,Q191224,Walt Disney Pictures,kb,Walt Disney Pictures,movies,832-3
328,What is Neymar's sport number?,Q142794,Neymar,10,10,kb,10,soccer,108-4
149,What's the name of Real Madrid's head coach?,Q8682,Real Madrid C.F.,Q174614,Carlo Ancelotti,infobox,Carlo Ancelotti,soccer,49-0
1477,Who wrote the music for Ordinary People?,Q503313,Ordinary People,Q337206,Marvin Hamlisch,infobox,Marvin Hamlisch,movies,492-2
3236,where is the HQ of Manchester United F.C. located?,Q18656,Manchester United F.C.,Q21,England,infobox,England,soccer,1098-3
1824,Andrea Pirlo joined the club Juventus in which year?,Q43926,Andrea Pirlo,2011-01-01T00:00:00Z,2011,table,2011,soccer,608-1
427,What is actor Sean Connery's birth place?,Q4573,Sean Connery,Q5474828,Fountainbridge,kb,Fountainbridge;Edinburgh,movies,142-1
2640,How many volumes are there in Earth's Children book series?,Q999222,Earth's Children hexalogy,6,6,kb,6,books,900-0
3173,Who captained the football club Chelsea in the 2012 Champions League final?,Q9616,Chelsea F.C.,Q41533,Frank Lampard,text,Frank Lampard,soccer,1078-0
865,What is the first year the Kansas City Wizards competed in the MLS Cup?,Q329812,Sporting Kansas City,2004-01-01T00:00:00Z,2004,text,2004,soccer,288-2
1311,What series was a spin-off of Dallas?,Q168708,Dallas,Q640535,Knots Landing,text,Knot's Landing,tvseries,436-3
1170,What year was the invisible man book released ?,Q1784288,Invisible Man,1952-01-01T00:00:00Z,1952,text,1952,books,390-0
1339,what is the Nationality of Alba August?,Q16159216,Alba August,Q34,Sweden,kb,Sweden,tvseries,446-1
2195,In which year was film The Lion King released?,Q27044293,The Lion King,2019-01-01T00:00:00Z,2019,infobox,2019,movies,732-0
2805,who was the vocal artist of Toosie slide song?,Q92748215,Toosie Slide,Q89324673,Toosie Slide,table,Drake,music,954-3
1849,Was Will & Grace in the NBC's Must See TV lineup?,Q212135,Will & Grace,Yes,Yes,text,Yes,tvseries,616-2
3556,"What was the original network of the series ""House of Cards""?",Q3330940,House of Cards,Q63523678,Netflix,infobox,Netflix,tvseries,1206-3
813,"What awards received this novel ""Midnight's Children""?",Q625764,Midnight's Children,Q160082,Man Booker Prize,kb,"Booker Prize,James Tait Black Memorial Prize",books,270-4
78,Who played the Vanessa Van Helsing role in Van Helsing Tv series?,Q23787669,Van Helsing,Q461131,Kelly Overton,text,Kelly Overton,tvseries,26-0
708,Who played as Rust Cohle in True Detective Tv series?,Q7847400,True Detective,Q188955,Matthew McConaughey,kb,Matthew McConaughey,tvseries,236-1
1164,Who won the 2018 FIFA World Cup?,Q170645,2018 FIFA World Cup,Q47774,France national association football team,infobox,France national football team,soccer,388-0
120,Who wrote Slaughterhouse-Five?,Q265954,Slaughterhouse-Five,Q49074,Kurt Vonnegut,text,Kurt Vonnegut,books,40-0
470,"How many seasons of the ""Emily in Paris"" series?",Q64584978,Emily in Paris,2,2,infobox,2,tvseries,156-2
3460,Which year was The Bangles formed?,Q214418,The Bangles,1981-01-01T00:00:00Z,1981,kb,1981,music,1174-2
4430,"Who wrote ""Ulysses"" novel?",Q6511,Ulysses,Q6882,James Joyce,kb,James Joyce,books,1500-0
567,Who is the head coach of the Germany national football team?,Q43310,Germany national association football team,Q577384,Hansi Flick,infobox,Hansi Flick,soccer,188-4
301,When was Hayworth and Shawshank Redemption?,Q39829,Stephen King,1994-09-23T00:00:00Z,23 September 1994,kb,23 September 1994,books,100-1
3438,What city is its headquarters located in?,Q76846862,ViacomCBS,Q60,New York City,infobox,"New York, NY",tvseries,1166-4
3517,The screenplay of Ghostbusters was written by who?,Q108745,Ghostbusters,Q105221,Dan Aykroyd,kb,Dan Aykroyd;Harold Ramis,movies,1193-0
4348,Who is the director of the third film in the Bourne series?,Q868683,Bourne,Q356275,Paul Greengrass,table,Paul Greengrass,movies,1472-2
646,In which year did the band Coldplay formed?,Q45188,Coldplay,1996-01-01T00:00:00Z,1996,text,1996,music,215-0
3781,In which country was Viggo Mortensen born?,Q171363,Viggo Mortensen,Q1378026,Watertown,infobox,United States,movies,1282-2
2701,"What was the another name of the novel ""Moby-Dick""?",Q174596,Moby-Dick,Q87925060,The Whale,text,The Whale,books,920-1
524,Selena Gomez's music genre?,Q37073,pop music,Q484641,pop rock,table,"pop rock, electropop, dance-pop",music,174-2
855,Who joined Pink Floyd in 1967?,Q2306,Pink Floyd,Q178517,David Gilmour,text,David Gilmour,music,284-4
1481,Where is Gordon Lightfoot from?,Q359552,Gordon Lightfoot,Q1904,Ontario,infobox,"Ontario, Canada",music,494-0
407,"Performer of ""Best Song Ever?""",Q14180932,Best Song Ever,Q146027,One Direction,infobox,One Direction,music,135-0
3404,Who is the developer of TV series The Good Doctor?,Q29908604,The Good Doctor,Q434272,David Shore,infobox,David Shore,tvseries,1156-0
4260,What is the original language of the movie Venom: Let There Be Carnage?,Q60498064,Venom: Let There Be Carnage,Q1860,English,text,English,movies,1442-4
2048,What is the film which won Cate Blanchett the Oscar for best actress in 2014?,Q80966,Cate Blanchett,Q2907178,Blue Jasmine,table,Blue Jasmine,movies,682-3
2571,Where does Three's Company take place?,Q245996,Three's Company,Q47164,"Santa Monica, California",text,"Santa Monica, CA",tvseries,866-4
2687,what genre of the Someone You Loved song?,Q60768202,Someone You Loved,Q37073,pop music,kb,pop music,music,915-0
2993,which period of using adidas kits at Manchester United F.C.?,Q18656,Manchester United F.C.,2015;2021,2015;2021,table,2015;2021,soccer,1018-0
847,What year was Kramer vs. Kramer released?,Q193577,Kramer vs. Kramer,1979-01-01T00:00:00Z,1979,infobox,1979,movies,282-2
2451,Who is the captain for The Belgium national football team?,Q166776,Belgium national football team,Q214204,Eden Hazard,infobox,Eden Hazard,soccer,818-1
3897,When was Joseph Heller born?,Q60,New York City,1923-05-01T00:00:00Z,1 May 1923,text,1 May 1923,books,1320-4
1608,What is the name of the actress playing the role of Betty Cooper in Riverdale?,Q23001951,Riverdale,Q28653501,Lili Reinhart,text,Lili Reinhart,tvseries,536-1
3317,"What was the narrative location of the series ""Mare of Easttown""?",Q61040213,Mare of Easttown,Q1400,Pennsylvania,kb,Pennsylvania,tvseries,1126-3
4510,Who created the show Small Wonder?,Q2347191,Small Wonder,Q28868989,Howard Leeds,infobox,Howard Leeds,tvseries,1527-0
4772,What is the origin of the band Imagine Dragons?,Q391348,Imagine Dragons,Q23768,Las Vegas,text,"Las Vegas, Nevada",music,1615-0
1257,Which club was J1 League's first champion?,Q276445,J1 League,Q620499,Tokyo Verdy,table,Tokyo Verdy,soccer,418-3
1116,Release date The Call of the Wild?,Q57982258,The Call of the Wild,2020-02-21T00:00:00Z,21 February 2020,kb,"February 21, 2020",movies,372-0
1495,Who did Chelsea Football Club lose to in the 1915 FA Cup Final?,Q9616,Chelsea F.C.,Q19607,Sheffield United F.C.,text,Sheffield United,soccer,498-2
3665,On which date was the movie maqbool released in India?,Q542866,Maqbool,2004-01-30T00:00:00Z,30 January 2004,kb,30 January 2004,movies,1243-0
3198,Who played Bo Duke on the TV Show The Dukes of Hazzard?,Q1304408,The Dukes of Hazzard,Q1304408,The Dukes of Hazzard,kb,John Schneider,tvseries,1086-1
3143,Who is the top scorer on the El Salvador national football team?,Q188228,El Salvador national football team,Q2035466,Ra\u00FAl D\u00EDaz Arce,infobox,Raúl Díaz Arce,soccer,1068-0
1107,What is N'Golo Kanté's religion?,Q16665941,N'Golo Kant\u00E9,Q432,Islam,kb,Islam,soccer,368-3
945,What is the album from the band Def Leppard that follows On Through the Night?,Q182890,Def Leppard,Q944387,High 'n' Dry,text,High 'n' Dry,music,314-4
2501,Did John Prine win a Grammy for Fair & Square?,Q520296,John Prine,Yes,Yes,table,Yes,music,834-3
4933,In which country was Raúl Díaz Arce born?,Q2035466,Ra\u00FAl D\u00EDaz Arce,Q792,El Salvador,text,El Salvador,soccer,1668-3
4627,Who was the first head of Warner Bros. Television Distribution?,Q1156642,Warner Bros. Television Studios,Q8019110,William T. Orr,text,William T. Orr,tvseries,1566-2
196,What is the name of Chris Martin and Gwyneth Paltrow's daughter?,Q712860,Chris Martin,Q47493349,Apple Martin,text,Apple Martin,music,64-4
132,Who was Fergie married to in 2009?,Q180004,Fergie,Q19794,Josh Duhamel,infobox,Josh Duhamel,music,44-0
1513,What is the associated label of Surrealistic Pillow?,Q913092,Surrealistic Pillow,Q202585,RCA Records,infobox,RCA Records,music,504-2
778,"In 2015, what team did Christine Sinclair belong to?",Q262802,Christine Sinclair,Q1446672,Portland Thorns FC,text,Portland Thorns,soccer,259-0
1959,When was the movie Bruce Almighty released?,Q207816,Bruce Almighty,2003-05-14T00:00:00Z,14 May 2003,text,14 May 2003,movies,652-4
3184,Who wrote the stories about Detective Hercule Poirot?,https://en.wikipedia.org/wiki/Hercule_Poirot#Appearance_and_proclivities,https://en.wikipedia.org/wiki/Hercule_Poirot#Appearance_and_proclivities,Q170534,Hercule Poirot,kb,Agatha Christie,books,1081-0
3968,which country of origin the Music  Avenged Sevenfold?,Q165193,Avenged Sevenfold,Q19971019,United States of America,kb,United States of America,music,1344-3
2291,"Was ""Pinball Wizard"" on The Who album Tommy?",Q2321342,Pinball Wizard,Yes,Yes,text,Yes,music,764-2
1211,What is the release date of the movie Jumanji?,Q222939,Jumanji,December 15 1995,December 15 1995,kb,December 15 1995,movies,403-0
4499,In which year was the musician Beck born?,Q11901,Beck,1970-01-01T00:00:00Z,1970,infobox,1970,music,1524-0
899,Who is the author of the book The Catcher in the Rye?,Q183883,The Catcher in the Rye,Q79904,J. D. Salinger,text,J. D. Salinger,books,300-0
1390,what is the narrative location of the Shazam movie?,Q23685878,Shazam!,Q64158920,Philadelphia,infobox,Philadelphia,movies,462-4
1558,Harry Kane was born in which country?,Q969725,Harry Kane,Q145,United Kingdom,infobox,United Kingdom,soccer,519-0
2265,"What studio produced the show ""Rugrats?""",Q304290,Rugrats,Q1744498,Klasky Csupo,kb,Klasky Csupo,tvseries,756-0
2541,What number of World Cups has Brazil won in total?,Q19317,FIFA World Cup,5,5,text,5,soccer,848-1
4900,Which position played on team by Neymer?,Q8025128,winger,Q142794,Neymar,kb,winger,soccer,1658-0
3157,What was Robin Williams date of birth?,Q83338,Robin Williams,1951-07-21T00:00:00Z,21 July 1951,kb,21 July 1951,movies,1072-2
3842,Who is the director of Iron Man 3?,Q209538,Iron Man 3,Q726126,Shane Black,infobox,Shane Black,movies,1302-3
4407,What was the next feature film Robert Zemeckis directed after Back to the Future?,Q187364,Robert Zemeckis,Q379873,Who Framed Roger Rabbit,table,Who Framed Roger Rabbit,movies,1492-1
2407,Director of the movie lord of the rings?,Q190214,The Lord of the Rings trilogy,Q4465,Peter Jackson,table,Peter Jackson,movies,803-0
1117,who is the director of The Call of the Wild book?,Q57982258,The Call of the Wild,Q201641,Chris Sanders,infobox,Chris Sanders,movies,372-1
4789,What is the original title of the book War and Peace?,Q161531,War and Peace,Война и миръ,Война и миръ,text,Война и миръ,books,1620-4
537,What is kylian mbappé sport number?,Q21621995,Kylian Mbapp\u00E9,Yes,Yes,kb,"7, 10",soccer,178-4
1940,"Who played the title character in Good Morning, Miss Bliss?",Q639023,"Good Morning, Miss Bliss",Q237805,Hayley Mills,text,Hayley Mills,tvseries,646-3
1684,Adventures of Huckleberry Finn is a sequel to which novel?,Q215410,Adventures of Huckleberry Finn,Q326914,The Adventures of Tom Sawyer,infobox,The Adventures of Tom Sawyer,books,561-0
716,How many games Kevin De Bruyne played for Belgium national football team?,Q357984,Kevin De Bruyne,88,88,table,88,soccer,238-3
3033,What was the award received of the novel Charlotte's Web?,Q45735,Charlotte's Web,Q622813,Newbery Medal,kb,Newbery Medal,books,1030-4
1599,Who was the director of the movie Bridget Jones: The Edge of Reason?,Q843612,Bridget Jones: The Edge of Reason,Q335605,Beeban Kidron,infobox,Beeban Kidron,movies,532-4
4708,How many has part has part of Fleetwood Mac band?,Q106648,Fleetwood Mac,Q435306,Lindsey Buckingham,kb,6,music,1594-1
2706,"How many minutes running time of the movie ""The Godfather""?",Q47703,The Godfather,177 minutes,177 minutes,infobox,177 minutes,movies,922-0
3856,What is the name of the actress who played Lorelai's daughter in the show Gilmore Girls?,Q193462,Gilmore Girls,Q192887,Alexis Bledel,text,Alexis Bledel,tvseries,1307-0
313,Which album by Britney Spears was released first Baby One More Time?,Q11975,Britney Spears,Q155016,...Baby One More Time,table,Baby One More Time,music,104-1
3634,What is the original language of the movie Batman: Death in the Family,Q98537283,Batman: Death in the Family,Q1860,English,text,English,movies,1232-4
604,"Author of ""The Great Gatsby"" novel?",Q214371,The Great Gatsby,Q93354,F. Scott Fitzgerald,infobox,F. Scott Fitzgerald,books,201-0
2746,Which is the associated label of the album Ten?,Q383227,Ten,Q216364,Epic Records,infobox,Epic Records,music,934-4
1876,Who sang lead for the band Queen?,Q15862,Queen,Q15869,Freddie Mercury,text,Freddie Mercury,music,625-0
3929,Which is the production company of the flim Ratatouille?,Q170035,Ratatouille,Q191224,Walt Disney Pictures,infobox,Walt Disney Pictures,movies,1332-0
4434,What is the origin city of Ulysses?,Q6511,Ulysses,Q142,France,infobox,France,books,1500-4
4344,Who was the publisher of the novel The Pothunters?,Q7757889,The Pothunters,Q3304275,A & C Black,infobox,A & C Black,books,1470-4
804,Where was the Maracanazo game played?,Q754483,Uruguay v Brazil 1950,Q155,Brazil,kb,Brazil,soccer,268-1
3525,Which tv network aired Friends?,Q79784,Friends,Q13974,NBC,infobox,NBC,tvseries,1196-1
2238,Who played the character of Sachin in the movie 99?,Q4646285,99,Q3497323,Kunal Khemu,text,Kunal Khemu,tvseries,746-2
1699,Who played the character of Lieutenant Commander JoAnne Galloway in A Few Good Men?,Q108946,A Few Good Men,Q43044,Demi Moore,text,Demi Moore,tvseries,566-2
2059,What is the total number of episodes in the TV series Vikings?,Q2579463,Vikings,89,89,infobox,89,tvseries,686-2
3419,What is the first book he wrote in the Oz series?,Q207544,L. Frank Baum,Q7775613,The Wonder City of Oz,text,The Wonder City of Oz,books,1160-3
4305,What is the height of Bojan Krkić?,Q179172,Bojan Krki\u0107,5 ft 7 in,5 ft 7 in,infobox,5 ft 7 in,soccer,1458-1
4495,Who was the director of Inception?,Q25188,Inception,Q25191,Christopher Nolan,infobox,Christopher Nolan,movies,1522-2
243,Which is the debut movie as actress of Stephenie Meyer?,Q160219,Stephenie Meyer,Q160071,Twilight,table,Twilight,books,80-3
1249,What date did the pilot episode of Space: Above and Beyond aired?,Q729265,Space: Above and Beyond,1995-09-24T00:00:00Z,24 September 1995,table,24 September 1995,tvseries,416-1
2741,Who directed the movie Chehre?,Q63928274,Chehre,Rumy Jafry,Rumy Jafry,kb,Rumy Jafry,movies,933-0
3780,Who played Aragorn in The Fellowship of the Ring?,Q127367,The Lord of the Rings: The Fellowship of the Ring,Q171363,Viggo Mortensen,text,Viggo Mortensen,movies,1282-1
133,What kids show was Fergie part of?,Q180004,Fergie,Q635054,Kids Incorporated,text,Kids Incorporated,music,44-1
2944,Who is the creator of the character Rincewind?,Q669992,Rincewind,Q46248,Terry Pratchett,infobox,Terry Pratchett,books,1000-4
4613,"Who directed the 1988 movie ""Above the Law?""",Q923195,Above the Law,Q504461,Andrew Davis,kb,Andrew Davis,movies,1562-0
4692,What is the soccer club Manchester United F.C.'s theme music?,Q18656,Manchester United F.C.,Q1526793,Glory Glory,kb,Glory Glory,soccer,1588-3
3251,Who is the producer of the music album Aap Kaa Surroor?,Q4661623,Aap Kaa Surroor,Vijay Taneja,Vijay Taneja,kb,Vijay Taneja,music,1104-0
489,What is the release date of the movie Amdavad Ma Famous?,Q23692030,Amdavad Ma Famous,2015-09-24T00:00:00Z,24 September 2015,infobox,24 September 2015,movies,162-3
3455,Which was Julia Robert's first movie?,Q40523,Julia Roberts,Q3904389,Firehouse,table,Firehouse,movies,1172-3
460,"Who was actress of ""Die Hard"" movie?",Q105598,Die Hard,Q234997,Bonnie Bedelia,text,Bonnie Bedelia,movies,152-4
3213,what was the release year of The Handmaid's Tale?,Q1541914,The Handmaid's Tale,1985-01-01T00:00:00Z,1985,kb,1985,books,1090-4
1893,What is the award received in 1981 by the book The Name of the Rose?,Q172850,The Name of the Rose,Q731542,Strega Prize,text,Strega Prize,books,630-4
3512,Who wrote the screenplay for Ghostbusters?,Q108745,Ghostbusters,Q105221,Dan Aykroyd,kb,Dan Aykroyd;Harold Ramis,movies,1192-0
2348,What is the theatrical release date of the movie Sooryavanshi?,Q61994951,Sooryavanshi,2021-11-05T00:00:00Z,5 November 2021,text,5 November 2021,movies,783-0
281,Running time of the movie Joker?,Q42759035,Joker,122 minutes,122 minutes,infobox,122 minutes,movies,93-0
987,how many children have Antoine Griezmann?,Q455462,Antoine Griezmann,2,2,infobox,2,soccer,328-4
910,Who directs the flim The Princess Bride?,Q507189,Andrew Scheinman,Q506418,The Princess Bride,infobox,Rob Reiner,movies,303-0
4723,which club team did Mohamed Salah joined after Al Mokawloon?,Q1354960,Mohamed Salah,Q189671,FC Basel,infobox,FC Basel,soccer,1598-4
4059,What is the origin city of Green Day music band?,Q47871,Green Day,Q30,United States of America,infobox,United States of America,music,1374-4
535,What is vying for Kylian Mbappé's attention?,Q21621995,Kylian Mbapp\u00E9,Q170645,2018 FIFA World Cup,text,2018 FIFA World Cup,soccer,178-1
365,Who were the authors of Good Omens?,Q1052459,Good Omens,Q46248,Terry Pratchett,kb,Terry Pratchett;Neil Gaiman,books,121-0
2861,Madonna has how many children?,Q1744,Madonna,6,6,kb,6,music,974-0
2287,What is the name of The Girl with the Dragon Tattoo's director?,Q474093,The Girl with the Dragon Tattoo,Q184903,David Fincher,text,David Fincher,movies,762-4
2292,What is the name of The Who's guitarist?,Q26933,Pete Townshend,Q26933,Pete Townshend,kb,Pete Townshend,music,764-3
3937,Which instrument did music director Yuvan Shankar Raja played?,Q1387724,Yuvan Shankar Raja,Q17172850,voice,kb,voice,music,1334-2
157,Who directed the movie The Body?,Q85532356,The Body,Q14566057,Jeethu Joseph,kb,Jeethu Joseph,movies,52-1
3271,What is the Country of orgin of the book  Ulysses?,Q6511,Ulysses,Q142,France,kb,France,books,1110-4
1022,What is the date of birth of the writer Khushwant Singh?,Q1740716,Khushwant Singh,1915-02-02T00:00:00Z,2 February 1915,infobox,2 February 1915,books,340-3
4766,What does the movie The Wiz retell?,Q428158,The Wiz,Q130295,The Wonderful Wizard of Oz,text,The Wonderful Wizard of Oz,movies,1613-0
3183,What was the name of the last novel that Hercule Poirot appeared in that was authored by Agatha Christie?,Q731626,Curtain,Q731626,Curtain,text,Curtain,books,1080-4
1421,What city did the band Styx form in?,Q590102,Styx,Q1297,Chicago,infobox,Chicago,music,474-0
2258,"Where did ""The Goonies"" take place?",Q636043,The Goonies,Q490724,Astoria,text,"Astoria, Oregon",movies,753-0
989,Who wrote Watership Down?,Q936801,Watership Down,Q313289,Richard Adams,kb,Richard Adams,books,330-0
667,who is the director of tenet movie?,Q63985561,Tenet,Q25191,Christopher Nolan,text,Christopher Nolan,movies,222-2
1683,Which government official nominated Orion Clemens to the position of Secretary of Nevada Territory?,Q7102773,Orion Clemens,Q91,Abraham Lincoln,infobox,Abraham Lincoln,books,560-4
2387,How many episodes are there in the dark series?,Q28443710,Dark,26,26,infobox,26,tvseries,796-3
2620,Year of Who Framed Roger Rabbit?,Q379873,Who Framed Roger Rabbit,1988-01-01T00:00:00Z,1988,kb,1988,movies,883-0
4537,How many seasons was Mork & Mindy on the air?,Q988037,Mork & Mindy,4,4,infobox,4,tvseries,1536-2
3005,"Who played James Bond in ""Moonraker ?""",Q334780,Moonraker,Q134333,Roger Moore,text,Roger Moore,movies,1022-0
2557,What is the running time of The Turning Point?,Q451558,The Turning Point,119 minutes,119 minutes,infobox,119 minutes,movies,862-2
689,What is the name of the first book of the series The Expanse?,Q19610143,The Expanse,Q6535598,Leviathan Wakes,infobox,Leviathan Wakes,books,230-0
2151,What was the year of the final season of the situation comedy The Mary Tyler Moore Show?,Q615944,The Mary Tyler Moore Show,1977-01-01T00:00:00Z,1977,text,1977,tvseries,716-4
4842,What were the awards provided in FIFA Beach Soccer World Cup?,Q610865,FIFA Beach Soccer World Cup,Q1195346,Golden Ball,text,Golden Ball;Golden Shoe;Golden Glove;FIFA Fair Play Award,soccer,1638-3
4160,Which award received in 2012 by Xavi?,Q17500,Xavi,Q3320370,Princess of Asturias Award for Sports,kb,Princess of Asturias Award for Sports,soccer,1408-4
3479,who is the publisher of Brave New World book?,Q191949,Brave New World,Q3666843,Chatto & Windus,infobox,Chatto & Windus,books,1180-3
1018,Fernando Torres played for which club in 2012?,Q42731,Fernando Torres,Q9616,Chelsea F.C.,kb,Chelsea F.C.,soccer,339-0
4958,production company of tv series Hellbound?,Q100934044,Hellbound,Q108773803,Climax Studio,kb,Climax Studio,tvseries,1676-4
1690,In 1995 which Midway Games' fighting game franchise was turned into a live action movie?,Q241163,Mortal Kombat,Q819196,Mortal Kombat,infobox,Mortal Kombat,movies,563-0
3673,How many season of the TV series The Flash?,Q15711398,The Flash,8,8,infobox,8,tvseries,1246-1
2384,Creator of the dark series?,Q28443710,Dark,Q47021487,Jantje Friese,infobox,"Baran bo Odar,Jantje Friese",tvseries,796-0
145,What position did Carlo Ancelotti play as an athlete?,Q174614,Carlo Ancelotti,Q193592,midfielder,infobox,Midfielder,soccer,48-1
1240,What was the first movie David Callaham wrote the screenplay for?,Q963032,David Callaham,Q755523,Doom,table,Doom,movies,412-4
2549,Who was the author of Oliver Twist?,Q164974,Oliver Twist,Q5686,Charles Dickens,infobox,Charles Dickens,books,860-0
1882,Who was the actor who portrayed Captain Kirk in the original Star Trek series?,Q1077,Star Trek: The Original Series,Q16297,William Shatner,text,William Shatner,tvseries,627-0
3141,What is the genre of The Rachael Ray Show?,Q2299337,Rachael Ray,Q622812,talk show,kb,talk show,tvseries,1066-4
1341,When did The Rain series released?,Q48855569,The Rain,2018-05-04T00:00:00Z,4 May 2018,kb,4 May 2018,tvseries,446-3
356,Which team played in 2009 by Landon Donovan?,Q204357,Los Angeles Galaxy,Q202237,Landon Donovan,table,LA Galaxy,soccer,118-2
3833,Was the novel State of Fear written before Jurassic Park?,Q2164310,State of Fear,No,No,infobox,No,books,1300-0
3965,who is Origin of the music Avenged Sevenfold ?,Q165193,Avenged Sevenfold,Q49321251,Huntington Beach,table,Huntington Beach,music,1344-0
3593,which country of Al Hilal SFC team?,Q73965,Al-Hilal SFC,Q851,Saudi Arabia,kb,Saudi Arabia,soccer,1219-0
2081,Which country was the band M.O.V.E from?,Q285547,Move,Q17,Japan,kb,Japan,music,694-0
2642,In which year The Land of Painted Caves published?,Q2267961,The Land of Painted Caves,2011-03-29T00:00:00Z,29 March 2011,kb,29 March 2011,books,900-2
680,who is the composer of Daredevil series?,Q16977365,Daredevil,Q16734003,John Paesano,infobox,John Paesano,tvseries,226-3
4506,When did Howard Leeds die?,Q28868989,Howard Leeds,2017-02-11T00:00:00Z,11 February 2017,kb,11 February 2017,tvseries,1526-1
3487,What genre of Birds of Prey movie?,Q57177410,Birds of Prey,Q1535153,superhero film,kb,superhero film,movies,1183-0
73,In which year U2 band formed?,Q396,U2,1976-01-01T00:00:00Z,1976,kb,1976,music,24-1
3372,Which company acquired Qwest in 2000 when it shut down?,Q3414893,Qwest Records,Q67030918,Warner Records Inc.,text,Warner Records,music,1144-4
1406,what position N'Golo Kanté's player  played on team ?,Q16665941,N'Golo Kant\u00E9,Q193592,midfielder,infobox,midfielder,soccer,468-3
3205,When was the The United States Soccer Federation founded?,Q222131,United States Soccer Federation,1913-01-01T00:00:00Z,1913,infobox,1913,soccer,1088-2
627,where is Harry Kane ​born?,Q969725,Harry Kane,Q2321784,Walthamstow,infobox,Walthamstow,soccer,208-4
2443,Who recorded the album Graduation?,Q1129439,Graduation,Q15935,Kanye West,kb,Kanye West,music,815-0
3592,who is the sponsor of  Kit manufacturer of 2020  Al-Hilal SFC team?,Q73965,Al-Hilal SFC,S Team,S Team,table,S Team,soccer,1218-4
2350,Who is the producer of the album Sajda?,Q25094800,Sajda,Q107067,Jagjit Singh,infobox,Jagjit Singh,music,784-1
1417,Did Ricardo Montalbán have a role in Spy Kids 3-D:game Over?,Q333595,Ricardo Montalb\u00E1n,Yes,Yes,text,Yes,movies,472-2
4873,Which team did Diego Maradona last worked as coach?,Q17515,Diego Maradona,Q18640,Gimnasia y Esgrima La Plata,kb,Gimnasia y Esgrima La Plata,soccer,1648-4
363,What's the name of his daughter?,Q46248,Terry Pratchett,Q444174,Rhianna Pratchett,infobox,Rhianna Pratchett,books,120-3
4724,For which club team did Mohamed Salah playing currently?,Q1354960,Mohamed Salah,Q1130849,Liverpool F.C.,infobox,Liverpool F.C.,soccer,1599-0
4392,What was the first show that Ross Hull was in?,Q1281148,Ross Hull,Q7066685,Nowhere to Hide,table,Nowhere to Hide (1987 film),tvseries,1486-4
1369,"Which character played the main love interest of Francine ""Fran"" Fine on The Nanny?",Q464865,The Nanny,Q3375743,list of The Nanny characters,infobox,Maxwell Sheffield,tvseries,456-1
1485,What year did Gordon Lightfoot receive the Canadian Songwriters Hall of Fame award?,Q359552,Gordon Lightfoot,2003-01-01T00:00:00Z,2003,kb,2003,music,494-4
1956,Who is the director of the movie Bruce Almighty?,Q207816,Bruce Almighty,Q722135,Tom Shadyac,infobox,Tom Shadyac,movies,652-1
2754,What is the date of birth of the soccer player Zinedine Zidane?,Q1835,Zinedine Zidane,1972-06-23T00:00:00Z,23 June 1972,kb,23 June 1972,soccer,938-0
2833,"What was the genre of the music ""Love Me Like You Do""?",Q18758167,Love Me Like You Do,Q188450,electropop,infobox,electropop,music,964-1
2763,What is the genre of the book The Importance of Being Earnest written by Oscar Wilde?,Q830501,The Importance of Being Earnest,Q40831,comedy,kb,comedy,books,940-3
2108,What was Robert Zemeckis's other notable work?,Q187364,Robert Zemeckis,Q502629,Romancing the Stone,kb,Romancing the Stone;Back to the Future trilogy;Who Framed Roger Rabbit;Cast Away;The Polar Express,movies,702-3
4853,Who played as older sister of Mason Evans Jr. in the movie Boyhood?,Q4103201,Boyhood,Q16731631,Lorelei Linklater,kb,Lorelei Linklater,movies,1642-2
4944,Where is Matt Damon's residence?,Q175535,Matt Damon,Q65,Los Angeles,kb,Los Angeles,movies,1672-2
0,who is the author of book The Velveteen Rabbit?,Q168351,The Velveteen Rabbit,Q948301,Margery Williams,infobox,Margery Williams,books,0-0
2363,Is soccer player Gareth Bale nephew of Chris Pike?,Q184586,Gareth Bale,Yes,Yes,text,Yes,soccer,788-2
4606,What is the complete name of the soccer player Paul Pogba?,Q129027,Paul Pogba,Paul Labile Pogba,Paul Labile Pogba,kb,Paul Labile Pogba,soccer,1559-0
4250,What is the book followed by the book Tarzan of the Apes?,Q655296,Tarzan of the Apes,Q2441302,The Return of Tarzan,infobox,The Return of Tarzan,books,1440-0
4484,In what city was the world's first international football match played?,Q2736,soccer,Q4093,Glasgow,text,Glasgow,soccer,1518-2
562,Who created the TV series Dark Desire?,Q85809906,Dark Desire,Leticia López Margalli,Leticia López Margalli,infobox,Leticia López Margalli,tvseries,187-0
3395,Which is the Debut movie as writer of Ashutosh Gowariker?,Q281249,Ashutosh Gowariker,Q5233845,Pehla Nasha,,Pehla Nasha,movies,1152-3
3435,What was the name of the first show he hosted?,Q5605894,Greg Lee,Q110514458,Total Panic,table,Total Panic,tvseries,1166-1
4895,Who is the composer of the TV Series The Wheel of Time?,Q60746841,The Wheel of Time,Q608628,Lorne Balfe,infobox,Lorne Balfe,tvseries,1656-1
332,which is the country of orgin of the book the Tale of peter Rabbit?,Q580463,The Tale of Peter Rabbit,Q21,England,kb,England,books,110-2
1822,What is the name of the presenter who hosted most of the TV show America's Next Top Model?,Q31426,America's Next Top Model,Q172303,BanX,infobox,Tyra Banks,tvseries,607-0
2361,What is the date of birth of the soccer player Gareth Bale?,Q184586,Gareth Bale,1989-07-16T00:00:00Z,16 July 1989,kb,16 July 1989,soccer,788-0
3962,"When own the award People's Choice Awards for the movie ""Black Widow""?",Q23894626,Black Widow,2021-12-07T00:00:00Z,7 December 2021,table,"December 7, 2021",movies,1342-3
2960,On which network did the TV series Made in Heaven released?,Q62059534,Made in Heaven,Q4740856,Amazon Prime Video,infobox,Amazon Prime Video,tvseries,1006-2
867,What year was Kansas City Wizards founded?,Q329812,Sporting Kansas City,1995-01-01T00:00:00Z,1995,kb,1995,soccer,288-4
34,who is the publisher of Writers & Lovers book?,Q96415602,Writers & Lovers,Q3777164,Grove Press,table,Grove Press,books,10-4
2914,Whom did Anne Rice marry in 1961?,Q184785,Anne Rice,Q941337,Stan Rice,kb,Stan Rice,books,990-4
1529,Who is the author of the Dream of the Red Chamber book?,Q8265,Dream of the Red Chamber,Q182874,Cao Xueqin,kb,Cao Xueqin,books,510-0
1451,Which year was the band Fugazi formed?,Q277865,Fugazi,1986-01-01T00:00:00Z,1986,infobox,1986,music,484-0
4778,Who was the creator of Curb Your Enthusiasm?,Q23722,Curb Your Enthusiasm,Q23728,Larry David,text,Larry David,tvseries,1617-0
3990,Who is the director of the movie Swades?,Q1759650,Swades,Q281249,Ashutosh Gowariker,infobox,Ashutosh Gowariker,movies,1352-1
3333,What is the name of the Skyfall film director?,Q4941,Skyfall,Q223233,Sam Mendes,infobox,Sam Mendes,movies,1132-1
4086,Which movie John Barry Got his first academy award?,Q111074,John Barry,Q1453797,Born Free,kb,Born Free,music,1384-2
2279,What is the name of the second book in the series Percy Jackson and the Olympians?,Q213167,Percy Jackson & the Olympians,Q901384,The Sea of Monsters,kb,The Sea of Monsters,books,760-2
2873,Who is the director of money heist?,Q47493874,Alex Pina,Q47493474,Q47493474,kb,Álex Pina,tvseries,977-0
4701,Who are the screenwriter's of Parasite movie?,Q61448040,Parasite,Q495980,Bong Joon-ho,kb,"Bong Joon-ho, Han Jin-won",movies,1592-0
3443,What is the city it's found in?,Q650167,Babson College,Q533317,Wellesley,infobox,"Wellesley, MA",soccer,1168-3
1660,Name BBFC rating of the film The Secret Life of Pets?,Q18844656,The Secret Life of Pets,Q23301853,U certificate,kb,U certificate,movies,553-0
1371,Which science fiction tv series did Charles Shaughnessy appeared in for one episode in 2004?,Q122473,Charles Shaughnessy,Q187462,Stargate SG-1,table,Stargate SG-1,tvseries,456-3
2638,Who won 1982 Men's World Cup?,Q46934,1982 FIFA World Cup,Q676899,Italy national association football team,infobox,Italy national football team,soccer,889-0
1418,Who directed Spy Kids 3-D:game Over?,Q550196,Spy Kids 3-D: Game Over,Q47284,Robert Rodriguez,text,Robert Rodriguez,movies,472-3
3186,When did John Wick premier in US theaters?,Q15732802,John Wick,2014-01-01T00:00:00Z,2014,text,2014,movies,1082-1
2197,Where was Hans Zimmer born?,Q76364,Hans Zimmer,Q1794,Frankfurt,kb,Frankfurt,movies,732-2
3900,When did Whitney Houston die?,Q34389,Whitney Houston,2012-02-11T00:00:00Z,11 February 2012,text,11 February 2012,movies,1322-1
2219,Who is the author of the movie Five Point Someone?,Q5456066,Five Point Someone,Q46926,Chetan Bhagat,kb,Chetan Bhagat,books,740-0
396,"Who directed the movie ""Jaws?""",Q189505,Jaws,Q8877,Steven Spielberg,infobox,Steven Spielberg,movies,132-0
3016,Queen's earliest released single?,Q15862,Queen,Q597273,Keep Yourself Alive,text,Keep Yourself Alive,music,1025-0
1300,Who was the director of One Flew Over the Cuckoo's Nest?,Q171669,One Flew Over the Cuckoo's Nest,Q51525,Milo\u0161 Forman,infobox,Miloš Forman,movies,432-4
3407,Who is the Rose Patten Preceded by Chancellor of the University of Toronto?,Q180865,University of Toronto,Q3308582,Michael Wilson,table,Michael Wilson,tvseries,1156-3
3522,"Which Coldplay song, ""Fix You"" or "" Viva la Vida"", has a longer album version?",Q1991309,Fix You,Q1991309,Fix You,infobox,Fix You,music,1194-4
325,What is Neymar's National Team?,Q142794,Neymar,Q2308235,Brazil national under-20 football team,kb,Brazil,soccer,108-1
3947,Which country team did Gareth Bale play for?,Q184586,Gareth Bale,Q25,Wales,text,Wales,soccer,1338-0
4592,What is the release year of the album Dhoom?,Q5269746,Dhoom,1998-01-01T00:00:00Z,1998,,1998,music,1554-3
2981,when was the song Dance Monkey released?,Q65071242,Dance Monkey,2019-05-10T00:00:00Z,10 May 2019,table,10 May 2019,music,1014-0
734,What is the name of the album by The Police that won a Grammy award as well as a Juno award?,Q178095,The Police,Q1064318,Synchronicity,table,Synchronicity,music,244-3
1266,Who directed the movie Sardar Udham?,Q64152707,Sardar Udham,Q7500450,Shoojit Sircar,kb,Shoojit Sircar,movies,422-0
1137,who is the captain of Brazil national football team?,Q83459,Brazil national football team,Q7783822,Thiago Silva,infobox,Thiago Silva,soccer,378-3
4557,How much was the box office collection of The Matrix?,Q83495,The Matrix,$466.6 millio,$466.6 millio,text,$466.6 million,movies,1542-4
338,who is the producer of the flim tom and jerry?,Q65921361,Tom & Jerry,Q5112210,Christopher DeFaria,text,Christopher DeFaria,movies,112-2
1035,Which is the debut album of the singer Demi Lovato?,Q41173,Demi Lovato,Q41268,Don't Forget,text,Don't Forget,music,344-4
288,"In which time period the series ""Breaking Bad"" was running?",Q1079,Breaking Bad,2008;2013,2008;2013,kb,2008;2013,tvseries,96-0
3596,What award did the American Library Association give The Night Diary?,Q65083326,Q65083326,Q622813,Newbery Medal,infobox,Newbery Honor,books,1220-2
3349,What is the main topic of the television series Picket Fences?,Q1247248,Picket Fences,Q1366112,drama television series,infobox,drama television series,tvseries,1137-0
668,who is the film editor of tenet movie?,Q63985561,Tenet,Q64541563,Jennifer Lame,infobox,Jennifer Lame,movies,222-3
2781,What is the actor Jim Parsons' date of birth?,Q190972,Jim Parsons,1973-03-24T00:00:00Z,24 March 1973,kb,24 March 1973,tvseries,946-3
1046,Which is the current team Luis Suárez is playing for?,Q26517,Luis Su\u00E1rez,Q8701,Atl\u00E9tico Madrid,infobox,Atlético Madrid,soccer,348-3
4412,"Who sang the 2005 song ""You're Beautiful""?",Q65622067,You're Beautiful,Q130799,James Blunt,text,James Blunt,music,1494-0
1361,The 1987 movie The Running Man falls under which movie genre?,Q1058512,The Running Man,Q1710026,list of dystopian films,kb,dystopian film;Action film;science fiction film,movies,453-0
961,who is the publisher of 'To Kill a Mockingbird' novel?,Q212340,To Kill a Mockingbird,Q15077094,J. B. Lippincott & Co.,infobox,J. B. Lippincott & Co.,books,320-2
371,What movie comes after Finding Nemo?,Q132863,Finding Nemo,Q9321426,Finding Dory,text,Finding Dory,movies,123-0
1037,Who is the composer of the TV series Arrow?,Q552314,Arrow,Q881273,Blake Neely,infobox,Blake Neely,tvseries,346-0
4615,"What was the name of the editor of the movie ""Stony Island?""",Q7619570,Stony Island,Q1252829,Dov Hoenig,infobox,Dov Hoenig,movies,1562-2
3076,No. of Academy Awards John Williams received?,Q131285,John Williams,5,5,kb,5,music,1045-0
520,Who was the distributor of the picture 12 Years as a Slave?,Q1097348,InterCom,Q907311,Netflix,table,"InterCom, ProVideo, Netflix",movies,172-4
1974,Where is Neymar originally from?,Q142794,Neymar,Q155,Brazil,infobox,Brazil,soccer,658-1
44,what genre of Save Your Tears song?,Q96405034,Save Your Tears,Q1298934,synth-pop,infobox,synth-pop,music,14-2
70,David Fincher's other major films?,Q185888,The Social Network,Q3330940,House of Cards,kb,House of Cards; The Curious Case of Benjamin Button,movies,22-4
3615,What show is Boston Legal a spin-off of?,Q308984,Boston Legal,Q1132439,The Practice,text,The Practice,tvseries,1226-3
3639,Where did Zhou Long gets Doctor of Musical Arts?,Q2382001,Zhou Long,Q49088,Columbia University,kb,Columbia University,music,1234-3
857,What year did the Oprah Winfrey show premiere?,Q694106,The Oprah Winfrey Show,1986-01-01T00:00:00Z,1986,text,1986,tvseries,286-0
3886,Who created the TV series Mithai?,Q105095232,Mithai,Q46405435,Samrat Ghosh,infobox,Samrat Ghosh,tvseries,1317-0
720,What is the genre of the book series The Folk of the Air?,Q47008389,The Cruel Prince,Q132311,Fantasy,infobox,Fantasy,books,240-1
2895,Who is the Guns N' Roses guitarist who goes by one name only?,Q11895,Guns N\u2019 Roses,Q34166,Slash,text,Slash,music,984-3
3776,Was Carl Lee Hailey acquitted at the end of A Time to Kill novel?,Q1213715,A Time to Kill,Yes,Yes,text,Yes,books,1280-3
2475,What is the name of the original broadcaster in Game of Thrones?,Q23572,Game of Thrones,Q23633,HBO,table,HBO,tvseries,826-1
4054,What is a The Next Three Days movie's genre?,Q263930,The Next Three Days,Q959790,crime film,infobox,crime film,movies,1373-0
220,Spouse of J.k Simmons?,Q150482,J. K. Simmons,Q11989309,Michelle Schumacher,text,Michelle Schumacher,movies,72-4
3725,Who is the hero in Passenger's story?,Q20962283,Passengers,Q6271612,Jon Spaihts,infobox,Jon Spaihts,movies,1263-0
2272,Which coach lead them to their first trophy?,Q13361030,New York City FC,Q1784080,Ronny Deila,text,Ronny Deila,soccer,758-1
1695,"Did Ryan Tedder sing the OneRepublic song ""Counting Stars""?",Q13422120,Counting Stars,Yes,Yes,text,Yes,music,564-4
3123,What movie is based on The Thorn Birds?,Q606465,The Thorn Birds,Q932864,The Thorn Birds: The Missing Years,kb,The Thorn Birds: The Missing Years,books,1060-4
542,Who is the publisher of the Five Point Someone?,Q5456066,Five Point Someone,Q7380179,Rupa & Co.,infobox,Rupa Publications,books,180-3
115,Which football club was represented by the soccer player Raúl González in the year 2002?,Q11576,Ra\u00FAl,Q12217,Real Madrid Castilla,table,Real Madrid,soccer,38-1
2751,What is the Date of birth of Himanshu Soni?,Q107649730,Himanshu Soni,1988-02-01T00:00:00Z,1 February 1988,infobox,1 February 1988,tvseries,936-3
2777,Which year did the band Queen originate?,Q15862,Queen,1970-01-01T00:00:00Z,1970,infobox,1970,music,945-0
1005,With whom did Dove Cameron collaborate on Taste of You?,Q26186223,Dove Cameron discography,Q35487701,Rezz,table,Rezz,music,334-4
1949,Who created the character Sherlock Holmes?,Q4653,Sherlock Holmes,Q4653,Sherlock Holmes,kb,Arthur Conan Doyle,books,650-0
4788,How many pages are in the book War and Peace's first published edition?,Q161531,War and Peace,1225-01-01T00:00:00Z,1225,kb,1225,books,1620-3
1760,How many episodes of Three's Company aired on TV?,Q245996,Three's Company,Q245996,Three's Company,infobox,172,tvseries,586-3
3659,Which year was the novel Godaan published?,Q904382,Godaan,1936-01-01T00:00:00Z,1936,kb,1936,books,1241-0
3142,In what year did The Rachael Ray Show go on the air?,Q2299337,Rachael Ray,2016-01-01T00:00:00Z,2016,text,2016,tvseries,1067-0
3154,"The book, In Search of Lost Time was originally written in which language?",Q464928,In Search of Lost Time,Q150,French,infobox,French,books,1071-0
2,who is the illustrator of book The Velveteen Rabbit?,Q168351,The Velveteen Rabbit,Q2066520,William Nicholson,text,William Nicholson,books,0-2
3269,Who is the author of the book Ulysses?,Q6511,Ulysses,Q6882,James Joyce,text,James Joyce,books,1110-2
2893,Who is the lead singer and front man of the iconic rock and roll band Guns N' Roses?,Q11895,Guns N\u2019 Roses,Q11885,Axl Rose lml,kb,Axl Rose,music,984-1
926,Which country did Josep Guardiola played?,Q164038,Pep Guardiola,Q29,Spain,text,Spain,soccer,308-3
2251,What mission did he first take to space?,Q319269,Richard Garriott,Q757035,Soyuz TMA-13,infobox,Soyuz TMA-13,books,750-3
2249,What type of game does Wade Watts play?,Q3906523,Ready Player One,Q175173,massively multiplayer online role-playing game,text,Massively multiplayer online role-playing game,books,750-1
2683,who is the performer Someone You Loved song?,Q60768202,Someone You Loved,Q42315001,Lewis Capaldi,text,Lewis Capaldi,music,914-1
66,Who played as Mark Zuckerberg in The Social Network?,Q185888,The Social Network,Q219512,Jesse Eisenberg,kb,Jesse Eisenberg,movies,22-0
3065,Who played as Mary Epps in 12 Years a Slave?,Q3023357,12 Years a Slave,Q57147,Michael Fassbender,kb,Michael Fassbender,movies,1042-0
49,what genre of Mindhunter series ?,Q25340152,Mindhunter,Q1366112,drama television series,infobox,Crime drama Psychological thriller,tvseries,16-1
20,Who is the director of the tv series Lucifer?,Q19520525,Lucifer,Q336099,Len Wiseman,infobox,Len Wiseman,tvseries,6-2
3550,"What was the label of the song ""Suddenly There's a Valley""?",Q7633654,Suddenly There's a Valley,Q1655590,Era,infobox,Era,music,1204-3
107,Which band created the song Du Hast?,Q753118,Du hast,Q25177,Rammstein,text,Rammstein,music,35-0
4919,What is the name of the first album released by Cocteau Twins?,Q588820,Cocteau Twins,Q3758381,Garlands,text,Garlands,music,1664-1
440,What is Cillian Murphy's date of birth?,Q202589,Cillian Murphy,1976-05-25T00:00:00Z,25 May 1976,kb,25 May 1976,tvseries,146-2
3564,Nick name of the Football club NY City FC?,Q13361030,New York City FC,Q26488962,The Pigeons,infobox,The Pigeons,soccer,1209-0
4273,Season 1 director name of the series Hanna?,Q48102683,Hanna,Q60399091,Sarah Adina Smith,table,Sarah Adina Smith,tvseries,1447-0
4381,What movie was Johnny Depp's debut?,Q37175,Johnny Depp,Q329434,A Nightmare on Elm Street,text,A Nightmare on Elm Street,movies,1483-0
1125,what is the length of love me like you do song?,Q18758167,Love Me Like You Do,4:13,4:13,table,4:13,music,374-3
2389,Who is the creator of the dark series,Q28443710,Dark,Q47021487,Jantje Friese,infobox,"Baran bo Odar,Jantje Friese",tvseries,797-0
1054,Author of the book Little Women?,Q523076,Little Women,Q185696,Louisa May Alcott,kb,Louisa May Alcott,books,351-0
2371,what is the genre in Jurassic park series?,Q200873,The Lost World: Jurassic Park,Q24925,science fiction,infobox,science fiction;adventure,books,790-4
706,How many band members did Jonas Brothers have?,Q134233,Jonas Brothers,3,3,infobox,3,music,235-0
3565,what is the main subject of The Sound and the Fury book?,Q135515,The Sound and the Fury,Q864007,Deep South,kb,Deep South,books,1210-0
3859,What is the total number of goals Roy Keane secured for Ireland?,Q188632,Roy Keane,9,9,table,9,soccer,1308-2
3861,What is the home venue of the soccer club Cobh Ramblers F.C.?,Q1104682,Cobh Ramblers F.C.,Q3967506,St Colman's Park,infobox,St Colman's Park,soccer,1308-4
240,Which is the first novel in the series Twilight?,Q189378,Twilight,Q44523,Twilight,kb,Twilight,books,80-0
4323,"What was the genre of the song ""The Humpty Dance""?",Q7740935,The Humpty Dance,"Golden age hip hop,new jack swing,funk","Golden age hip hop,new jack swing,funk",infobox,"Golden age hip hop,new jack swing,funk",music,1464-1
4819,What was the name of the third series in Empire of the Moghul?,Q5374214,Empire of the Moghul,Q17017512,Ruler of the World,table,Ruler of the World,books,1630-4
343,what is the notable work by the Composer Tan Dun?,Q314176,Tan Dun,Q5236883,The First Emperor,table,The First Emperor,music,114-1
4545,Who was the first coach of San Jose Earthquakes?,Q575370,San Jose Earthquakes,Q6501530,Laurie Calloway,text,Laurie Calloway,soccer,1538-4
2623,What was the most sold album from the band Slipknot?,Q743725,Slipknot,Q254138,Slipknot,table,Slipknot,music,884-2
3119,Who wrote The Thorn Birds?,Q606465,The Thorn Birds,Q228801,Colleen McCullough,text,Colleen McCullough,books,1060-0
1740,Who was the author of Casino Royal?,Q17437796,featured article,Q82104,Ian Fleming,text,Ian Fleming,books,580-1
3957,"what is the original tittle of the book "" Crime and Punishment book""?",Q165318,Crime and punishment,Преступленіе и наказаніе,Преступленіе и наказаніе,infobox,Преступленіе и наказаніе,books,1340-4
4107,Who is the author of the science fiction novel The Martian?,Q17111624,The Martian,Q18590295,Andy Weir,kb,Andy Weir,books,1391-0
1195,What is the country for sport played by the Luka Modric?,Q483837,Luka Modri\u0107,Q224,Croatia,infobox,Croatia,soccer,398-1
2380,What is the name of the manager in The Beatles Band?,Q1299,The Beatles,Q203690,Brian Epstein,infobox,Brian Epstein,music,794-2
913,What is the award received in 2009 by the Composer Ennio Morricone?,Q23848,Ennio Morricone,Q10855271,Knight of the Legion of Honour,kb,Knight of the Legion of Honour,music,304-2
4956,When was Yoo Ah-in born?,Q489930,Yoo Ah-in,1986-10-06T00:00:00Z,6 October 1986,kb,6 October 1986,tvseries,1676-2
172,What is the Elevation of the Purulia?,Q307442,Purulia,240 m,240 m,infobox,240 m,tvseries,56-4
1609,What is the date of birth of the actress Lili Reinhart?,Q28653501,Lili Reinhart,1996-09-13T00:00:00Z,13 September 1996,kb,13 September 1996,tvseries,536-2
2512,How many gold medals has Spain's Olympic football team ever won?,Q2637337,Spain national under-23 football team,1,1,text,1,soccer,838-2
4365,Which position does Luca Toni play on the field?,Q186478,Luca Toni,Q280658,forward,kb,Forward,soccer,1478-1
902,Who is the narrator of the book the Catcher in the Rye?,Q183883,The Catcher in the Rye,Q720235,Holden Caulfield,text,Holden Caulfield,books,300-3
4513,What is David Beckham's spouse's name?,Q10520,David Beckham,Q19810,Victoria Beckham,kb,Victoria Beckham,soccer,1528-2
4396,What is Lionel Messi's ethnicity?,Q615,Lionel Messi,Q1056744,Italian Argentines,kb,Italian Argentines,soccer,1488-2
2452,Where was Eden Hazard born?,Q214204,Eden Hazard,Q31,Belgium,infobox,Belgium,soccer,818-2
136,What's the last track on Elephunk?,Q832375,Elephunk,Q1460758,Where Is the Love?,table,Where Is the Love?,music,44-4
4165,Who was the writer of the Perry Mason novels?,Q377529,Perry Mason,Q357065,Erle Stanley Gardner,infobox,Erle Stanley Gardner,books,1410-3
1208,Which movie is the sequel to Jumanji?,Q222939,Jumanji,Q20762680,Jumanji: Welcome to the Jungle,text,Jumanji: Welcome to the Jungle,movies,402-2
3096,What is the name of the actor who played Raheem in Juice?,Q642419,Juice,Q6399715,Khalil Kain,text,Khalil Kain,movies,1052-1
2162,What's the last novel in the Millennium series?,Q847022,Millennium,Q64830512,The Girl Who Lived Twice,infobox,The Girl Who Lived Twice,books,720-3
2053,What genre of music does Roger Daltrey sing?,Q311672,Roger Daltrey,Q11399,rock music,kb,rock music,music,684-2
4417,"Who was the singer of the 2005 song ""You're Beautiful""?",Q65622067,You're Beautiful,Q130799,James Blunt,text,James Blunt,music,1495-0
304,Who is the main character in the film Shawshank Redemption?,Q48337,Morgan Freeman,Q95048,Tim Robbins,table,Tim Robbins,books,100-4
4343,Which P. G. Wodehouse novel was first published in the year 1902?,Q4086319,P. G. Wodehouse bibliography,Q7757889,The Pothunters,table,The Pothunters,books,1470-3
897,How many number of national matches did Cristiano Ronaldo played for Portugal?,Q11571,Cristiano Ronaldo,Q24056547,Six,table,Six,soccer,298-4
3727,Who is a member of Beyoncé's political party?,Q36153,Beyonc\u00E9,Q29552,Democratic Party,,Democratic Party,music,1264-1
4043,"Who wrote ""Wuthering Heights"" novel?",Q202975,Wuthering Heights,Q80137,Emily Bront\u00EB,kb,Emily Brontë,books,1370-0
449,What is the place of birth of the soccer player Wayne Rooney?,Q266613,Wayne Rooney,Q24826,Liverpool,infobox,Liverpool,soccer,149-0
968,What is the name of the Shutter Island movie production designer?,Q210364,Shutter Island,Q939842,Dante Ferretti,infobox,Dante Ferretti,movies,322-3
792,When was Saxobeats by Alexandra Stan released?,Q1933848,Saxobeats,2011-08-29T00:00:00Z,29 August 2011,infobox,29 August 2011,music,264-1
2677,who is the production producer of The Witches movie?,Q63630439,The Witches,Q24809130,Gary Freeman,infobox,Gary Freeman,movies,912-1
4516,What country did David Beckham play for?,Q10520,David Beckham,Q21,England,infobox,England,soccer,1529-0
3137,What year did The Rachael Ray Show debut?,Q2299337,Rachael Ray,2016-01-01T00:00:00Z,2016,text,2016,tvseries,1066-0
3532,When did Chris Wondolowski retire as a professional soccer player?,Q1077877,Chris Wondolowski,2021-11-07T00:00:00Z,7 November 2021,text,07 November 2021,soccer,1198-2
1981,Who is the author of the Eragon book?,Q185449,Eragon,Q93620,Christopher Paolini,table,Christopher Paolini,books,660-2
214,when was John Jakes was born?,Q1258959,John Jakes,1932-03-31T00:00:00Z,31 March 1932,kb,31 March 1932,books,70-4
3145,What year did the El Salvador national football team make their first FIFA World Cup appearance?,Q188228,El Salvador national football team,1970-01-01T00:00:00Z,1970,table,1970,soccer,1068-2
904,Name the author of the book The Catcher in the Rye?,Q183883,The Catcher in the Rye,Q79904,J. D. Salinger,text,J. D. Salinger,books,301-0
53,how many seasons of Mindhunter series?,Q25340152,Mindhunter,2,2,kb,2,tvseries,17-0
3241,Who is the author of the book The Monk Who Sold His Ferrari?,Q17069725,The Monk Who Sold His Ferrari,Q2604952,Robin Sharma,text,Robin Sharma,books,1100-2
4300,Who is Radhika Apte's spouse?,Q7280241,Radhika Apte,Q4887320,Benedict Taylor,infobox,Benedict Taylor,tvseries,1456-2
1323,Who is the author of Old Kingdom novel series?,Q15624191,Old Kingdom,Q536913,Garth Nix,kb,Garth Nix,books,440-3
2404,Who is the composer of the movie lord of the rings?,Q190214,The Lord of the Rings trilogy,Q207773,Howard Shore,kb,Howard Shore,movies,802-2
624,which citizenship Harry Kane have?,Q969725,Harry Kane,Q145,United Kingdom,kb,United Kingdom,soccer,208-1
2153,"By what other, more formal name is the sport of soccer known?",Q17437796,featured article,Q2736,soccer,kb,Association football,soccer,718-0
3603,Who played Barry in Bad Taste?,Q605204,Bad Taste,Q55275164,Pete O'Herne,text,Pete O'Herne,movies,1222-3
3653,For which team did Franz Beckenbauer participated in 1964?,Q4457,Franz Beckenbauer,Q15789,FC Bayern Munich,table,FC Bayern Munich,soccer,1239-0
4404,Where was Mark Greaney born?,Q19880094,Mark Greaney,Q16563,Memphis,infobox,Memphis,books,1490-4
1965,Did The Beatles win Rock and Roll Hall of Fame award?,Q1299,The Beatles,Yes,Yes,text,Yes,music,654-4
4274,Which country team did Luka Modrić played?,Q483837,Luka Modri\u0107,Q224,Croatia,text,Croatia,soccer,1448-0
1874,When did Brian May get his PhD?,Q15873,Brian May,2007-01-01T00:00:00Z,2007,text,2007,music,624-3
4,Which is country of origin of book The Velveteen Rabbit?,Q168351,The Velveteen Rabbit,Q30,United States of America,kb,United States of America,books,0-4
2684,what is the publication of date of year Someone You Loved song?,Q60768202,Someone You Loved,2018-01-01T00:00:00Z,2018,infobox,2018,music,914-2
4277,What is the award received in 2018 by Luka Modrić?,Q483837,Luka Modri\u0107,Q182529,FIFA World Player of the Year,kb,FIFA World Player of the Year,soccer,1448-3
4647,Initial movie in The Hobbit film series?,Q74331,The Hobbit,Q80379,The Hobbit: An Unexpected Journey,table,The Hobbit: An Unexpected Journey,movies,1573-0
2242,What is the date of birth of the soccer player Toni Kroos?,Q131234,Toni Kroos,1990-01-04T00:00:00Z,4 January 1990,kb,4 January 1990,soccer,748-0
1987,What is country of origin of the Alien film?,Q103569,Alien,Q145,United Kingdom,infobox,"United States of America,United Kingdom",movies,662-2
1736,What position played on team by the player Memphis Depay?,Q1894,Memphis Depay,Q280658,forward,infobox,"winger,forward",soccer,578-3
769,What CW show was Tom Cavanagh a regular on?,Q256061,Tom Cavanagh,Q15711398,The Flash,text,The Flash,tvseries,256-2
2990,who is the producer of Emily in Paris series?,Q64584978,Emily in Paris,Q7608791,Stephen Brown,kb,Stephen Brown,tvseries,1016-3
2188,What soccer team was Cristiano Ronaldo on in 2021?,Q11571,Cristiano Ronaldo,Q18656,Manchester United F.C.,text,Manchester United F.C.,soccer,729-0
3696,Which singer won the first season of American Idol?,Q201052,American Idol,Q483507,Kelly Clarkson,kb,Kelly Clarkson,music,1254-0
883,What is the name of Michael Jackson's first album?,Q2831,Michael Jackson,Q19060,Got to Be There,text,Got to Be There,music,294-2
4322,"Who was the performer of the music ""The Humpty Dance""?",Q7740935,The Humpty Dance,Q605778,Digital Underground,kb,Digital Underground,music,1464-0
1990,Who is the Alien film's executive producer?,Q103569,Alien,Q3056094,Ronald Shusett,infobox,Ronald Shusett,movies,663-0
2816,Liverpool Football club was founded in which year?,Q1130849,Liverpool F.C.,1892-01-01T00:00:00Z,1892,kb,1892,soccer,958-2
4184,What is the height of Matt LeBlanc in metres?,Q186896,Matt LeBlanc,1.78,1.78,kb,1.78,tvseries,1416-4
3200,Who is credited with creating the TV Show The Dukes of Hazzard?,Q1304408,The Dukes of Hazzard,Q1304408,The Dukes of Hazzard,kb,Gy Waldron,tvseries,1086-3
4349,What is the name of the actor who played the lead character role in the Bourne series?,Q868683,Bourne,Q175535,Matt Damon,infobox,Matt Damon,movies,1472-3
3468,When was Matt Dillon born?,Q193070,Matt Dillon,1964-02-18T00:00:00Z,18 February 1964,kb,18 February 1964,tvseries,1176-4
305,Author of Rita Hayworth and Shawshank Redemption?,Q968314,Rita Hayworth and Shawshank Redemption,Q39829,Stephen King,infobox,Stephen King,books,101-0
285,"What was the genre of the song ""Into You""?",Q24026109,Into You,Q211756,dance-pop,infobox,"Dance-pop,house,electro,EDM",music,94-3
1621,Who is the spouse of Khaled Hosseini?,Q193116,Khaled Hosseini,Roya Hosseini,Roya Hosseini,infobox,Roya Hosseini,books,540-2
4413,"How old was James Blunt when ""You're Beautiful"" was released?",Q65622067,You're Beautiful,31,31,infobox,31,music,1494-1
4444,What genre does this 'Aerosmith' band belong to?,Q126826,Aerosmith,Q83270,hard rock,infobox,hard rock,music,1504-2
3509,In Oliver Twist what city did young Oliver run away to after a fight?,Q164974,Oliver Twist,Q84,London,text,London,books,1190-3
2503,What city and state was John Prine born in?,Q520296,John Prine,Q165247,Maywood,infobox,"Maywood, Illinois",music,835-0
3755,which year did Led Zeppelin start?,Q2331,Led Zeppelin,1968-01-01T00:00:00Z,1968,infobox,1968,music,1274-0
236,Is playing in the highest league in spain?,Q485002,2011\u201312 UEFA Champions League,Yes,Yes,text,Yes,soccer,78-2
2182,Who was the creator of the crime drama True Detective?,Q7847400,True Detective,Q7024302,Nic Pizzolatto,text,Nic Pizzolatto,tvseries,727-0
2750,Who played the character of Krishna of Goloka in RadhaKrishn?,Q56485183,RadhaKrishn,Q107649730,Himanshu Soni,table,Himanshu Soni,tvseries,936-2
1625,Who is the director of Shiddat?,Q85800832,Shiddat,Q6444153,Kunal Deshmukh,infobox,Kunal Deshmukh,movies,542-0
4126,Which MLS team won the MLS Cup in 2021?,Q577698,MLS Cup,Q13361030,New York City FC,table,New York City FC,soccer,1398-0
2908,At what point in history did women's soccer become popular?,Q606060,Women's association football,Q361,World War I,text,World War I,soccer,988-4
1768,Who oversees competative and professional men's soccer in the USA?,Q17437798,good article,Q18543,Major League Soccer,kb,Major League Soccer,soccer,589-0
2934,Which national team does Robert Lewandowski captain?,Q151269,Robert Lewandowski,Q36,Poland,table,Poland,soccer,998-0
1335,What is Pierre Boulez's favorite music instrument?,Q156193,Pierre Boulez,Q5994,piano,kb,piano,music,444-3
2077,Who composed the music used in the 1990 movie RoboCop?,Q834021,RoboCop 2,Q1346580,Leonard Rosenman,infobox,Leonard Rosenman,movies,692-2
2430,"What was the population of Lorain, Ohio when the book was set?",Q1069956,The Bluest Eye,Q609698,Lorain,table,"44,125",books,810-4
672,which date released Bad Habits  song?,Q107341752,Bad Habits,2021-06-25T00:00:00Z,25 June 2021,infobox,25 June 2021,music,224-1
1332,Where did Music composer Pierre Boulez born?,Q156193,Pierre Boulez,Q213288,Montbrison,kb,Montbrison,music,444-0
1284,What is the full name of Jean Makoun?,Q213119,Jean Makoun,Jean II Makoun,Jean II Makoun,infobox,Jean II Makoun,soccer,428-0
1309,What network was the TV series Dallas on?,Q168708,Dallas,Q43380,CBS,text,CBS,tvseries,436-1
4001,Who are the creators of the TV series Arcane?,Q85518571,Arcane,"Christian Linke, Alex Yee","Christian Linke, Alex Yee",infobox,"Christian Linke, Alex Yee",tvseries,1356-0
1754,What year did Michael Jackson die?,Q17437796,featured article,2009-01-01T00:00:00Z,2009,infobox,2009,music,584-3
577,who is the composer of the flim pirates of the caribbean?,Q194318,Pirates of the Caribbean,Q76364,Hans Zimmer,infobox,Hans Zimmer,movies,192-2
3819,In what age did Louis Armstrong die?,Q1779,Louis Armstrong,Sixty nine,Sixty nine,infobox,Sixty nine,music,1294-4
4208,What year did Steve Harris release British Lion?,Q971067,British Lion,2012-01-01T00:00:00Z,2012,infobox,2012,music,1424-4
998,Who composed Inception?,Q25188,Inception,Q76364,Hans Zimmer,kb,Hans Zimmer,movies,332-3
884,How many number of siblings did Michael Jackson had?,Q2831,Michael Jackson,Q186542,Nine,infobox,Nine,music,294-3
1147,Did Angelina Jolie appear in Hackers?,Q13909,Angelina Jolie,Yes,Yes,text,Yes,movies,382-1
2729,Foundation year of Atlanta United FC?,Q16836317,Atlanta United FC,2014-04-16T00:00:00Z,16 April 2014,infobox,"April 16, 2014",soccer,929-0
935,When was the movie The Terminator released?,Q162255,The Terminator,1984-10-26T00:00:00Z,26 October 1984,infobox,"October 26, 1984",movies,312-0
3548,"What was the genre of the song ""Suddenly There's a Valley""?",Q7633654,Suddenly There's a Valley,Traditional pop,Traditional pop,infobox,Traditional pop,music,1204-1
3791,Who are the creators of South Park,Q16538,South Park,Q44414,Trey Parker,kb,Trey Parker;Matt Stone,tvseries,1286-0
1919,What was the first book in the Lord of the Rings trilogy?,Q15228,The Lord of the Rings,Q208002,The Fellowship of the Ring,text,The Fellowship of the Ring,books,640-0
1914,What is the Position played by Aleksandr Kerzhakov?,Q280658,forward,Q201866,Aleksandr Kerzhakov,text,forward,soccer,638-1
3015,What city was he born in?,Q7052784,Norman Sheffield,Q210531,London Borough of Enfield,text,Enfield,music,1024-4
675,who is the producer of Bad Habits song?,Q107341752,Bad Habits,Q47447,Ed Sheeran,infobox,"Ed Sheeran,Fred Again,Johnny McDaid",music,224-4
3300,"What was the genre of the book ""To the Lighthouse""?",Q478016,To the Lighthouse,Q60788676,Modernism,infobox,Modernism,books,1120-4
4769,Who is the lead vocalist for Imagine Dragons?,Q391348,Imagine Dragons,Q5214275,Dan Reynolds,text,Dan Reynolds,music,1614-2
4833,"How many seasons in ""The Walking Dead"" TV series?",Q232737,The Walking Dead,11,11,kb,11,tvseries,1636-0
2961,How many users are there of the TV network Amazon Prime Video?,Q4740856,Amazon Prime Video,175 million,175 million,table,175 million,tvseries,1006-3
2054,Which member of The Who has a spouse named Karen?,Q93346,The Who,Q26933,Pete Townshend,kb,Pete Townshend,music,684-3
217,when did Chadwick Boseman die?,Q5066520,Chadwick Boseman,2020-08-28T00:00:00Z,28 August 2020,text,28 August 2020,movies,72-1
2688,how many seasons in this series?,Q7847400,True Detective,3,3,kb,3,tvseries,916-0
398,What movie did he first score for Steven Spielberg?,Q131285,John Williams,Q432526,The Sugarland Express,text,The Sugarland Express,movies,132-2
819,"Who won the Best Film Editing award in Academy Awards for the movie ""The Matrix""?",Q83495,The Matrix,Q139384,Zach Staenberg,table,Zach Staenberg,movies,272-4
4104,"Who played the male protagonist, Mark Watney, in the movie The Martian?",Q18547944,The Martian,Q175535,Matt Damon,text,Matt Damon,books,1390-2
3164,What song did Eric Clapton write following his son Conor Clapton's death?,Q48187,Eric Clapton,Q978005,Tears in Heaven,text,Tears in Heaven,music,1074-3
934,Scarlett O'Hara was a fictional character in which book?,Q1649955,Scarlett O'Hara,Q2870,Gone with the Wind,kb,Gone with the Wind,books,311-0
2031,On which platform has the series Criminal Minds premiered on?,Q202141,Criminal Minds,Q43380,CBS,text,CBS,tvseries,676-4
2115,What is Joe Hisaishi's major genre of music?,Q275900,Joe Hisaishi,Q572901,minimalist music,kb,minimalist music;film score;classical music,music,704-4
1894,Genre of the book The Name of the Rose?,Q172850,The Name of the Rose,Q1093312,historical mystery,infobox,historical mystery,books,631-0
880,Who created The movie The Mummy?,Q202508,The Mummy,Q363402,Stephen Sommers,kb,Stephen Sommers,movies,293-0
2165,What was American director David Lynch's first film?,Q2071,David Lynch,Q11618,Eraserhead,text,Eraserhead,movies,722-0
2314,Atrangi Re was released in which year?,Q87196215,Atrangi Re,2021-01-01T00:00:00Z,2021,kb,2021,movies,772-1
3427,"Director's name for the initial four ""Scream"" movies?",Q388659,Scream,Q223992,Wes Craven,table,Wes Craven,movies,1163-0
1016,When did Fernando Torres first win the FIFA World Cup?,Q42731,Fernando Torres,Q176883,2010 FIFA World Cup,text,2010 FIFA World Cup,soccer,338-3
2024,In which year was Exclaim! founded?,Q664232,Exclaim!,1991-01-01T00:00:00Z,1991,infobox,1991,music,674-3
4519,What is the genre of Emma?,Q223880,Emma,Q538812,novel of manners,infobox,novel of manners,books,1530-2
4569,Who is the director of Mindhunter tv series?,Q25340152,Mindhunter,Q184903,David Fincher,kb,David Fincher,tvseries,1546-4
3866,Which is the first novel of R. K. Narayan?,Q334252,R. K. Narayan,Q7653285,Swami and Friends,table,Swami and Friends,books,1310-3
797,Who played teenage Martha in Dark?,Q28443710,Dark,Q1683505,Lisa Vicari,table,Lisa Vicari,tvseries,266-0
1606,age of musician Prince when his first album was released?,Q7542,Prince,19,19,text,19,music,535-0
876,Which is the home town of Stephen Sommers,Q363402,Stephen Sommers,Q6346,Indianapolis,infobox,Indianapolis,movies,292-1
4463,"Peter Straub's first critical/commercial ""hit"" novel?",Q364189,Peter Straub,Q5557174,Ghost Story,kb,Ghost Story,books,1511-0
3836,Pseudonym of Michael Crichton used while writing the novel Grave Descend?,Q172140,Michael Crichton,Q11775531,John Lange,text,John Lange,books,1300-3
181,What date was the book Lord of the Flies published?,Q271764,Lord of the Flies,1954-09-18T00:00:00Z,18 September 1954,kb,18 September 1954,books,60-1
4559,How many tracks in Vande Mataram album?,Q12452104,Vande Mataram,9,9,table,9,music,1544-0
2044,What novel was awarded the Pulitzer Prize for Fiction in 2017?,Q833633,Pulitzer Prize for Fiction,Q27957817,The Underground Railroad,table,The Underground Railroad,books,681-0
4076,what are all the wards Robin Hobb received?,Q234403,Robin Hobb,Q2687578,Inkpot Award,kb,"Inkpot Award, Geffen Award, World Fantasy Award for Life Achievement",books,1380-4
374,What year was Rebellion (Lies) released as a single?,Q1606407,Rebellion (Lies),2005-01-01T00:00:00Z,2005,kb,2005,music,124-2
1673,Where did Alessandro Del Piero born?,Q624,Alessandro Del Piero,Q47224,Conegliano,infobox,Conegliano,soccer,558-0
3921,Which club did Neymar join after FC Barcelona?,Q142794,Neymar,Q483020,Paris Saint-Germain F.C.,text,Paris Saint-Germain F.C.,soccer,1328-4
4098,How many goals did Mesut Özil scored for Arsenal F.C.?,Q83488,Mesut \u00D6zil,44,44,table,44,soccer,1388-2
3772,What is Mohamed Salahs height?,Q1354960,Mohamed Salah,176 centimetre,176 centimetre,text,176 centimetre,soccer,1279-0
796,What was the name of Alexandra Stan's debut album?,Q579607,Alexandra Stan discography,Q1933848,Saxobeats,table,Saxobeats,music,265-0
4239,Name of the first show he was a regular on?,Q381203,Ted Danson,Q1031083,Somerset,text,Somerset,tvseries,1436-1
2325,what is the original language of Breaking Bad Series?,Q1582890,"Breaking Bad, season 1",Q1079,Breaking Bad,kb,English,tvseries,776-0
513,"Little Women, where did you get it?",Q523076,Little Women,Q30,United States of America,kb,United States of America,books,170-3
556,What is the launch date of the album Baby One More Time?,Q190911,\u2026Baby One More Time,1999-01-12T00:00:00Z,12 January 1999,infobox,12 January 1999,music,185-0
2889,What famous American jazz musician makes an anachronistic cameo in Blazing Saddles?,Q957323,Blazing Saddles,Q107008,Count Basie,kb,Count Basie,movies,982-3
4498,Who played the main character in the movie Inception?,Q25188,Inception,Q38111,Leonardo DiCaprio,text,Leonardo DiCaprio,movies,1523-0
3624,Who is the author of the book Maus?,Q59696,Maus,Q325945,Art Spiegelman,infobox,Art Spiegelman,books,1230-0
1704,Which soccer club did Clint Dempsey begin his career with?,Q201860,Clint Dempsey,Q309095,New England Revolution,infobox,New England Revolution,soccer,568-1
4594,Band Euphoria formed by?,Q172367,Euphoria,Q3348185,Palash Sen,kb,Palash Sen,music,1555-0
1694,"Who was credited for the lyrics in OneRepublic's song ""Counting Stars""?",Q13422120,Counting Stars,Q351061,Ryan Tedder,kb,Ryan Tedder,music,564-3
4204,What year did Iron Maiden form?,Q42482,Iron Maiden,1975-01-01T00:00:00Z,1975,kb,1975,music,1424-0
3546, Jurassic Park movie release date?,Q167726,Jurassic Park,1993-06-09T00:00:00Z,9 June 1993,infobox,"June 9, 1993",movies,1203-0
1155,In what year did Blind Guardian release Battalions of Fear?,Q244258,Battalions of Fear,1988-01-01T00:00:00Z,1988,infobox,1988,music,384-3
1258,Is Tokyo Verdy an original member of J.League?,Q575453,J.League,Yes,Yes,text,Yes,soccer,418-4
2395,For which team did mbappe play in 2018 fifa?,Q21621995,Kylian Mbapp\u00E9,Q170645,2018 FIFA World Cup,infobox,France,soccer,799-0
1403,what is the date of birth of N'Golo Kanté player?,Q16665941,N'Golo Kant\u00E9,1991-03-29T00:00:00Z,29 March 1991,infobox,29 March 1991,soccer,468-0
517,What is the name of the director of 12 Years a Slave?,Q3023357,12 Years a Slave,Q706475,Steve McQueen,text,Steve McQueen,movies,172-1
2181,When did Season 2 of True Detective first air on HBO?,Q7847400,True Detective,2015-06-21T00:00:00Z,21 June 2015,text,"June 21, 2015",tvseries,726-4
4861,When did Hans Zimmer born?,Q76364,Hans Zimmer,1957-09-12T00:00:00Z,12 September 1957,kb,12 September 1957,music,1644-4
1601,How old was Prince when he released his first album?,Q7542,Prince,19,19,text,19,music,534-0
569,Who is the author of the book Alice's Adventures in Wonderland?,Q92640,Alice's Adventures in Wonderland,Q38082,Lewis Carroll,infobox,Lewis Carroll,books,190-0
3656,What is the death date of Munshi Premachand?,Q174152,Premchand,1936-10-08T00:00:00Z,8 October 1936,infobox,8 October 1936,books,1240-2
3661,On which date was the movie maqbool released in Toronto International Film Festival?,Q542866,Maqbool,2003-09-10T00:00:00Z,10 September 2003,infobox,10 September 2003,movies,1242-1
4282,What is date of birth of Mulk Raj Anand?,Q732434,Mulk Raj Anand,1905-12-12T00:00:00Z,12 December 1905,text,12 December 1905,books,1450-2
978,What is the name of the original broadcaster in Breaking Bad?,Q1079,Breaking Bad,Q294660,AMC,infobox,AMC,tvseries,326-1
4642,Which is the first movie in The Hobbit film series?,Q74331,The Hobbit,Q80379,The Hobbit: An Unexpected Journey,table,The Hobbit: An Unexpected Journey,movies,1572-0
3430,Who mixed this song?,Q86603333,Candy,Q16733227,Neal Pogue,text,Neal H Pogue,music,1164-2
677,which network released the series Daredevil?,Q16977365,Daredevil,Q907311,Netflix,kb,Netflix,tvseries,226-0
314,Who Was the Oops!... I Did It Again song on the Britney Spears album Baby One More Time?,Q733931,Oops!... I Did It Again,Yes,Yes,infobox,Yes,music,104-2
4952,How many Grammy Awards The Beatles band received?,Q1299,The Beatles,7,7,kb,7,music,1674-4
1698,Which 1992 legal drama movie starring Tom Cruise that was written by Aaron Sorkin?,Q299194,Aaron Sorkin,Q108946,A Few Good Men,table,A Few Good Men,tvseries,566-1
3021,Where was he born?,Q710739,Donald Bellisario,Q1131839,Cokeburg,infobox,"Cokeburg, PA",tvseries,1026-4
1581,Who killed Caleb in Buffy?,Q183513,Buffy the Vampire Slayer,Q1799459,Buffy Summers,text,Buffy,tvseries,526-4
1636,When did the album RTJ4 released?,Q96054303,RTJ4,2020-06-03T00:00:00Z,3 June 2020,text,3 June 2020,music,545-0
2299,What company produced American Horror Story: 1984?,Q63085806,American Horror Story: 1984,Q63085806,American Horror Story: 1984,text,FX,tvseries,766-4
2448,What awards has Winrich Kolbe won?,Q178387,Winrich Kolbe,Q3414212,Hugo Award for Best Dramatic Presentation,infobox,Hugo Award for Best Dramatic Presentation,tvseries,816-4
4077,Name of the first book of the series The Farseer Trilogy?,Q2512889,The Farseer Trilogy,Q2498822,Assassin's Apprentice,infobox,Assassin's Apprentice,books,1381-0
2566,What is the birthplace of Carly Simon?,Q181683,Carly Simon,Q18426,The Bronx,kb,The Bronx,music,865-0
2202,What record label did One Direction sign up with at first?,Q146027,One Direction,Q7659636,Syco Music,text,Syco Music,music,734-1
3197,What year did the Dukes of Hazzard premier on CBS?,Q459132,Cindy Parlow Cone,1979-01-01T00:00:00Z,1979,text,1979,tvseries,1086-0
3247,Which is the notable work of the Amit V. Masurkar?,Q28914756,Amit Masurkar,Q28914754,Newton,table,Newton (film),movies,1102-2
850,Who wrote the book the movie Kramer vs. Kramer is adapted from?,Q193577,Kramer vs. Kramer,Q352325,Avery Corman,text,Avery Corman,movies,283-0
114,Which nation did Raúl González play soccer for?,Q11576,Ra\u00FAl,Q29,Spain,table,Spain,soccer,38-0
3762,What is the name of the original broadcaster in Boston Public?,Q894582,Boston Public,Q166419,Fox Broadcasting Company,infobox,Fox Broadcasting Company,tvseries,1276-1
648,When did the sitcom Friends telecasted?,Q79784,Friends,22 September 1994 to 6 May 2004,22 September 1994 to 6 May 2004,text,22 September 1994 to 6 May 2004,tvseries,216-1
52,who is the executive producer of Mindhunter series?,Q25340152,Mindhunter,Q184903,David Fincher,kb,"David Fincher , Charlize Theron",tvseries,16-4
4765,Who directed The Wiz?,Q428158,The Wiz,Q51559,Sidney Lumet,infobox,Sidney Lumet,movies,1612-4
4707,Which year did Fleetwood Mac band form?,Q106648,Fleetwood Mac,1967-01-01T00:00:00Z,1967,infobox,1967,music,1594-0
3623,What was Kevin Grimes' team in 1992?,Q6396402,Kevin Grimes,Q587541,Miami Freedom,infobox,Miami Freedom,soccer,1229-0
1101,How many episodes in Jupiter's Legacy Tv series?,Q65120863,Jupiter's Legacy,8,8,kb,8,tvseries,366-3
2959,What is the date of birth of the Apurva Asrani?,Q4782324,Apurva Asrani,1978-03-21T00:00:00Z,21 March 1978,infobox,21 March 1978,tvseries,1006-1
685,Who is the head coach of Argentina national football team ?,Q79800,Argentina national football team,Q311586,Lionel Scaloni,infobox,Lionel Scaloni,soccer,228-2
3716,Who director of Enola Holmes?,Q65032692,Enola Holmes,Q97455101,Harry Bradbeer,infobox,Harry Bradbeer,books,1260-2
1509,What is date of birth of Nushrratt Bharuccha?,Q7070357,Nushrat Bharucha,1985-05-17T00:00:00Z,17 May 1985,infobox,17 May 1985,movies,502-4
4803,Who is the writer of the TV series Hellbound?,Q100934044,Hellbound,Q2964330,Choi Kyu-sok,infobox,Choi Kyu-sok,tvseries,1626-0
2864,Who was the guitarist of Madonna?,Q855091,guitarist,Q2405480,voice actor,table,philanthropist,music,974-3
2758,What is the current team of the Zinedine Zidane?,Q1835,Zinedine Zidane,Q8682,Real Madrid C.F.,infobox,Real Madrid CF,soccer,938-4
3542,"When was the movie ""Jurassic Park"" released?",Q167726,Jurassic Park,1993-06-09T00:00:00Z,9 June 1993,infobox,"June 9, 1993",movies,1202-0
3335,What is Daniel Craig's mother's name?,Q4547,Daniel Craig,Q110414150,Carol Olivia Williams,infobox,Carol Olivia Williams,movies,1132-3
995,When was Inception released?,Q25188,Inception,2010-07-08T00:00:00Z,8 July 2010,kb,8 July 2010,movies,332-0
2192,What are the three parts of the poem The Divine Comedy?,Q40185,The Divine Comedy,Q4509219,Inferno,text,Inferno;Purgatorio;Paradiso,books,730-3
1464,What was the name of the football club Mikel Arteta represented in the year 2003?,Q185572,Mikel Arteta,Q19597,Rangers F.C.,table,Rangers F.C.,soccer,488-1
3001,What company published the book?,Q3210399,Welcome to Dead House,Q1155729,Scholastic Corporation,kb,Scholastic Corporation,books,1020-2
2530,What year was the book Angry Blonde written by the rapper Eminem get published?,Q16825144,Angry Blonde,2000-01-01T00:00:00Z,2000,table,2000,music,844-2
1478,Who won the Los Angeles Film Critics Association Award for Best Actor in Ordinary People?,Q503034,Los Angeles Film Critics Association Award for Best Actor,Q310324,Timothy Hutton,text,Timothy Hutton,movies,492-3
4466,In what metropolitan location does the film Kramer vs. Kramer take place?,Q193577,Kramer vs. Kramer,Q60,New York City,text,New York City,movies,1512-2
1749,"When was the final James Bond Movie, No Time to Die released in theaters?",Q21534241,No Time to Die,2021-01-01T00:00:00Z,2021,infobox,2021,movies,582-4
4911,What is the title of the first Wheel of Time book?,Q4470,The Wheel of Time,Q477994,The Eye of the World,table,The Eye of the World,books,1661-0
1739,In what novel did James Bond first appear?,Q17437796,featured article,Q1047711,Casino Royale,kb,Casino Royale,books,580-0
3471,Which soccer player scored the most number of goals in the UEFA Euro 2004 tournament?,Q102920,UEFA Euro 2004,Q180581,Milan Baro\u0161,table,Milan Baroš,soccer,1178-1
2974,who is the author of The Scarlet Letter ?,Q907568,The Scarlet Letter,Q69339,Nathaniel Hawthorne,kb,Nathaniel Hawthorne,books,1011-0
698,What is the duration of the movie Oblivion?,Q638544,Oblivion,125 minute,125 minute,kb,125 minute,movies,232-3
2970,who is the publisher of The Scarlet Letter?,Q907568,The Scarlet Letter,"Ticknor, Reed & Fields","Ticknor, Reed & Fields",infobox,"Ticknor, Reed & Fields",books,1010-1
162,What is the launch date of the album LSD?,Q60741532,LSD,2019-04-12T00:00:00Z,12 April 2019,text,12 April 2019,music,54-0
4773,Who created the TV series Curb Your Enthusiasm?,Q23722,Curb Your Enthusiasm,Q23728,Larry David,text,Larry David,tvseries,1616-0
4199,Who played Agatha Trunchbull in the 1996 film Matilda?,Q280400,Matilda,Q234071,Pam Ferris,kb,Pam Ferris,movies,1422-1
4893,Bismillah khan referred by the name?,Q379707,Bismillah Khan,Q289585,Ustad,text,Ustad,music,1655-0
1565,Who played the Cat  in the 2003 adaptation of The Cat in the Hat?,Q1286387,The Cat in the Hat,Q185724,Mike Myers,kb,Mike Myers,movies,522-0
4085,When did music composer John Barry born?,Q111074,John Barry,1933-11-03T00:00:00Z,3 November 1933,kb,3 November 1933,music,1384-1
4203,Who played Matilda in the 1996 film Matilda?,Q280400,Matilda,Q237270,Mara Wilson,text,Mara Wilson,movies,1423-0
1221,Who is the voice actor of the character of Lois Griffin?,Q853073,Lois Griffin,Q116219,Alex Borstein,table,Alex Borstein,tvseries,406-3
3029,What is the genre of the novel Charlotte's Web?,Q45735,Charlotte's Web,Q21615367,children's novel,infobox,children's novel,books,1030-0
410,What spin off series was aired in prime time?,Q1026823,Saved by the Bell,Q2397789,Saved by the Bell: The College Years,infobox,Saved by the Bell: The College Years,tvseries,136-2
3518,Which year did Coldplay become a band?,Q45188,Coldplay,1996-01-01T00:00:00Z,1996,kb,1996,music,1194-0
3826,Who played Dean Winchester in Supernatural?,Q130585,Supernatural,Q193513,Jensen Ackles,text,Jensen Ackles,tvseries,1297-0
97,What is the name of the movie in which Gregory Peck played the character of a lawyer which is based on the novel written by author Harper Lee?,Q108366,Gregory Peck,Q177922,To Kill a Mockingbird,text,To Kill a Mockingbird,movies,32-1
3151,Who was the author of the book In Search of Lost Time?,Q464928,In Search of Lost Time,Q7199,Marcel Proust,kb,Marcel Proust,books,1070-2
4416,Who were the founders of Atlantic Records?,Q202440,Atlantic Records,Q352760,Ahmet Erteg\u00FCn,text,Ahmet Ertegun;Herb Abramson,music,1494-4
1291,What was The Chosen first published?,Q2752989,The Chosen,1967-01-01T00:00:00Z,1967,text,1967,books,430-1
548,What is the release date of the movie Dilwale Dulhania Le Jayenge?,Q849343,Dilwale Dulhania Le Jayenge,1995-10-20T00:00:00Z,20 October 1995,infobox,20 October 1995,movies,182-3
337,who is the composer of the flim tom and jerry?,Q65921361,Tom & Jerry,Q1086291,Christophe Beck,kb,Christophe Beck,movies,112-1
2924,What genre does the band Massive Attack play?,Q357418,Massive Attack,Q205560,trip hop,kb,Trip Hop,music,994-2
527,What voice type Selena Gomez?,Q83287,Selena Gomez,Q186506,Mezzo-soprano,infobox,mezzo-soprano,music,175-0
2942,Which is the second novel of the series Discworld?,Q3257270,Discworld books,Q469969,The Light Fantastic,table,The Light Fantastic,books,1000-2
1968,Who played as Doctor John Watson in Sherlock (TV series)?,Q192837,Sherlock,Q309486,Martin Freeman,text,Martin Freeman,tvseries,656-1
653,How many European Golden Shoes was won by Lionel Messi?,Q615,Lionel Messi,Q3485574,six,text,six,soccer,218-0
1862,When did Alexandre Dumas get the final part of The Vicomte of Bragelonne: Ten Years Later published?,Q769001,The Vicomte of Bragelonne: Ten Years Later,1850-01-01T00:00:00Z,1850,kb,1850,books,620-3
3482,What genre is this movie Harley Quinn: Birds of Prey?,Q57177410,Birds of Prey,Q1535153,superhero film,kb,superhero film,movies,1182-0
1384,what is the first line of the Nineteen Eighty-Four  Book?,Q208460,Nineteen Eighty-Four,"It was a bright cold day in April, and the clocks were striking thirteen.","It was a bright cold day in April, and the clocks were striking thirteen.",infobox,"It was a bright cold day in April, and the clocks were striking thirteen.",books,460-4
2633,What team won the Men's World Cup in 1982?,Q46934,1982 FIFA World Cup,Q676899,Italy national association football team,infobox,Italy national football team,soccer,888-0
2575,Who is the current head coach of Chicago Fire?,Q308683,Chicago Fire Soccer Club,Q1008088,Ezra Hendrickson,table,Ezra Hendrickson,soccer,868-2
3786,What was Black Eyed Peas' debut album after being signed by Interscope Records?,Q134541,Black Eyed Peas,Q290548,Behind the Front,table,Behind the Front,music,1284-1
4049,What is the genre of the film The Next Three Days?,Q263930,The Next Three Days,Q959790,crime film,infobox,crime film,movies,1372-0
366,What's the sequel to Finding Nemo?,Q132863,Finding Nemo,Q9321426,Finding Dory,text,Finding Dory,movies,122-0
163,How many tracks are there in the album LSD?,Q60741532,LSD,10,10,table,10,music,54-1
4226,"Name of ""The Hunger Games'"" writer?",Q11678,The Hunger Games,Q228624,Suzanne Collins,text,Suzanne Collins,books,1431-0
2295,Who is Rachel in Glee?,Q152178,Glee,Q1990104,Rachel Berry,text,Lea Michele,tvseries,766-0
3208,Who oversees the regulation of soccer in the United States?,Q610674,soccer in the United States,Q610674,soccer in the United States,text,The United States Soccer Federation,soccer,1089-0
1978,What is the full name of footballer Neymar?,Q142794,Neymar,Neymar da Silva Santos Júnior,Neymar da Silva Santos Júnior,kb,Neymar da Silva Santos Júnior,soccer,659-0
2050,What science fiction thriller movie featuring Sandra Bullock came out in 2013?,Q40791,Sandra Bullock,Q2579784,Gravity,text,Gravity,movies,683-0
617,What is the central theme of The Following television series?,Q1189631,The Following,Q484188,serial killer,infobox,serial killer,tvseries,206-0
2150,What is the name of the actor who portrayed the bumbling anchorman on the situation comedy The Mary Tyler Moore Show?,Q7692997,Ted Baxter,Q1277943,Ted Knight,text,Ted Knight,tvseries,716-3
135,Which of the Black Eyed Peas albums did Fergie first appear on?,Q180004,Fergie,Q832375,Elephunk,text,Elephunk,music,44-3
1504,Who wrote the novel The Great Gatsby?,Q214371,The Great Gatsby,Q93354,F. Scott Fitzgerald,kb,F. Scott Fitzgerald,books,501-0
3969,who are all member category of the music  Avenged Sevenfold ?,Q165193,Avenged Sevenfold,Q6356448,Category:Avenged Sevenfold members,kb,Category:Avenged Sevenfold members,music,1344-4
1647,How many matches has Roque Júnior played for Brazil national football team?,Q315831,Roque J\u00FAnior,48,48,text,48,soccer,548-4
912,What is the genre played by the Composer Ennio Morricone?,Q492264,Film score,Q23848,Ennio Morricone,kb,film score,music,304-1
1794,What is the birth date of Dele Alli?,Q10553748,Dele Alli,1996-04-11T00:00:00Z,11 April 1996,infobox,11 April 1996,soccer,598-1
928,In 2009 which award received by Josep Guardiola?,Q164038,Pep Guardiola,Q4894169,Catalan of the year Award,kb,Catalan of the year Award,soccer,309-0
3641,instrument of music by Zhou Long?,Q2382001,Zhou Long,Q5994,piano,text,piano,music,1235-0
2277,What is the name of the author of Percy Jackson and the Olympians?,Q213167,Percy Jackson & the Olympians,Q212727,Rick Riordan,kb,Rick Riordan,books,760-0
3320,"Who was the head coach of the ""New York Red Bulls"" soccer team?",Q204220,New York Red Bulls,Q5550774,Gerhard Struber,infobox,Gerhard Struber,soccer,1128-0
2819,How do people call Manchester United?,Q18656,Manchester United F.C.,Q18656,Manchester United F.C.,kb,The Red Devils,soccer,959-0
3389,Who is the son of premchand?,Q174152,Premchand,Q16019529,Amrit Rai,infobox,Amrit Rai,books,1150-3
480,What is the publication date of the novel Native son?,Q165599,Native Son,1940-03-01T00:00:00Z,1 March 1940,kb,1 March 1940,books,160-0
3215,who was the director for the Movie Batman v Superman: Dawn of Justice?,Q14772351,Batman v Superman: Dawn of Justice,Q139890,Zack Snyder,table,Zack Snyder,movies,1092-0
2979,what is the original language of Stargirl movie?,Q57474414,Stargirl,Q1860,English,infobox,English,movies,1012-4
4686,Who was the first winner of the first season of the TV series Survivor?,Q28856068,Survivor,Q3364044,Richard Hatch,table,Richard Hatch,tvseries,1586-3
986,What is the Antoine Griezmann sport number?,Q455462,Antoine Griezmann,8,8,infobox,8,soccer,328-3
1926,Which actor played Juror 8 in 12 Angry Men?,Q12052414,Juror #8,Q19155,Henry Fonda,kb,Henry Fonda,movies,642-1
2438,Who is the main artist who recorded Graduation?,Q1129439,Graduation,Q15935,Kanye West,kb,Kanye West,music,814-0
2036,In which year Chris Kamara joined Portsmouth F.C.?,Q1077393,Chris Kamara,Q16667208,November 1974,text,November 1974,soccer,678-3
684,who is the fitness coach of Argentina national football team ?,Q79800,Argentina national football team,Luis Martín,Luis Martín,table,Luis Martín,soccer,228-1
4037,From which country is RB Leipzig?,Q702455,RB Leipzig,Q183,Germany,kb,Germany,soccer,1368-0
1310,How many episodes of Dallas were there?,Q168708,Dallas,357,357,text,357,tvseries,436-2
717,What is Kevin De Bruyne speciality position?,Q357984,Kevin De Bruyne,Q193592,midfielder,kb,Midfielder,soccer,238-4
502,How many episodes are there in first season?,Q23001951,Riverdale,13,13,table,13,tvseries,166-4
2015,Who is the editor of film Shazam!?,Q23685878,Shazam!,Q62015683,Michel Aller,infobox,Michel Aller,movies,672-0
2032,Who composed Teen Wolf?,Q836393,Teen Wolf,Q557954,Dino Meneghin,infobox,Dino Meneghin,tvseries,677-0
4850,Release year of first Dragonriders of Pern book?,Q1254342,Dragonriders of Pern,1968-01-01T00:00:00Z,1968,infobox,1968,books,1641-0
4056,Which award has this 'Green Day' band been win for?,Q47871,Green Day,Q179191,Rock and Roll Hall of Fame,infobox,Rock and Roll Hall of Fame,music,1374-1
4648,In which year was the band U2 formed?,Q396,U2,1976-01-01T00:00:00Z,1976,kb,1976,music,1574-0
289,"What was the original language of the series ""Breaking Bad""?",Q1079,Breaking Bad,Q1860,English,infobox,English;Spanish,tvseries,96-1
4633,On what date was FC Nantes founded?,Q192071,F.C. Nantes,Q192071,F.C. Nantes,infobox,"April 21, 1943",soccer,1568-3
3855,What is the total number of Emmy Awards received by Amy Sherman-Palladino?,Q436780,Amy Sherman-Palladino,6,6,text,6,tvseries,1306-4
3397,Who wrote the story of the film Lagaan?,Q843949,Lagaan,Q281249,Ashutosh Gowariker,infobox,Ashutosh Gowariker,movies,1153-0
202,What is the name of the TV series played by Joe Manganiello where his character was called Alcide Herveaux?,Q470005,Joe Manganiello,Q186219,True Blood,text,True Blood,tvseries,66-4
3494,what genre is The Umbrella Academy?,Q44535025,The Umbrella Academy,Q1366112,drama television series,kb,"Black comedy, Drama ,Science fiction, Superhero ,Fantasy",tvseries,1186-0
408,What show did Lark Voorhies first appear on?,Q440070,Lark Voorhies,Q639023,"Good Morning, Miss Bliss",table,"Good Morning, Miss Bliss",tvseries,136-0
3480,how many pages of Brave New World book?,Q191949,Brave New World,311,311,table,311,books,1180-4
1148,Who wrote the movie Hackers?,Q13908,Hackers,Q7282227,Rafael Moreu,infobox,Rafael Moreu,movies,382-2
1252,Which tv show did Joel de la Fuente worked on before starring in Space: Above and Beyond?,Q6214117,Joel de la Fuente,Q24620,Due South,text,Due South,tvseries,416-4
284,"What was the label of the song ""Into You""?",Q24026109,Into You,Q4413456,Republic Records,kb,Republic,music,94-2
4891,What is the name of highest awarded to bismillah khan?,Q379707,Bismillah Khan,Q322132,Bharat Ratna,text,Bharat Ratna,music,1654-3
2986,When was the Australian country song Dance Monkey released?,Q65071242,Dance Monkey,2019-05-10T00:00:00Z,10 May 2019,table,10 May 2019,music,1015-0
730,What is the name of the producer of the movie The Devil Wears Prada?,Q223316,The Devil Wears Prada,Q459177,Wendy Finerman,infobox,Wendy Finerman,movies,243-0
2502,What year was the album Fair & Square released?,Q5429755,Fair & Square,2005-01-01T00:00:00Z,2005,text,2005,music,834-4
1732,What genre does the Mortal television series belong to?,Q65940913,Mortal,Q319221,adventure film,infobox,"fantasy film,adventure film",tvseries,577-0
2651,Budget of Titanic movie?,Q44578,Titanic,$200 million,$200 million,table,$200 million,movies,903-0
559,Who is the Distributor of the TV series Dark Desire?,Q85809906,Dark Desire,Q907311,Netflix,infobox,Netflix,tvseries,186-2
2666,Which is Zinedine Zidane position while playing?,Q1835,Zinedine Zidane,Q193592,midfielder,kb,midfielder,soccer,908-2
558,Who is the composer of the TV series Dark Desire?,Q85809906,Dark Desire,Q75557886,Giovanni Rotondo,infobox,Giovanni Rotondo,tvseries,186-1
1925,Which juror was the first to vote not guilty in 12 Angry Men?,Q2345,12 Angry Men,Q12052414,Juror #8,text,Juror 8,movies,642-0
298,"How many players in the Columbus Crew Soccer Club as of December 1, 2021?",Q457163,Columbus Crew,31,31,table,31,soccer,98-4
92,What is the name of Emily Brontë's sibling who authored the book Jane Eyre?,Q80137,Emily Bront\u00EB,Q127332,Charlotte Bront\u00EB,text,Charlotte Brontë,books,30-2
940,What is the release date of the film The Terminator?,Q162255,The Terminator,1984-10-26T00:00:00Z,26 October 1984,infobox,"October 26, 1984",movies,313-0
4800,Who is the lead guitarist of the band Queen?,Q15862,Queen,Q15873,Brian May,text,Brian May,music,1624-3
4117,"How many tracks are on Jay-Z's 11th studio album, The blueprint 3?",Q1110592,The Blueprint 3,15,15,table,15,music,1394-3
3341,What is the origin city of The Who music band?,Q93346,The Who,Q145,United Kingdom,infobox,United Kingdom,music,1134-3
4875,What is the genre of the Novel The White Tiger?,Q2301826,The White Tiger,Q465821,epistolary novel,kb,epistolary novel,books,1650-0
4306,What is the current club Bojan Krkić playing for?,Q179172,Bojan Krki\u0107,Q844271,Vissel Kobe,infobox,Vissel Kobe,soccer,1458-2
1186,The Aerosmith music influenced by?,Q126826,Aerosmith,Q2331,Led Zeppelin,infobox,"The Rolling Stones,Led Zeppelin",music,394-4
1885,Who was second plae at the 2019 FIFA women's world cup?,Q4630361,2019 FIFA Women's World Cup,Q841563,Netherlands women's national football team,kb,Netherlands women's national football team,soccer,628-2
1733,What is the country for sport of the Memphis Depay ?,Q1894,Memphis Depay,Q55,Netherlands,infobox,Netherlands,soccer,578-0
643,In Which country did the band Coldplay formed?,Q45188,Coldplay,Q145,United Kingdom,kb,United Kingdom,music,214-2
2928,What is the TV series Money Heist called in Spanish?,Q29647346,Money Heist,La casa de papel,La casa de papel,text,La casa de papel,tvseries,996-0
794,When was the album Cliché (Hush Hush) by Alexandra Stan released?,Q17625735,Clich\u00E9 (Hush Hush),2013-10-02T00:00:00Z,2 October 2013,infobox,2 October 2013,music,264-3
4139,Which movie was followed by the movie 101 Dalmatians?,Q8594,101 Dalmatians,Q165847,102 Dalmatians,text,102 Dalmatians,movies,1402-1
3066,When did Michael Fassbender born?,Q57147,Michael Fassbender,1977-04-02T00:00:00Z,2 April 1977,kb,2 April 1977,movies,1042-1
1375,Which Football Association of Wales honor did Gareth Bale win multiple times?,Q184586,Gareth Bale,Q31307528,Welsh Footballer of the Year,text,Welsh Footballer of the Year,soccer,458-1
3691,What number of children does Brad Pitt have?,Q35332,Brad Pitt,6,6,kb,6,movies,1252-1
4367,What is the name of the head coach of the club Hellas Verona F.C.?,Q8639,Hellas Verona F.C.,Q556688,Ivan Juri\u0107,kb,Ivan Jurić,soccer,1478-3
347,What is the instrument played by the Composer Tan Dun?,Q314176,Tan Dun,Q742180,viola d'amore,kb,viola d'amore,music,115-0
432,Which singer also starred in the 1997 movie Selena?,Q751130,Selena,Q40715,Jennifer Lopez,text,Jennifer Lopez,music,144-0
2329,Peaky Blinders web series is from?,Q14944179,Peaky Blinders,Q14944179,Peaky Blinders,table,United Kingdom,tvseries,776-4
3954,who is the author of Crime and Punishment book?,Q165318,Crime and punishment,Q991,Fyodor Dostoyevsky,infobox,Fyodor Dostoyevsky,books,1340-1
4702,Who is the director of Parasite movie?,Q61448040,Parasite,Q495980,Bong Joon-ho,kb,Bong Joon-ho,movies,1592-1
3423,What was the title of the first movie directed by him?,Q223992,Wes Craven,Q1141504,The Last House on the Left,table,The Last House on the Left,movies,1162-1
1081,What is the second book of Earth's Children series?,Q999222,Earth's Children hexalogy,Q1841196,The Valley of Horses,kb,The Valley of Horses,books,360-1
2835,"Where the song ""Love Me Like You Do""released first?",Q18758167,Love Me Like You Do,Q30,United States of America,table,"Canada,United Stated",music,964-3
3043,What is the award received in the year 1968 by Benjamin Britten?,Q1165751,L\u00E9onie Sonning Music Prize,Q150767,Benjamin Britten,text,Léonie Sonning Music Prize,music,1034-2
2792,who was the author for Pride and Prejudice book?,Q170583,Pride and Prejudice,Q940014,Pride and Prejudice,table,Jane Austen,books,950-2
3543,"What was the running time of the movie  ""Jurassic Park""?",Q167726,Jurassic Park,128 minutes,128 minutes,infobox,128 minutes,movies,1202-1
469,"What was the genre of ""Emily in Paris"" series?",Q64584978,Emily in Paris,Q859369,comedy-drama,kb,comedy-drama,tvseries,156-1
2396,What is the Genre of the book Hamlet?,Q41567,Hamlet,Q80930,tragedy,infobox,tragedy,books,800-0
3463,The song Walk Like an Egyptian was from which band?,Q1885339,Walk Like an Egyptian,Q214418,The Bangles,text,The Bangles,music,1175-0
2337,Which is the second book of the series His Dark Materials?,Q129240,His Dark Materials trilogy,Q472208,The Subtle Knife,kb,The Subtle Knife,books,780-0
3359,When was Ron Howard's first child born?,Q103646,Ron Howard,1981-01-01T00:00:00Z,1981,text,1981,books,1140-3
4385,What country is Ancient Bards from?,Q3615207,Ancient Bards,Q38,Italy,kb,Italy,music,1484-3
3478,What is the publication date of Brave New World book?,Q191949,Brave New World,1932-01-01T00:00:00Z,1932,kb,1932,books,1180-2
152,What is the death date of the Brian Jacques?,Q468851,Brian Jacques,2011-02-05T00:00:00Z,5 February 2011,text,5 February 2011,books,50-2
3132,Who was Madonna's first husband?,Q1744,Madonna,Q44221,Sean Penn,text,Sean Penn,music,1064-1
64,In which city Patrick Rothfuss was born?,Q514546,Patrick Rothfuss,Q43788,Madison,kb,Madison,books,20-4
991,What is the setting of Watership Down?,Q936801,Watership Down,Q23204,Hampshire,kb,Hampshire,books,330-2
1027,Who is the director of the movie Mimi?,Q85785582,Mimi,Q61989043,Laxman Utekar,infobox,Laxman Utekar,movies,342-2
2843,Where is the National Women's Soccer League played?,Q1101443,National Women's Soccer League,Q30,United States of America,text,United States of America,soccer,968-0
309,Who was the distributor of the picture Man of Steel?,Q622769,Man of Steel,Q126399,Warner Bros.,infobox,Warner Bros. Pictures,movies,102-3
701,Jonas Brothers had how many band members?,Q134233,Jonas Brothers,3,3,infobox,3,music,234-0
3406,Who is the chancellor of the University of Toronto?,Q180865,University of Toronto,Q58416650,Rose Patten,infobox,Rose Patten,tvseries,1156-2
28,Which club played in 2016 by Paul Pogba?,Q129027,Paul Pogba,Q1422,Juventus F.C.,kb,Juventus F.C.,soccer,8-4
3698,Where was Aretha Franklin born?,Q125121,Aretha Franklin,Q16563,Memphis,kb,Memphis,music,1254-2
4440,What is Tom Cruise's family name?,Q37079,Tom Cruise,Q16865901,Cruise,infobox,Cruise,movies,1502-4
1102,Original broadcaster of Jupiter's Legacy Tv series?,Q65120863,Jupiter's Legacy,Q907311,Netflix,kb,Netflix,tvseries,366-4
2929,Who was the creator of the TV series Money Heist?,Q29647346,Money Heist,Q47493874,Alex Pina,infobox,Álex Pina,tvseries,996-1
1204,What noble title was given to the writer,Q190220,Philip Pullman,Q833163,Knight Bachelor,kb,Knight Bachelor,books,400-4
3939,What is the country of citizenship  of the music director Yuvan Shankar Raja?,Q1387724,Yuvan Shankar Raja,Q668,India,text,India,music,1334-4
2007,how much goal did Alisson scored in Brazil national under-17 football team?,Q18237361,Alisson,3,3,infobox,3,soccer,668-4
3175,What is Frank Lampard's date of birth?,Q41533,Frank Lampard,1978-06-20T00:00:00Z,20 June 1978,kb,20 June 1978,soccer,1078-2
4266,Which hip hop group did Eminem member?,Q5608,Eminem,Q154543,D12,text,D12,music,1444-4
2421,What position played on team by the player Mohamed Salah?,Q1354960,Mohamed Salah,Q280658,forward,infobox,Forward,soccer,808-1
379,What travel show was Richard Ayoade on?,Q1333118,Richard Ayoade,Q22948830,Travel Man,text,Travel Man,tvseries,126-1
2946,Who is the writer of the movie Shershaah?,Q65065643,Shershaah,Sandeep Shrivastava,Sandeep Shrivastava,kb,Sandeep Shrivastava,movies,1002-0
3323,"""New York Red Bulls"" soccer team?",Q204220,New York Red Bulls,Q336330,Harrison,kb,Harrison,soccer,1128-3
4678,What is the family name of Steven Tyler?,Q194045,Steven Tyler,Q21511918,Tallarico,kb,Tallarico,music,1584-1
999,Where is Hans Zimmer from?,Q76364,Hans Zimmer,Q183,Germany,kb,Germany,movies,332-4
2058,What is the name of the channel where the show Vikings premiered?,Q2579463,Vikings,Q1621065,History,infobox,History,tvseries,686-1
2383,How many band members did The beatles have?,Q1299,The Beatles,4,4,infobox,4,music,795-0
4554,When did Keanu Reeves born?,Q43416,Keanu Reeves,1964-09-02T00:00:00Z,2 September 1964,kb,2 September 1964,movies,1542-1
4143,The novel that is based on the movie 101 Dalmatians?,Q8594,101 Dalmatians,Q8563,The Hundred and One Dalmatians,infobox,The Hundred and One Dalmatians,movies,1403-0
3307,Record label of the movie The Irishman?,Q29057443,The Irishman,Q56760250,Sony Music,kb,Sony Music,movies,1123-0
914,What is nominated for the Composer Ennio Morricone?,Q23848,Ennio Morricone,Q488651,Academy Award for Best Original Score,text,Academy Award for Best Original Score,music,304-3
2271,What team plays their home games in Yankee Stadium?,Q753529,Yankee Stadium,Q13361030,New York City FC,infobox,New York City Football Club,soccer,758-0
4533,What award did Michael Jackson receive in 2010?,Q2831,Michael Jackson,Q935843,Grammy Lifetime Achievement Award,kb,Grammy Lifetime Achievement Award,music,1534-4
2696,who is the sponsor of FC Barcelona team?,Q7156,FC Barcelona,Q973054,Rakuten,kb,"Rakuten , Beko",soccer,918-2
3914,Which character in the TV series The Conners was played by Johnny Galecki ?,Q295739,Johnny Galecki,Q56471830,The Conners,text,David Healy,tvseries,1326-3
69,Who is the director of The Social Network movie?,Q185888,The Social Network,Q184903,David Fincher,kb,David Fincher,movies,22-3
1320,What year was the first book of the series Old Kingdom published?,Q15624191,Old Kingdom,1995-01-01T00:00:00Z,1995,table,1995,books,440-0
1996,What is the year of the Black Flag band's formation?,Q464476,Black Flag,1976-01-01T00:00:00Z,1976,infobox,1976,music,665-0
3793,What year did Isaac Hayes who voiced Chef quit South Park?,Q16538,South Park,2006-01-01T00:00:00Z,2006,text,2006,tvseries,1286-2
4590,What is the date of birth of the Palash Sen?,Q3348185,Palash Sen,1965-09-23T00:00:00Z,23 September 1965,infobox,23 September 1965,music,1554-1
1717,Who is the performer of the Jaws movie?,Q189505,Jaws,Q131285,John Williams,infobox,John Williams,movies,572-2
204,Which national team does Kylian Mbappé play soccer for?,Q21621995,Kylian Mbapp\u00E9,Q47774,France national association football team,text,France national association football team,soccer,68-0
4904,Which country Neymer did played for?,Q142794,Neymar,Q155,Brazil,text,Brazil,soccer,1658-4
4856,Who played as Mason Evans Jr. in Boyhood?,Q4103201,Boyhood,Q16728806,Ellar Coltrane,kb,Ellar Coltrane,movies,1643-0
3600,Who directed They Shall Not Grow Old?,Q57414487,They Shall Not Grow Old,Q4465,Peter Jackson,text,Peter Jackson,movies,1222-0
2661,Who is the creator of House of Cards tv series?,Q3330940,House of Cards,Q4877396,Beau Willimon,infobox,Beau Willimon,tvseries,906-3
731,What is the singer Gordon Matthew Thomas Sumner popularly known as?,Sting,Sting,Q483203,Sting,text,Sting,music,244-0
1074,How to describe the Charlotte Football Club?,Q78944434,Charlotte FC,American professional soccer club based in Charlotte,American professional soccer club based in Charlotte,text,American professional soccer club based in Charlotte,soccer,358-0
2708,"Who was the Vito's youngest son in the movie ""The Godfather""?",Q47703,The Godfather,Q835154,Michael Corleone,text,Michael,movies,922-2
763,What song is Jerry Jeff Walker best known for?,Q979411,Jerry Jeff Walker,Q841967,Mr. Bojangles,text,Mr. Bojangles,music,254-2
1452,Who is the bassist of Fugazi?,Q277865,Fugazi,Q939445,Joe Lally,text,Joe Lally,music,484-1
1766,Who are the current Major League Soccer champions?,Q13361030,New York City FC,Q13361030,New York City FC,text,New York City FC,soccer,588-3
523,What is Selena Gomez's most significant work?,Q213588,Barney & Friends,Q550520,Another Cinderella Story,table,"Barney & Friends, Another Cinderella Story",music,174-1
4426,Which team joined Major League Soccer in the 2021 season?,Q103821894,2021 Major League Soccer season,Q60643348,Austin FC,text,Austin FC,soccer,1498-2
2602,Country belongs to tv series Hellbound?,Q100934044,Hellbound,Q884,South Korea,infobox,South Korea,tvseries,877-0
751,What was the name of Becky Chambers' first published book?,Q25298820,Becky Chambers,Q41663451,"The Long Way to a Small, Angry Planet",text,"The Long Way to a Small, Angry Planet",books,250-2
3974,what is main subject in TV series  Person of Interest ?,Q564345,Person of Interest,Q328473,New York City Police Department,kb,New York City Police Department,tvseries,1346-3
726,What is the name of the role played by the actress Meryl streep in the movie The Devil Wears Prada?,Q873,Meryl Streep,Q2720206,Miranda Priestly,text,Miranda Priestly,movies,242-1
3964,Director of the movie Black Widow?,Q23894626,Black Widow,Q441510,Cate Shortland,infobox,Cate Shortland,movies,1343-0
3895,who wrote the Simon & Schuster?,Q1756332,Simon & Schuster,Q208101,Joseph Heller,infobox,Joseph Heller,books,1320-2
2423,Which team played in 2015 by the player Mohamed Salah?,Q1354960,Mohamed Salah,Q2052,ACF Fiorentina,text,ACF Fiorentina,soccer,808-3
1272,What is the release date of The Suburbs?,Q1575638,The Suburbs,2010-08-02T00:00:00Z,2 August 2010,kb,2 August 2010,music,424-0
4496,What is the name of Christopher Nolan's spouse?,Q25191,Christopher Nolan,Q242951,Emma Thomas,kb,Emma Thomas,movies,1522-3
3318,"What was the aspect ratio of the series ""Mare of Easttown""?",Q61040213,Mare of Easttown,Q30302657,2:1,kb,2:1,tvseries,1126-4
3283,What is naminated for music director Elton John?,Q2808,Elton John,Q112243,Academy Award for Best Original Song,kb,Academy Award for Best Original Song,music,1114-4
2743,What is the earlier name of the band Pearl Jam?,Q142701,Pearl Jam,Q952463,Mookie Blaylock,infobox,Mookie Blaylock,music,934-1
614,What is the origin city of Queen band?,Q15862,Queen,Q145,United Kingdom,infobox,United Kingdom,music,204-3
941,what year was Def Leppard formed?,Q182890,Def Leppard,1977-01-01T00:00:00Z,1977,kb,1977,music,314-0
3298,"Who was the cover artist of the book ""To the Lighthouse""?",Q478016,To the Lighthouse,Q28533531,Vanessa Bell,infobox,Vanessa Bell,books,1120-2
1217,Who is the main singer of the band Green Day?,Q47871,Green Day,Q712592,Billie Joe Armstrong,text,Billie Joe Armstrong,music,405-0
3707,Which actor played the character of Dexter Morgan in Dexter the TV show?,Q23577,Dexter,Q203268,Michael C. Hall,text,Michael C. Hall,tvseries,1257-0
2208,What number of episodes did the TV series Coupling have?,Q1137587,Coupling,4,4,table,4,tvseries,736-1
2874,country of citizenship of Lionel Messi?,Country of Native Lionel Messi?,Country of Native Lionel Messi?,Q414,Argentina,kb,"Argentina, Spain, Italy",soccer,978-0
2231,What is the audio length of the album Vande Mataram?,Q12452104,Vande Mataram,55:25,55:25,infobox,55:25,music,744-1
2301,In what team is working Lionel Messi in 2021?,Q615,Lionel Messi,Q615,Lionel Messi,text,Paris Saint-Germain,soccer,768-0
2017,What is the running time of Shazam! film?,Q23685878,Shazam!,132 minutes,132 minutes,infobox,132 minutes,movies,672-2
4063,What is the name of the original broadcaster in Downton Abbey?,Q83071,Downton Abbey,Q220072,ITV,infobox,ITV,tvseries,1376-2
2657,In which year was Metallica band founded?,Q15920,Metallica,1981-01-01T00:00:00Z,1981,kb,1981,music,905-0
764,What year end chart did Mr. Bojangles rank 44th on in 1971?,Q841967,Mr. Bojangles,Q180072,Billboard Hot 100,table,Billboard Hot 100,music,254-3
1402,where is the filming location of the Arrow  TV series?,Q552314,Arrow,Q24639,Vancouver,infobox,Vancouver,tvseries,466-4
2748,Who is the creative director of the TV series RadhaKrishn?,Q56485183,RadhaKrishn,Nitin Mathura Gupta,Nitin Mathura Gupta,kb,Nitin Mathura Gupta,tvseries,936-0
3411,What is birth place of Serge Gnabry?,Q59490,Serge Gnabry,Q1022,Stuttgart,text,Stuttgart,soccer,1158-1
1395,what is the  topic's main category of the  Ramones music?,Ramones,Ramones,Q483407,Ramones,infobox,Ramones,music,464-3
2178,What's the name of the theme song for the first season of True Detective?,Q7847400,True Detective,Q28003823,Far From Any Road,infobox,Far from Any Road,tvseries,726-1
350,Who is the screenwriter tv series Alice in Borderland?,Q103967305,Alice in Borderland,Q24052601,Yasuko Kuramitsu,kb,Yasuko Kuramitsu,tvseries,116-2
3701,Name the singer who was the American Idol first season winner?,Q201052,American Idol,Q483507,Kelly Clarkson,kb,Kelly Clarkson,music,1255-0
802,What is the name of the actress who played teenage Martha in Dark?,Q28443710,Dark,Q1683505,Lisa Vicari,table,Lisa Vicari,tvseries,267-0
3507,Was there a sequel to The Pickwick Papers?,Q460583,The Pickwick Papers,Yes,Yes,text,Yes,books,1190-1
4609,What building did the publishing company's printing and manufacturing office move into in 1889?,Q3093062,G. P. Putnam's Sons,Q6422047,Knickerbocker Building,text,Knickerbocker Building,books,1560-2
2577,Who is the owner of Chicago Fire?,Q308683,Chicago Fire Soccer Club,Q6211110,Joe Mansueto,text,Joe Mansueto,soccer,868-4
1435,Who was the top scorer for the 2020-2021 Premier league season?,Q69622172,2020\u201321 Premier League,Q969725,Harry Kane,table,Harry Kane,soccer,478-2
3376,In what film did Donald Sutherland make his acting debut?,Q5295208,Donald Sutherland filmography,Q7776051,The World Ten Times Over,table,The World Ten Times Over,tvseries,1146-2
3026,Who was the first person to serve as the team's captain?,Q196107,Vancouver Whitecaps FC,Q356072,Jay DeMerit,table,Jay DeMerit,soccer,1028-3
1127,Which date releasing the love me like you do song?,Q18758167,Love Me Like You Do,2015-01-07T00:00:00Z,7 January 2015,kb,7 January 2015,music,375-0
3521,Did Ken Nelson win any awards as a record producer in 2003?,Q2586466,Ken Nelson,Yes,Yes,text,Yes,music,1194-3
3092,What were the demographics of black people in Memphis Tennessee when If Beale Street Could Talk was written?,Q60388749,If Beale Street Could Talk,Q16563,Memphis,table,38.9%,books,1050-3
2185,What is Cristiano Ronaldo date of birth?,Q11571,Cristiano Ronaldo,1985-02-05T00:00:00Z,5 February 1985,infobox,5 February 1985,soccer,728-2
2307,which year was the Ulysses novel released?,Q6511,Ulysses,1922-01-01T00:00:00Z,1922,kb,1922,books,770-0
4095,who is the actor played as Marco Polo in Marco Polo Tv series?,Q6757674,Marco Polo,Q3837061,Lorenzo Richelmy,kb,Lorenzo Richelmy,tvseries,1387-0
4158,Which position played by Xavi?,Q17500,Xavi,Q193592,midfielder,kb,midfielder,soccer,1408-2
1448,What is the name of the actor who plays the character of Luke Skywalker in the film Star Wars: The Last Jedi?,Q18486021,Star Wars: The Last Jedi,Q210447,Mark Hamill,text,Mark Hamill,movies,482-3
2932,What is the date of birth of the actor Álvaro Morte?,Q17566714,\u00C1lvaro Morte,1974-02-23T00:00:00Z,23 February 1974,kb,23 February 1974,tvseries,996-4
3240,What is the publication date of the book The Monk Who Sold His Ferrari?,Q17069725,The Monk Who Sold His Ferrari,1999-04-21T00:00:00Z,21 April 1999,infobox,21 April 1999,books,1100-1
2305,From which club did Lionel Messi come from before joining PSG?,Q615,Lionel Messi,Q615,Lionel Messi,text,F.C. Barcelona,soccer,768-4
2379,what is the nickname of the beatles band?,Q1299,The Beatles,The Lads from Liverpool,The Lads from Liverpool,infobox,The Lads from Liverpool,music,794-1
1108,What is N'Golo Kanté's position on team?,Q16665941,N'Golo Kant\u00E9,Q193592,midfielder,kb,midfielder,soccer,368-4
1975,What is the birth date of Neymar?,Q142794,Neymar,1992-02-05T00:00:00Z,5 February 1992,infobox,5 February 1992,soccer,658-2
938,What is the name of the actor who plays the leading role in the movie The Terminator?,Q162255,The Terminator,Q2685,Arnold Schwarzenegger,infobox,Arnold Schwarzenegger,movies,312-3
4610,What was the date that Knickerbocker Building added to the National Register of Historic Places?,Q6422047,Knickerbocker Building,Q6422047,Knickerbocker Building,infobox,"May 11, 2000",books,1560-3
464,"When was released the song ""Shape of You"" in United Kingdom in the digital download format?",Q28132505,Shape of You,2017-02-10T00:00:00Z,10 February 2017,table,10 February 2017,music,154-2
2879,Country Of Sport Lionel Messi?,Country of Native Lionel Messi?,Country of Native Lionel Messi?,Q414,Argentina,kb,"Argentina, Spain, Italy",soccer,979-0
515,Author of Little Women?,Q523076,Little Women,Q185696,Louisa May Alcott,infobox,Louisa May Alcott,books,171-0
1087,What is the duration of 2001: A Space Odyssey movie?,Q103474,2001: A Space Odyssey,143 minute,143 minute,kb,143 minute,movies,362-1
2261,What was the name of The Police's first released single?,Q178095,The Police,Q2282559,Fall Out,text,Fall Out,music,754-2
2071,How many time was Aldous Huxley was nominated for the Nobel Prize in Literature?,Q81447,Aldous Huxley,9,9,text,9,books,690-2
2224,Who wrote the book Five Point Someone?,Q5456066,Five Point Someone,Q46926,Chetan Bhagat,kb,Chetan Bhagat,books,741-0
2927,Which graffiti artist is also the member of the band Massive Attack?,Q357418,Massive Attack,Q712176,Robert Del Naja,text,Robert Del Naja,music,995-0
3857,Who won the 1999 FA cup?,Q4484528,1999 FA Cup Final,Q18656,Manchester United F.C.,text,Manchester United F.C.,soccer,1308-0
1650,Who is the publisher of the book Lord of the Flies?,Q898097,Faber & Faber,Q271764,Lord of the Flies,kb,Faber & Faber,books,550-1
1546,What is the bands' Gang of Four starting year?,Q1130624,Gang of Four,1977-01-01T00:00:00Z,1977,infobox,1977,music,515-0
2727,Who was the head coach of the Atlanta United FC logo?,Q16836317,Atlanta United FC,Q954160,Gonzalo Pineda,infobox,Gonzalo Pineda,soccer,928-3
2317,venom movie was directed by which director?,Q23006268,Venom,Q23006268,Venom,infobox,Ruben Fleischer,movies,772-4
4232,"""Psycho's"" director?",Q163038,Psycho,Q7374,Alfred Hitchcock,infobox,Alfred Hitchcock,movies,1433-0
2341,What is the publication date of the book The Amber Spyglass?,Q129929,The Amber Spyglass,2000-10-10T00:00:00Z,10 October 2000,infobox,10 October 2000,books,780-4
2239,Who is the spouse of the Kunal Khemu?,Q3497323,Kunal Khemu,Q434435,Soha Ali Khan,text,Soha Ali Khan,tvseries,746-3
2408,Which instrument played by the composer Olivier Messiaen?,Q151593,Olivier Messiaen,Q1444,organ,text,organ,music,804-0
2504,What was the theme song for House?,Q23558,House,Q1027829,Teardrop,infobox,Teardrop,tvseries,836-0
2756,What is the birth place of the soccer player Zinedine Zidane?,Q1835,Zinedine Zidane,Q23482,Marseille,infobox,Marseille,soccer,938-2
4106,Who wrote the novel that the movie The Good Mother was based on?,Q1196264,The Good Mother,Q3502960,Sue Miller,text,Sue Miller,books,1390-4
2069,In which year was the dystopian science fiction novel Brave New World written?,Q191949,Brave New World,1931-01-01T00:00:00Z,1931,table,1931,books,690-0
4602,What is the date of birth of the soccer player Paul Pogba?,Q129027,Paul Pogba,1993-03-15T00:00:00Z,15 March 1993,kb,15 March 1993,soccer,1558-1
852,What year did Pink Floyd form?,Q2306,Pink Floyd,1964-01-01T00:00:00Z,1964,text,1964,music,284-1
1791,Which is the genre of Balika Vadhu?,Q2003502,Balika Vadhu,Q23739,soap opera,infobox,Soap opera,tvseries,596-4
1850,In the 1998-1999 NBC Must See TV lineup which show directly preceded Will & Grace?,Q4044675,Q4044675,Q79784,Friends,table,Friends,tvseries,616-3
2352,Which is the first album of the singer Jagjit Singh?,Q107067,Jagjit Singh,Q3427511,Arth,table,Arth,music,784-3
1927,Which of the jurors in 12 Angry Men voted not guilty last?,Q2345,12 Angry Men,Q12052406,Juror #3,text,Juror 3,movies,642-2
2360,TV series Breathe directed by?,Q48733047,Breathe,Q89273107,Mayank Sharma,kb,Mayank Sharma,tvseries,787-0
300,Who wrote Rita Hayworth and Shawshank Redemption?,Q968314,Rita Hayworth and Shawshank Redemption,Q39829,Stephen King,infobox,Stephen King,books,100-0
1389,who is composer of the  Shazam movie?,Q23685878,Shazam!,Q6056440,Benjamin Wallfisch,infobox,Benjamin Wallfisch,movies,462-3
4835,"When the last season of ""The Walking Dead"" TV series realeased?",Q232737,The Walking Dead,2021-01-01T00:00:00Z,2021,text,2021,tvseries,1636-2
455,Who was the writer of the book 1984?,Q208460,Nineteen Eighty-Four,Q3335,George Orwell,kb,George Orwell,books,151-0
2796,which year The God Father Movie released?,Q47703,The Godfather,1972-01-01T00:00:00Z,1972,kb,1972,movies,952-0
2693,How many seasons of True Detective series?,Q7847400,True Detective,3,3,kb,3,tvseries,917-0
1297,Who wrote the book One Flew Over the Cuckoo's Nest is based on?,Q171669,One Flew Over the Cuckoo's Nest,Q244390,Ken Kesey,infobox,Ken Kesey,movies,432-1
2957,How many songs are there in the album Sunoh?,Q7640949,Sunoh,10,10,text,10,music,1005-0
3421,"Writer of ""The Wonderful Wizard of Oz?""",Q130295,The Wonderful Wizard of Oz,Q207544,L. Frank Baum,infobox,L. Frank Baum,books,1161-0
2105,who played as Forrest Gump in the movie Forrest Gump?,Q134773,Forrest Gump,Q2263,Tom Hanks,kb,Tom Hanks,movies,702-0
3561,What was the home venue of the New York City Football club?,Q13361030,New York City FC,Q753529,Yankee Stadium,kb,Yankee Stadium,soccer,1208-2
2297,Was Matthew Morrison in American Horror Story: 1984?,Q294812,Matthew Morrison,Yes,Yes,table,Yes,tvseries,766-2
1344,In which year did the first UEFA European Championship begins?,Q260858,UEFA European Championship,1960-01-01T00:00:00Z,1960,kb,1960,soccer,448-0
3945,What is the country of orgin of the tv series Hospital Playlist?,Q83625648,Hospital Playlist,Q884,South Korea,kb,South Korea,tvseries,1336-4
1863,What character died fleeing capture in he Vicomte of Bragelonne: Ten Years Later?,Q769001,The Vicomte of Bragelonne: Ten Years Later,Q936529,Porthos,text,Porthos,books,620-4
1407,what is the Commons category of the N'Golo Kanté's player,Q16665941,N'Golo Kant\u00E9,N'Golo Kanté,N'Golo Kanté,infobox,N'Golo Kanté,soccer,468-4
1169,Who was the winner of the 2018 FIFA World Cup?,Q170645,2018 FIFA World Cup,Q47774,France national association football team,infobox,France national football team,soccer,389-0
1997,In which year did the Bones television series start ?,Q207803,Bones,2005-01-01T00:00:00Z,2005,infobox,2005,tvseries,666-0
2594,what was the voice type played by singer Elvis Presley?,Q303,Elvis Presley,Q31687,Baritone,kb,baritone,music,874-3
1348,Which team won the 2020 season of UEFA European Championship?,Q260858,UEFA European Championship,Q676899,Italy national association football team,table,Italy,soccer,448-4
1379,What year did Gareth Bale first play for the Wales national team?,Q184586,Gareth Bale,2006-01-01T00:00:00Z,2006,infobox,2006,soccer,459-0
678,how many seasons of Daredevil  series?,Q16977365,Daredevil,3,3,table,3,tvseries,226-1
122,What year was the first film adaptation of Slaughterhouse-Five released?,Q265954,Slaughterhouse-Five,1972-01-01T00:00:00Z,1972,text,1972,books,40-2
2061,In which place was Johan Renck born?,Q1373742,Johan Renck,Q25286,Uppsala,kb,Uppsala,tvseries,686-4
1269,Where did Piyush Mishra Grow up?,Q3534654,Piyush Mishra,Q158467,Gwalior,text,Gwalior,movies,422-3
4542,Who is the head coach of San Jose Earthquakes?,Q575370,San Jose Earthquakes,Q359494,Mat\u00EDas Almeyda,infobox,Matías Almeyda,soccer,1538-1
821,"When was the song ""Cold Heart"" released?",Q108072305,Cold Heart,2021-08-13T00:00:00Z,13 August 2021,infobox,13 August 2021,music,274-0
316,Who was the Pianotist? of Britney Spears?,Q11975,Britney Spears,Q30903,Soprano,infobox,Soprano,music,104-4
2476,Name of Game of Thrones theme music?,Q23572,Game of Thrones,Q27813929,Game of Thrones Theme,infobox,Game of Thrones Theme,tvseries,826-2
2925,What  was the name of the Massive Attack album which was released third?,Q357418,Massive Attack,Q844258,Mezzanine,text,Mezzanine,music,994-3
4579,What is the Publication date of the second book of the novel series Little House on the Prairie?,Q5400672,Little House on the Prairie,1993-10-01T00:00:00Z,1 October 1993,infobox,1 October 1993,books,1550-2
2345,What is the date of birth of the Sooryavanshi director Rohit Shetty?,Q61994951,Sooryavanshi,1974-03-14T00:00:00Z,14 March 1974,infobox,14 March 1974,movies,782-2
4521,Where does Emma take place?,Q223880,Emma,Q21,England,kb,England,books,1530-4
3721,What is the name of the director of Passengers?,Q20962283,Passengers,Q3425142,Morten Tyldum,table,Morten Tyldum,movies,1262-1
4483,The FIFA World Cup has taken place every four years since what year?,Q19317,FIFA World Cup,1930-01-01T00:00:00Z,1930,kb,1930,soccer,1518-1
4617,Who was the winner of best film editing that year?,Q944352,66th Academy Awards,Q944352,66th Academy Awards,table,Michael Kahn,movies,1562-4
960,what is the genre of To Kill a Mockingbird novel?,Q212340,To Kill a Mockingbird,Q223945,Bildungsroman,infobox,Bildungsroman,books,320-1
3030,Who is the author of the novel Charlotte's Web?,Q45735,Charlotte's Web,Q361617,E. B. White,text,E. B. White,books,1030-1
1752,How many records did Michael Jackson sell?,Q17437796,featured article,Q2831,Michael Jackson,text,Over 400 million records,music,584-1
2936,What is the name of Robert Lewandowski's spouse?,Q151269,Robert Lewandowski,Q16913508,Anna Lewandowska,kb,Anna Lewandowska,soccer,998-2
4032,who is the creator of Lucifer series?,Q19520525,Lucifer,Q541899,Tom Kapinos,text,Tom Kapinos,tvseries,1366-1
1551,Who is the director of the Tunnel tv series?,Q15104549,The Tunnel,Q722352,Dominik Moll,infobox,Dominik Moll,tvseries,516-4
1428,Did Warehouse 13 and Eureka ever do a crossover?,Q595889,Warehouse 13,Yes,Yes,text,Yes,tvseries,476-1
1979,Which year was the Eragon book published?,Q185449,Eragon,2002-01-01T00:00:00Z,2002,kb,2002,books,660-0
605,What is the genre of the film The Silence?,Q50418548,The Silence,Q200092,Horror film,infobox,horror film,movies,202-0
3572,who is the screenwriter of Dolittle movie?,Q38689704,Dolittle,Q1971984,Stephen Gaghan,text,Stephen Gaghan,movies,1212-2
4905,Place of position played by Neymer?,Q8025128,winger,Q142794,Neymar,kb,winger,soccer,1659-0
1709,What is the main subject of the Black Beauty book?,Q4920353,Black Beauty,Q726,Horse,kb,horse,books,570-0
1364,"Did Tom Tom Club's song ""Genius of Love"" reach No. 1 position on any Billboard charts?",Q5533282,Genius of Love,Yes,Yes,table,Yes,music,454-2
3875,What is the release date of the album Thriller?,Q44320,Thriller,1982-11-30T00:00:00Z,30 November 1982,kb,30 November 1982,music,1314-0
898,What is the full name of Cristiano Ronaldo?,Q11571,Cristiano Ronaldo,Q11571,Cristiano Ronaldo,kb,Cristiano Ronaldo dos Santos Aveiro,soccer,299-0
4125,Who played Captain Jean-Luc Picard in Star Trek: The Next Generation?,Q16290,Star Trek: The Next Generation,Q16296,Patrick Stewart,kb,Patrick Stewart,tvseries,1397-0
4084,How many James bond film did John Barry composed?,Q111074,John Barry,11,11,text,11,music,1384-0
862,Which year did The Oprah Winfrey Show first air?,Q694106,The Oprah Winfrey Show,1986-01-01T00:00:00Z,1986,text,1986,tvseries,287-0
4228,Who wrote the screenplay?,Q163038,Psycho,Q326681,Joseph Stefano,infobox,Joseph Stefano,movies,1432-1
2463,What is the name of the inception film director?,Q25188,Inception,Q25191,Christopher Nolan,infobox,Christopher Nolan,movies,822-1
2767,Who directed the first film of the Home Alone series?,Q105031,Home Alone,Q75079,Chris Columbus,kb,Chris Columbus,movies,942-1
3800,Who scored a goal against Algeria during group stage at the 2010 World Cup?,Q164134,United States men's national soccer team,Q202237,Landon Donovan,text,Landon Donovan,soccer,1288-3
4740,What instrument does Rob Bourdon play?,Q19205,Rob Bourdon,Q128309,drum set,kb,drum kit,music,1604-3
293,Running period of the series Breaking Bad?,Q1079,Breaking Bad,2008;2013,2008;2013,kb,2008;2013,tvseries,97-0
2546,which year started this eagles band?,Q189635,Eagles,1971-01-01T00:00:00Z,1971,text,1971,music,854-0
3007,Who directed the movie?,Q27204,Live and Let Die,Q363653,Guy Hamilton,infobox,Guy Hamilton,movies,1022-2
3275,Which is the Production company of the flim Black Beauty?,Q85747484,Black Beauty,Q564960,Constantin Film,infobox,Constantin Film,movies,1112-2
2362,What is the height of the soccer player Gareth Bale?,Q184586,Gareth Bale,6 ft 1 in,6 ft 1 in,infobox,6 ft 1 in,soccer,788-1
4464,For which 1979 movie did Dustin Hoffman win an Academy Award for Best Actor?,Q42930,Dustin Hoffman,Q193577,Kramer vs. Kramer,table,Kramer vs. Kramer,movies,1512-0
2310,which was the release year of Animal Farm novel?,Q1396889,Animal Farm,q1396889o,q1396889o,infobox,1945,books,770-3
2125,How many matches did Thibaut Courtois played for Belgium national team?,Q73360,Thibaut Courtois,94,94,table,94,soccer,708-2
390,"Who was the author of ""The Martian?""",Q17111624,The Martian,Q18590295,Andy Weir,kb,Andy Weir,books,130-0
981,What is the origin city of Breaking Bad?,Q1079,Breaking Bad,Q30,United States of America,infobox,United States of America,tvseries,326-4
3110,Who is African American actor in the television series Shooter?,Q24262082,Shooter,Q297334,Omar Epps,text,Omar Epps,tvseries,1056-3
1679,What is the prequel to Adventures of Huckleberry Finn?,Q215410,Adventures of Huckleberry Finn,Q326914,The Adventures of Tom Sawyer,infobox,The Adventures of Tom Sawyer,books,560-0
183,What prize was the author William Golding awarded with in the year 1983?,Q44183,William Golding,Q37922,Nobel Prize in Literature,infobox,Nobel Prize in Literature,books,60-3
2090,After Good Eats ended in 2011 was it revived for new seasons?,Q5582546,Good Eats,Yes,Yes,text,Yes,tvseries,696-3
2710,"How many awards nominated for the movie ""The Godfather""?",Q47703,The Godfather,7,7,text,7,movies,922-4
1805,"Which movie is longer, Hamlet or Gone with the Wind?",Hamlet,Hamlet,Q898721,Hamlet,infobox,Hamlet,movies,602-0
3644,What is the original language of the tv series High Seas?,Q59591953,High Seas,Q1321,Spanish,text,Spanish,tvseries,1236-2
3708,Which soccer player is popularly known as The Butcher of Bilbao?,Q358424,Andoni Goikoetxea,Q445206,Andoni Goikoetxea,text,Andoni Goikoetxea,soccer,1258-0
1785,How many people live in Minneapolis?,Q36091,Minneapolis,"429,954","429,954",text,"429,954",music,594-4
1408,what is the date of N'Golo Kanté's birthday?,Q16665941,N'Golo Kant\u00E9,1991-03-29T00:00:00Z,29 March 1991,infobox,29 March 1991,soccer,469-0
1731,Who is the film editor of the Mortal television series?,Q65940913,Mortal,Q97932792,Patrick Larsgaard,infobox,Patrick Larsgaard,tvseries,576-4
4358,What role did Bob Saget play in Full House?,Q333544,Bob Saget,Q12480874,Danny Tanner,text,Danny Tanner,tvseries,1476-0
1283,What is the category of Hollywood?,Q85712059,Hollywood,Q130232,drama film,infobox,Drama,tvseries,427-0
1190,What is the Riverdale tv series country of origin?,Q23001951,Riverdale,Q30,United States of America,infobox,United States of America,tvseries,396-2
1879,What was the first episode William Shatner appeared in in Twilight Zone?,Q16297,William Shatner,Q2617903,Nick of Time,text,Nick of Time,tvseries,626-2
1556,What is the date of birth of the player Harry Kane ?,Q969725,Harry Kane,1993-07-28T00:00:00Z,28 July 1993,infobox,28 July 1993,soccer,518-3
3846,What year was the band NSYNC formed?,Q154454,NSYNC,1995-01-01T00:00:00Z,1995,kb,1995,music,1304-1
1023,Who is the father of the writer Khushwant Singh?,Q1740716,Khushwant Singh,Q12458917,Sobha Singh,infobox,Sobha Singh,books,340-4
866,"Who is Kansas City Wizard's number one goalkeeper as of December 21st, 2021?",Q329812,Sporting Kansas City,Q64009801,John Pulskamp,table,John Pulskamp,soccer,288-3
4638,Who is the author of the novel series The Chronicles of Narnia?,Q483412,The Chronicles of Narnia,Q9204,C. S. Lewis,text,C. S. Lewis,books,1570-2
3284,What is the Instrument played by music director Elton John?,Q2808,Elton John,Q5994,piano,infobox,piano,music,1115-0
3161,Who was the guitar player that replaced Tom Topham in the band The Yardbirds?,Q457160,Top Topham,Q48187,Eric Clapton,text,Eric Clapton,music,1074-0
3849,Who is the father of the two children of the singer Britney Spears?,Q11975,Britney Spears,Q215497,Kevin Federline,kb,Kevin Federline,music,1304-4
1842,Which city did the band Men at Work originated from?,Q831111,Men at Work,Q3141,Melbourne,kb,Melbourne,music,614-1
4716,How many episodes are in Ozark series?,Q25205293,Ozark,30,30,kb,30,tvseries,1596-3
2599,Who distributed the tv series Hellbound?,Q100934044,Hellbound,Q907311,Netflix,kb,Netflix,tvseries,876-2
4399,What team did Lionel Messi start playing for?,Q615,Lionel Messi,Q221882,Newell's Old Boys,kb,Newell's Old Boys,soccer,1489-0
2866,how many children does Madonna have?,Q1744,Madonna,6,6,kb,6,music,975-0
118,What is the height of the soccer player Raúl González?,Q11576,Ra\u00FAl,178 centimetre,178 centimetre,kb,178 centimetre,soccer,38-4
490,On which platform was the movie Amdavad Ma Famous released?,Q23692030,Amdavad Ma Famous,Q907311,Netflix,text,Netflix,movies,162-4
2798,Pulp Fiction movie was written and directed by whom?,Q104123,Pulp Fiction,Q395227,Pulp fiction,table,Quentin Tarantino,movies,952-2
2713,"What was the genre of the song ""Let Me Love You"" released?",Q26254088,Let Me Love You,Q18342587,tropical house,kb,Tropical house,music,924-1
4913,What is the name of the first feature length film directed by Alfred Hitchcock?,Q7374,Alfred Hitchcock,Q39005,The Pleasure Garden,text,The Pleasure Garden,movies,1662-1
3089,If Beale Street Could Talk is by who?,Q60388749,If Beale Street Could Talk,Q273210,James Baldwin,infobox,James Baldwin,books,1050-0
2086,What is the band M.O.V.E's country of origin?,Q285547,Move,Q17,Japan,kb,Japan,music,695-0
3538,"How many pages contains in the book ""Sons and Lovers""?",Q80771,Sons and Lovers,423,423,infobox,423,books,1200-2
4713,Who is the actor played as Marty in Ozark tv series?,Q25205293,Ozark,Q284636,Jason Bateman,infobox,Jason Bateman,tvseries,1596-0
729,What is the name of the 2012 movie that fetched Meryl Streep an Oscar for the best actress?,Q873,Meryl Streep,Q269810,The Iron Lady,table,The Iron Lady,movies,242-4
1325,Release year of the first book of Old Kingdom series?,Q15624191,Old Kingdom,1995-01-01T00:00:00Z,1995,table,1995,books,441-0
2544,In what place was Thiago Silva born?,Q210453,Thiago Silva,Q8678,Rio de Janeiro,kb,Rio de Janeiro,soccer,848-4
3369,"Who was the producer for Michael Jackson's sixth studio album, Thriller?",Q44320,Thriller,Q193645,Quincy Jones,infobox,Quincy Jones,music,1144-1
4465,Which actress portrayed alienated wife Joanna in 1979's Kramer vs. Kramer?,Q193577,Kramer vs. Kramer,Q873,Meryl Streep,text,Meryl Streep,movies,1512-1
1263,What is the death date of Herman Melville?,Q4985,Herman Melville,1891-09-28T00:00:00Z,28 September 1891,kb,28 September 1891,books,420-3
4880,Genre of the Novel The White Tiger?,Q2301826,The White Tiger,Q465821,epistolary novel,kb,epistolary novel,books,1651-0
209,What national team does Kylian Mbappé represent in soccer?,Q21621995,Kylian Mbapp\u00E9,Q47774,France national association football team,text,France national association football team,soccer,69-0
2659,who played as Claire Underwood in House of Cards series?,Q3330940,House of Cards,Q272972,Robin Wright,kb,Robin Wright,tvseries,906-1
2359,What is the height of the Amit Sadh?,Q4746871,Amit Sadh,5 ft 10 in,5 ft 10 in,infobox,5 ft 10 in,tvseries,786-4
3558,Main subject of the House of Cards?,Q3330940,House of Cards,Q7163,politics,kb,politics,tvseries,1207-0
4703,When did Bong Joon-ho born?,Q495980,Bong Joon-ho,1969-09-14T00:00:00Z,14 September 1969,kb,14 September 1969,movies,1592-2
380,How many series of Travel Man did Richard Ayoade host?,Q22948830,Travel Man,9,9,text,9,tvseries,126-2
1884,Did United States women's national soccer team also win the 2019 FIFA women's world cup?,Q334526,United States women's national soccer team,Yes,Yes,kb,Yes,soccer,628-1
606,What is the name of the The Silence film director?,Q50418548,The Silence,Q361290,John R. Leonetti,infobox,John R. Leonetti,movies,202-1
1751,"Who is known as the ""King of Pop""?",Q17437796,featured article,Q2831,Michael Jackson,text,Michael Jackson,music,584-0
809,"What was the title of the book ""Midnight's Children"" in German?",Q625764,Midnight's Children,Mitternachtskinder,Mitternachtskinder,kb,Mitternachtskinder,books,270-0
3392,Who is the story writer of film Lagaan?,Q843949,Lagaan,Q281249,Ashutosh Gowariker,infobox,Ashutosh Gowariker,movies,1152-0
56,who is the head coach of Rayo Vallecano team?,Q10300,Rayo Vallecano,Q317216,Andoni Iraola,text,Andoni Iraola,soccer,18-2
4218,What women's soccer team won at the 1996 olympics?,Q8531,1996 Summer Olympics,Q334526,United States women's national soccer team,kb,United States women's national soccer team,soccer,1428-2
160,What is the run time of the movie The Body?,Q85532356,The Body,101 minutes,101 minutes,infobox,101 minutes,movies,52-4
503,Who developed the TV series Riverdale?,Q23001951,Riverdale,Q7351575,Roberto Aguirre-Sacasa,infobox,Roberto Aguirre-Sacasa,tvseries,167-0
3104,The Need of Love was on which music charts?,Q3988450,The Need of Love,Q485240,Billboard,table,Billboard,music,1054-3
4914,Did Alfred Hitchcock director the movie The Birds?,Q7374,Alfred Hitchcock,Yes,Yes,text,Yes,movies,1662-2
1697,Who created the American political drama tv series The West Wing?,Q3577037,The West Wing,Q299194,Aaron Sorkin,kb,Aaron Sorkin,tvseries,566-0
3890,Who is the chairman of Liverpool F.C.?,Q1130849,Liverpool F.C.,Q2484170,Tom Werner,kb,Tom Werner,soccer,1318-3
1256,What year was J1 League founded?,Q276445,J1 League,1992-01-01T00:00:00Z,1992,infobox,1992,soccer,418-2
3607,What was the 4th track on All the Stars and Boulevards?,Q2837622,All the Stars and Boulevards,Q4947717,Boston,table,Boston,music,1224-1
585,Where did the Composer Ryuichi Sakamoto born?,Q345494,Ryuichi Sakamoto,Q234087,Nakano-ku,text,Nakano-ku,music,194-4
1319,What division does the Paris Saint-Germain football club play in?,Q483020,Paris Saint-Germain F.C.,Q13394,Ligue 1,text,Ligue 1,soccer,439-0
3474,When was Liverpool F.C. formed?,Q1130849,Liverpool F.C.,1892-06-03T00:00:00Z,3 June 1892,kb,3 June 1892,soccer,1178-4
3629,Who writes the book Maus?,Q59696,Maus,Q325945,Art Spiegelman,infobox,Art Spiegelman,books,1231-0
3189,When does John Wick 4 get released in theaters?,Q80322358,John Wick: Chapter 4,2023-01-01T00:00:00Z,2023,kb,2023,movies,1082-4
3100,In what city did they film the film Juice?,Q642419,Juice,Q60,New York City,text,New York City,movies,1053-0
2774,What is the name of the Queen band member who wrote the song Bohemian Rhapsody?,Q15862,Queen,Q15869,Freddie Mercury,text,Freddie Mercury,music,944-2
388,Who suggested increasing the number of teams in the 2026 FIFA World Cup?,Q5020214,2026 FIFA World Cup,Q4261,Michel Platini,text,Michel Platini;Gianni Infantino,soccer,128-4
1000,What was the release date of Inception?,Q25188,Inception,2010-07-08T00:00:00Z,8 July 2010,kb,8 July 2010,movies,333-0
889,Who killed Patrick Jane's family in The Mentalist?,Q204228,The Mentalist,Q2109776,Red John,text,Red John,tvseries,296-2
1001,What was Dove Cameron's first EP?,Q26186223,Dove Cameron discography,Q85747810,Bloodshot / Waste,table,Bloodshot / Waste,music,334-0
3279,Instrument played by music director Elton John?,Q2808,Elton John,Q5994,piano,infobox,piano,music,1114-0
3472,To which country does Milan Baroš belong?,Q180581,Milan Baro\u0161,Q213,Czech Republic,kb,Czech Republic,soccer,1178-2
4387,What year was Ancient Bards formed?,Q3615207,Ancient Bards,2006-01-01T00:00:00Z,2006,kb,2006,music,1485-0
3013,A member of which music group built it?,Q907523,Trident Studios,Q16845701,The Hunters,text,The Hunters,music,1024-2
4666,What book other than To Kill a Mockingbird of Harper Lee got published?,Q212340,To Kill a Mockingbird,Q18949486,Go Set a Watchman,text,Go Set a Watchman,books,1580-1
3622,Which team was Rildo da Costa Menezes playing for in 1977?,Q38794,Rildo da Costa Menezes,Q646135,New York Cosmos,infobox,New York Cosmos,soccer,1228-4
171,What is the birth location of the Leena Gangopadhyay?,Q79965217,Leena Gangopadhyay,Q307442,Purulia,infobox,Purulia,tvseries,56-3
994,Who is the author of Watership Down?,Q936801,Watership Down,Q313289,Richard Adams,kb,Richard Adams,books,331-0
1516,On which date the album Surrealistic Pillow released?,Q913092,Surrealistic Pillow,1967-02-01T00:00:00Z,1 February 1967,infobox,1 February 1967,music,505-0
4015,what is the genre of Ulysses book?,Q6511,Ulysses,Q971480,modernist literature,text,Modernist novel,books,1360-2
93,What is the name of the book written by Charlotte Brontë in 1833?,Q127332,Charlotte Bront\u00EB,Q16593988,"The Green Dwarf, A Tale of the Perfect Tense",text,"The Green Dwarf, A Tale of the Perfect Tense",books,30-3
2431,Name of the company that published The Bluest Eye?,Q1069956,The Bluest Eye,Q21809817,"Holt, Rinehart, and Winston",infobox,"Holt, Rinehart and Winston",books,811-0
4410,What was the release date for Body Heat?,Q472096,Body Heat,1981-08-28T00:00:00Z,28 August 1981,infobox,28 August 1981,movies,1492-4
1582,Which actor played Mal in Firefly?,Q11622,Firefly,Q342549,Nathan Fillion,kb,Nathan Fillion,tvseries,527-0
4119,"Who worked together on the song ""Empire State of Mind""?",Empire State of Mind,Empire State of Mind,Q62766,Jay-Z,kb,Jay-Z;Alicia Keys,music,1395-0
2664,Which player did Zinedine Zidane headbutts in 2006 FIFA World Cup final?,Q1835,Zinedine Zidane,Q185081,Marco Materazzi,text,Marco Materazzi,soccer,908-0
1165,After their 2018 FIFA World Cup win how many wins did France national football team have?,Q47774,France national association football team,2,2,infobox,2,soccer,388-1
2601,Who acted the character Jeong Jin-soo in the tv series Hellbound?,Q100934044,Hellbound,Q489930,Yoo Ah-in,text,Yoo Ah-in,tvseries,876-4
4799,Is John Deacon an active member of the Queen band right now?,Q15862,Queen,No,No,infobox,No,music,1624-2
4515,Which club did David Beckham play for in the year 2000?,Q10520,David Beckham,Q18656,Manchester United F.C.,table,Manchester United F.C.,soccer,1528-4
4079,When did Anamaria Marinca born?,Q269258,Anamaria Marinca,1978-04-01T00:00:00Z,1 April 1978,kb,1 April 1978,movies,1382-1
2972,what is the language of The Scarlet Letter,Q907568,The Scarlet Letter,Q1860,English,infobox,English,books,1010-3
917,Who is the creator of the tv series Loki?,Q104741807,Michael Waldron,Q64349029,Loki,kb,Michael Waldron,tvseries,306-0
3470,Which country won the 2004 UEFA European Football Championship?,Q102920,UEFA Euro 2004,Q41,Greece,text,Greece,soccer,1178-0
2262,Who wrote the song?,Q2282559,Fall Out,Q315711,Stewart Copeland,text,Stewart Copeland,music,754-3
4955,who played as Jeong Jin-soo in Hellbound series?,Q489930,Yoo Ah-in,Q489930,Yoo Ah-in,infobox,Yoo Ah-in,tvseries,1676-1
403,Who was the first member to leave the group?,Q146027,One Direction,Q3626950,Zayn Malik,infobox,Zayn Malik,music,134-1
622,What is the main topic of television series The Following?,Q1189631,The Following,Q484188,serial killer,infobox,serial killer,tvseries,207-0
4441,What is a Vanilla Sky movie's genre?,Q110278,Vanilla Sky,Q471839,science fiction film,kb,science fiction film,movies,1503-0
4234,Who was the album's producer?,Q769180,"Wednesday Morning, 3 A.M.",Q2007168,Tom Wilson,infobox,Tom Wilson,music,1434-1
88,How many goals did Virgil van Dijk scored for Netherland?,Q133903,Virgil van Dijk,5,5,table,5,soccer,28-4
1767,Who is the commissioner of Major League Soccer?,Q18543,Major League Soccer,Q4133583,Don Garber,text,Don Garber,soccer,588-4
4169,What Daniel Craig movie came after Casino Royale in the series?,Q4547,Daniel Craig,Q181540,Quantum of Solace,text,Quantum of Solace,movies,1412-1
2409,What is the genre played by the composer Olivier Messiaen?,Q151593,Olivier Messiaen,Q1344,opera,kb,opera,music,804-1
1930,What juror voted no in the beginning of 12 Angry Men?,Q2345,12 Angry Men,Q12052414,Juror #8,text,Juror 8,movies,643-0
3051,Who did the cast role of Archie Andrews in the tv series Riverdale?,Q23001951,Riverdale,Q24186718,KJ Apa,text,KJ Apa,tvseries,1036-4
2892,What LA-based hard rock band formed in 1985 and is known for songs such as Sweet Child o' Mine and November Rain?,Q11399,rock music,Q11895,Guns N\u2019 Roses,text,Guns N' Roses,music,984-0
234,Which European team did Lionel Messi represent in 2012?,Q615,Lionel Messi,Q7156,FC Barcelona,text,FC Barcelona,soccer,78-0
4284,Which is the next book after Coolie of Mulk Raj Anand?,Q5167484,Coolie,Q7859039,Two Leaves and a Bud,infobox,Two Leaves and a Bud,books,1450-4
4786,What is the date of birth of the Leo Tolstoy?,Q7243,Leo Tolstoy,1828-09-09T00:00:00Z,9 September 1828,infobox,9 September 1828,books,1620-1
4957,Birth place of Yoo Ah-in?,Q489930,Yoo Ah-in,Q20927,Daegu,kb,Daegu,tvseries,1676-3
1226,What is the nickname of the club Stoke City F.C.?,Q18736,Stoke City F.C.,Q26572131,The Potters,kb,The Potters,soccer,408-2
317,How many band members does Britney Spears have?,Q11975,Britney Spears,6,6,kb,6,music,105-0
1365,What is the name of the Tom Tom Club's first studio album?,Q756270,Tom Tom Club,Q1308492,Tom Tom Club,table,Tom Tom Club,music,454-3
3155,Who plays the role of John Keating in the film Dead Poet's Society?,Q106316,Dead Poets Society,Q83338,Robin Williams,text,Robin Williams,movies,1072-0
2157,What is the name of association football's most important international competition?,Q17437796,featured article,Q19317,FIFA World Cup,kb,The World Cup; https://www.Q19317,soccer,718-4
4544,Who was the captain of the San Jose Earthquakes from 2009 to 2013?,Q575370,San Jose Earthquakes,Q2716600,Ramiro Corrales,table,Ramiro Corrales,soccer,1538-3
2169,What was David Lynch's fifth film?,Q2071,David Lynch,Q751382,Wild at Heart,table,Wild At Heart,movies,722-4
241,What is the publication date of the Twilight novel?,Q189378,Twilight,"5 October, 2005","5 October, 2005",infobox,"5 October, 2005",books,80-1
4271,What is the original language of the series Hanna?,Q48102683,Hanna,Q1860,English,infobox,English,tvseries,1446-3
2184,What team did Cristiano Ronaldo first play for in his youth career?,Q11571,Cristiano Ronaldo,Q3434146,CF Andorinha,infobox,CF Andorinha,soccer,728-1
2183,Which team did Cristiano Ronaldo play for in 2021?,Q11571,Cristiano Ronaldo,Q18656,Manchester United F.C.,text,Manchester United F.C.,soccer,728-0
1153,In what country did Blind Guardian form?,Q152540,Blind Guardian,Q713750,West Germany,text,West Germany,music,384-1
2191,How many parts is the poem Divine Comedy divided into?,Q40185,The Divine Comedy,3,3,text,3,books,730-2
290,"What was the picture format of the series ""Breaking Bad""?",Q1079,Breaking Bad,"1080p (16:9 HDTV), 4K (Ultra HD)","1080p (16:9 HDTV), 4K (Ultra HD)",infobox,"1080p (16:9 HDTV), 4K (Ultra HD)",tvseries,96-2
1449,What number of children does the actor Mark Hamill have?,Q210447,Mark Hamill,3,3,kb,3,movies,482-4
2133,"In what year was the movie adaptation of the book Carrie, by Stephen King, made?",Q39829,Stephen King,1976-01-01T00:00:00Z,1976,text,1976,books,710-4
613,What city did they create their 'Queen' band?,Q15862,Queen,Q84,London,infobox,London,music,204-2
1429,What actor portrayed Fargo in the Warehouse 13 and Eureka crossover?,Q595889,Warehouse 13,Q1139494,Neil Grayston,text,Neil Grayston,tvseries,476-2
3657,Which is the first novel of Munshi Premchand?,Q174152,Premchand,Devasthan Rahasya,Devasthan Rahasya,table,Devasthan Rahasya,books,1240-3
2910,Who wrote the book series The Vampire Chronicles?,Q840516,The Vampire Chronicles,Q184785,Anne Rice,text,Anne Rice,books,990-0
272,"Who was the Edgar's sister in the book ""Wuthering Heights ""?",Q202975,Wuthering Heights,Q11714681,Isabella Linton,text,Isabella Linton,books,90-2
3068,When did 12 Years a Slave released?,Q3023357,12 Years a Slave,2013-08-30T00:00:00Z,30 August 2013,kb,30 August 2013,movies,1042-3
1615,What is Nicolò Barella's height in centimetres?,Q20090225,Nicol\u00F2 Barella,172,172,kb,172,soccer,538-2
2377,Name the avatar movie screenwritter?,Q24871,Avatar,Q42574,James Cameron,infobox,James Cameron,movies,792-4
2654,When was Death Magnetic released?,Q151657,Death Magnetic,2008-09-10T00:00:00Z,10 September 2008,kb,10 September 2008,music,904-2
2489,What Jane Austen book was published next after Pride and Prejudice?,Q36322,Jane Austen,Q469690,Mansfield Park,infobox,Mansfield Park,books,830-3
1815,Which year was Megadeth's fifteenth album Dystopia released?,Q83431,Megadeth,2016-01-01T00:00:00Z,2016,table,2016,music,604-4
4174,The Pussycat Dolls started in which year?,Q102385,The Pussycat Dolls,2003-01-01T00:00:00Z,2003,infobox,2003,music,1414-0
988,What is Antoine Griezmann's age?,Q455462,Antoine Griezmann,30,30,kb,30,soccer,329-0
4225,Who illustrated the book's cover?,Q837140,Catching Fire,Q7804054,Tim O'Brien,infobox,Tim O'Brien,books,1430-3
4920,What's the name of the label that released Garlands by Cocteau Twins?,Q3758381,Garlands,Q238095,4AD,infobox,4AD,music,1664-2
2221,From where did Chetan Bhagat graduated from?,Q46926,Chetan Bhagat,Q1194650,Indian Institute of Technology Delhi,infobox,IIT Delhi,books,740-2
1405,what is the native language of the N'Golo Kanté's player?,Q16665941,N'Golo Kant\u00E9,Q150,French,infobox,French,soccer,468-2
3562,Who was the CEO of the New York City Football club?,Q13361030,New York City FC,Brad Sims,Brad Sims,infobox,Brad Sims,soccer,1208-3
280,"When the film ""Joker"" was released?",Q42759035,Joker,2019-01-01T00:00:00Z,2019,kb,2019,movies,92-4
1667,"What is the award received for the episodes ""The Woman in Limbo"" in the tv series bones?",Q207803,Bones,Q135498,Genesis Award,text,Genesis Award,tvseries,556-0
3568,who is the publisher of The Sound and the Fury book?,Q135515,The Sound and the Fury,Q3277534,Jonathan Cape,infobox,Jonathan Cape,books,1210-3
3844,Name of the villain character in Iron Man 2?,Q205028,Iron Man 2,Q23900364,Ivan Vanko,text,Ivan Vanko,movies,1303-0
1813,What band did Dave Mustaine find after leaving Metallica?,Q187165,Dave Mustaine,Q83431,Megadeth,text,Megadeth,music,604-2
2332,what is the Nick name of Man united?,Q18656,Manchester United F.C.,Q18656,Manchester United F.C.,table,Red Devils,soccer,778-1
711,Production company of True Detective Tv series?,Q7847400,True Detective,Q7847400,True Detective,kb,HBO,tvseries,236-4
3643,Who is the original broadcaster of the tv series High Seas?,Q59591953,High Seas,Q907311,Netflix,infobox,Netflix,tvseries,1236-1
3936,What Award was received by the music director Yuvan Shankar Raja in 2004?,Q1387724,Yuvan Shankar Raja,Q3775029,Filmfare Awards South,text,Filmfare Awards South,music,1334-1
121,What war is part of the plot of Slaughterhouse-Five?,Q265954,Slaughterhouse-Five,Q362,World War II,kb,World War II,books,40-1
511,When was Little Women?,Q523076,Little Women,1869-01-01T00:00:00Z,1869,infobox,1869,books,170-1
3610,What band performed the 5th song on Kyle XY's soundtrack?,Q685481,Kyle XY,Q1975153,Of a Revolution,text,O.A.R.,music,1224-4
1113,Which date publishing the The Last Thing he told me book?,Q106823028,The Last Thing he told me,May 4th 2021,May 4th 2021,text,May 4th 2021,books,370-3
4725,Who created the character of Sherlock Holmes?,Q4653,Sherlock Holmes,Q35610,Arthur Conan Doyle,infobox,Arthur Conan Doyle,books,1600-0
3079,Narrative location of the Travelers series?,Q24705137,Travelers,Q24639,Vancouver,kb,Vancouver,tvseries,1046-2
335,author of the book the Tale of peter Rabbit?,Q580463,The Tale of Peter Rabbit,Q214565,Beatrix Potter,infobox,Beatrix Potter,books,111-0
2198,Who was the screenplay writer of the film The Lion King?,Q27044293,The Lion King,Q771104,Jeff Nathanson,infobox,Jeff Nathanson,movies,732-3
357,who is the spouse of Landon Donovan?,Q202237,Landon Donovan,Q247088,Bianca Kajlich,kb,Bianca Kajlich,soccer,118-3
1779,What is the opening year of MTV?,Q756445,MTV India,1996-01-01T00:00:00Z,1996,text,1996,movies,592-4
3660,What is the release date of the film maqbool in India?,Q542866,Maqbool,2004-01-30T00:00:00Z,30 January 2004,kb,30 January 2004,movies,1242-0
4321,Main subject of the movie Encanto?,Q103372692,Encanto,Q1726563,self-discovery,kb,self-discovery,movies,1463-0
1899,What is the BBFC rating of the film Smallfoot?,Q30607974,Smallfoot,Q23301854,PG certificate,kb,PG certificate,movies,632-4
387,How many teams will compete in the 2026 FIFA World Cup?,Q5020214,2026 FIFA World Cup,48,48,infobox,48,soccer,128-3
1560,What year was The Pocket Book of Boners published?,Q7757551,The Pocket Book of Boners,1931-01-01T00:00:00Z,1931,infobox,1931,books,520-1
2296,What is the name of the actor who played Will Schuester on Glee?,Q152178,Glee,Q152178,Glee,text,Matthew Morrison,tvseries,766-1
2437,Which actress played Mrs. Which in A Wrinkle in Time?,Q24301388,A Wrinkle in Time,Q55800,Oprah Winfrey,infobox,Oprah Winfrey,movies,813-0
3162,What was Eric Clapton's pseudonym?,Q48187,Eric Clapton,Q17592351,Slowhand,kb,Slowhand,music,1074-1
2467,What is a inception movie's genre?,Q25188,Inception,Q496523,heist film,infobox,Heist film,movies,823-0
3245,Who is the director of the movie Sherni?,Q107176275,Sherni,Q28914756,Amit Masurkar,kb,Amit V. Masurkar,movies,1102-0
877,Which is the first movie created by Stephen Sommers?,Q363402,Stephen Sommers,Q3225229,Perfect Alibi,table,Perfect Alibi,movies,292-2
3946,Who is the director of the tv series Hospital Playlist?,Q83625648,Hospital Playlist,Q12604497,Shin Won-ho,text,Shin Won-ho,tvseries,1337-0
1430,Did Neil Grayston appear in Psych?,Q1139494,Neil Grayston,Yes,Yes,table,Yes,tvseries,476-3
1385,which year was the book Nineteen Eighty-Four published?,1984-01-01T00:00:00Z,1984-01-01T00:00:00Z,1984-01-01T00:00:00Z,1984,kb,1984,books,461-0
3064,Release year of first The Dark Tower book?,Q280898,The Dark Tower,1982-01-01T00:00:00Z,1982,kb,1982,books,1041-0
3563,Who was the kit manufacturer from 2015 to present for New York City Football club?,Q13361030,New York City FC,Q4033399,Adidas,table,Adidas,soccer,1208-4
4657,Who are the distributor of the TV series Money Heist?,Q29647346,Money Heist,Q571833,Antena 3,infobox,Antena 3;Netflix,tvseries,1576-4
1281,Who is the composer of Hollywood?,Q85712059,Hollywood,Q111777,Nathan Barr,kb,Nathan Barr,tvseries,426-3
2592,What was the record label of singer Elvis Presley?,Q303,Elvis Presley,Q898618,Sun Records,kb,Sun Records,music,874-1
1409,The Hunchback of Notre-Dame,Q191380,The Hunchback of Notre Dame,Q535,Victor Hugo,infobox,Victor Hugo,books,470-0
2564,Was the song Legend in Your Own Time on the Carly Simon album Anticipation?,Q17020238,Legend in Your Own Time,Yes,Yes,text,yes,music,864-3
2784,What national team did the football player Pelé represent?,Q12897,Pel\u00E9,Q155,Brazil,infobox,Brazil,soccer,948-0
1988,Who is the screenwriter of the Alien film?,Q103569,Alien,Q3056094,Ronald Shusett,infobox,"Dan O'Bannon,Ronald Shusett",movies,662-3
4183,What location was the birth place of Matt LeBlanc?,Q186896,Matt LeBlanc,Q49196,"Newton, Massachusetts",kb,Newton,tvseries,1416-3
906,who is the screenwriter of the flim The Princess Bride?,Q506418,The Princess Bride,Q506885,William Goldman,text,William Goldman,movies,302-1
2948,Who is the spouse of the director Vishnuvardhan?,Q7936007,Vishnuvardhan,Q101437273,Anu Vardhan,text,Anu Vardhan,movies,1002-2
3549,"When was the song ""Suddenly There's a Valley"" released?",Q7633654,Suddenly There's a Valley,Q16646910,July 1955,infobox,July 1955,music,1204-2
4427,Who was Austin FC's first sponsor?,Q60643348,Austin FC,Q3895,Adidas,table,Adidas,soccer,1498-3
1079,What is the Charlotte Football Club?,Q78944434,Charlotte FC,American professional soccer club based in Charlotte,American professional soccer club based in Charlotte,text,American professional soccer club based in Charlotte,soccer,359-0
2894,On what date was Guns N' Roses inducted into the Rock and Roll Hall of Fame?,Q11895,Guns N\u2019 Roses,2012-04-14T00:00:00Z,14 April 2012,text,"April 14, 2012",music,984-2
452,"Who was main character of the novel ""Nineteen Eighty-Four""?",Q208460,Nineteen Eighty-Four,Q11428966,Winston Smith,text,Winston Smith,books,150-2
4383,What genre of music does Ancient Bards make?,Q3615207,Ancient Bards,Q486415,symphonic metal,kb,Symphonic Metal,music,1484-1
3867,Which is the next novel of R.K. Narayan?,Q334252,R. K. Narayan,Q7653285,Swami and Friends,table,Swami and Friends,books,1310-4
806,Who lost the Maracanazo?,Q754483,Uruguay v Brazil 1950,Q83459,Brazil national football team,kb,Brazil national football team,soccer,268-3
4860,What was Hans Zimmer's turning point in career?,Q76364,Hans Zimmer,Q188845,Rain Man,text,Rain Man,music,1644-3
2920,What is the name of Clint Eastwood's eldest child?,Q43203,Clint Eastwood,Q976575,Kyle Eastwood,kb,Kyle Eastwood,movies,992-4
2872,Production Company Of the Tv series Money Heist?,Q571843,Antennarius monodi,Q571833,Antena 3,kb,Antena 3,tvseries,976-4
2477,What is the Game of Thrones television series' producing company?,Q23572,Game of Thrones,Q23633,HBO,kb,HBO,tvseries,826-3
3840,Which actor played the character of Ivan Vanko in Iron Man 2?,Q23900364,Ivan Vanko,Q178552,Mickey Rourke,kb,Mickey Rourke,movies,1302-1
707,Who played the role Emily in True Detective TV series?,Q7847400,True Detective,Q18684239,Adria Arjona,kb,Adria Arjona,tvseries,236-0
1591,When did George Orwell write Nineteen Eighty-Four?,Q208460,Nineteen Eighty-Four,1949-06-08T00:00:00Z,8 June 1949,kb,8 June 1949,books,530-2
3940,Father name of music director Yuvan Shankar Raja?,Q1387724,Yuvan Shankar Raja,Q2720141,Ilaiyaraaja,text,Ilaiyaraaja,music,1335-0
3334,Who is the Skyfall movie's hero?,Q4941,Skyfall,Q4547,Daniel Craig,table,Daniel Craig,movies,1132-2
2235,What is the debut date of the album Vande Mataram?,Q12452104,Vande Mataram,1997-08-12T00:00:00Z,12 August 1997,kb,12 August 1997,music,745-0
76,Where did Adam Clayton born?,Q175907,Adam Clayton,Q2344562,Chinnor,kb,Chinnor,music,24-4
227,how many band members did D12 have?,Q154543,D12,8,8,text,8,music,75-0
1394,what is the country of origin of the Ramones music?,Q483407,Ramones,Q30,United States of America,infobox,United States of America,music,464-2
500,Who is the producer of the of the TV series Riverdale?,Q23001951,Riverdale,J. B. Moranville,J. B. Moranville,infobox,J. B. Moranville,tvseries,166-2
4298,Who is the creator of the Ghoul?,Q48673879,Ghoul,Q7146590,Patrick Graham,infobox,Patrick Graham,tvseries,1456-0
2132,"Where was Stephen King's first book, Carrie, published?",Q39829,Stephen King,Q623394,Carrie,kb,United States of America,books,710-3
2159,Who is the creator of the Millennium series of Swedish crime novels?,Q847022,Millennium,Q186317,Stieg Larsson,text,Stieg Larsson,books,720-0
1198,Position played by the Luka Modric?,Q483837,Luka Modri\u0107,Q193592,midfielder,infobox,midfielder,soccer,398-4
87,What is Virgil van Dijk's major awards?,Q133903,Virgil van Dijk,Q260117,UEFA Men's Player of the Year Award,kb,UEFA Men's Player of the Year Award,soccer,28-3
3428,What is the name of Doja Cat's first studio album?,Q51120673,Doja Cat,Q65090802,Amala,text,Amala,music,1164-0
3544,"""Jurassic Park""?",Q167726,Jurassic Park,Q172140,Michael Crichton,text,Michael Crichton,movies,1202-2
3075,Who is John Williams spouse?,Q131285,John Williams,Q527841,Barbara Ruick,kb,Barbara Ruick,music,1044-4
3371,What was the name of Quincy Jones' record label he formed in 1975?,Q193645,Quincy Jones,Q3414893,Qwest Records,text,Qwest Records,music,1144-3
4608,What was the original name of the G. P. Putnam's Sons and publishing company?,Q3093062,G. P. Putnam's Sons,Q3093062,G. P. Putnam's Sons,text,Wiley & Putnam,books,1560-1
3418,What is the name of the book's illustrator?,Q1659447,The Marvelous Land of Oz,Q45111,John R. Neill,infobox,John R. Neill,books,1160-2
4825,Who reveals the Vers is Carol Danvers in Captain Marvel?,Q23781129,Captain Marvel,Rambeau and her daughter Monica,Rambeau and her daughter Monica,text,Rambeau and her daughter Monica,movies,1632-4
3348,Narrative location of 'Picket Fences' ​series?,Q1247248,Picket Fences,Q1537,Wisconsin,infobox,Wisconsin,tvseries,1136-4
1929,What year was Lee J. Cobb born?,Q348351,Lee J. Cobb,1911-01-01T00:00:00Z,1911,kb,1911,movies,642-4
2229,movie Roohi directed by?,Q64768529,Roohi (2021 film),Q35488479,Hardik Mehta,infobox,Hardik Mehta,movies,743-0
890,When was The Mentalist telecasted?,Q204228,The Mentalist,2008-09-23T00:00:00Z,23 September 2008,infobox,23 September 2008,tvseries,296-3
3500,what is the color of logo image?,Q41420,Borussia Dortmund,Q943,yellow,kb,yellow;black,soccer,1188-0
3589,what is the nick name of Al Hilal SFC team?,Q73965,Al-Hilal SFC,"Al-Za'eem (The Boss) ,The Blue Waves , The Royal Club,  The Century Club","Al-Za'eem (The Boss) ,The Blue Waves , The Royal Club,  The Century Club",infobox,"Al-Za'eem (The Boss) ,The Blue Waves , The Royal Club,  The Century Club",soccer,1218-1
3654,What is the publication year of the novel Godaan?,Q904382,Godaan,1936-01-01T00:00:00Z,1936,kb,1936,books,1240-0
1967,Who played as Sherlock Holmes in Sherlock (TV series)?,Q192837,Sherlock,Q244674,Benedict Cumberbatch,kb,Benedict Cumberbatch,tvseries,656-0
2584,Author of the book Dune?,Q190192,Dune,Q7934,Frank Herbert,text,Frank Herbert,books,871-0
466,"What was the genre of the music ""Shape of You""?",Q28132505,Shape of You,Q211756,dance-pop,infobox,"Pop,dancehall,tropical house",music,154-4
1156,Who wrote the lyrics for Blind Guardian's Battalions of Fear?,Q244258,Battalions of Fear,Q57752,Hansi K\u00FCrsch,text,Hansi Kürsch,music,384-4
2478,What is the origin city of Game of Thrones?,Q23572,Game of Thrones,Q30,United States of America,infobox,United States of America,tvseries,826-4
4136,What is the language of work of the book Thumbelina?,Q9035,Danish,Q11870,Thumbelina,kb,Danish,books,1400-4
1289,What is the complete name of Jean Makoun?,Q213119,Jean Makoun,Jean II Makoun,Jean II Makoun,infobox,Jean II Makoun,soccer,429-0
1889,What is the Genre of the book The Name of the Rose?,Q172850,The Name of the Rose,Q1093312,historical mystery,infobox,historical mystery,books,630-0
1131,What is the genre of Peaky Blinders series?,Q14944179,Peaky Blinders,Q1366112,drama television series,infobox,"Historical fiction ,Crime drama",tvseries,376-3
3018,What was the first TV show he acted in?,Q493077,James Avery,Q948828,Tales of the Gold Monkey,table,Tales of the Gold Monkey,tvseries,1026-1
1512,What is the duration of Surrealistic Pillow album recording?,Q913092,Surrealistic Pillow,"October 31 – November 22, 1966","October 31 – November 22, 1966",infobox,"October 31 – November 22, 1966",music,504-1
779,What year was Mirrorshades first published?,Q2085020,Mirrorshades,1986-01-01T00:00:00Z,1986,kb,1986,books,260-0
4887,Who is the main cast member of Baahubali movie?,Q21001674,Baahubali 2: The Conclusion,Q3136554,Prabhas,infobox,Prabhas Raju Uppalapati,movies,1653-3
620,What is the name of the original broadcaster in The Following series?,Q1189631,The Following,Q166419,Fox Broadcasting Company,infobox,Fox Broadcasting Company,tvseries,206-3
4090,who is the actor as Marco Polo in Marco Polo Tv series?,Q6757674,Marco Polo,Q3837061,Lorenzo Richelmy,kb,Lorenzo Richelmy,tvseries,1386-0
2055,Which year got Peter Townshend the Grammy Lifetime Achievement Award?,Q26933,Pete Townshend,2001-01-01T00:00:00Z,2001,text,2001,music,684-4
882,Which is the birthplace of Michael Jackson?,Q2831,Michael Jackson,Q1415,Indiana,infobox,Indiana,music,294-1
3176,Did Frank Lampard have a relationship with Christine Bleakley?,Q41533,Frank Lampard,Yes,Yes,kb,Yes,soccer,1078-3
1246,What was the end date for the Synchronicity Tour?,Q7662113,Synchronicity Tour,1984-03-04T00:00:00Z,4 March 1984,infobox,04 March 1984,music,414-4
81,Original broadcaster of Van Helsing Tv series?,Q23787669,Van Helsing,Q276542,Syfy,kb,Syfy,tvseries,26-3
2328,The Last Kingdom was mainly based on?,Q18085820,The Last Kingdom,Q1171438,The Last Kingdom,text,History,tvseries,776-3
82,Total number of episodes in Van Helsing Tv series?,Q23787669,Van Helsing,65,65,kb,65,tvseries,26-4
1873,Does Brian May have a PhD?,Q15873,Brian May,Yes,Yes,text,Yes,music,624-2
1459,What is the total number of seasons the Arrow series contains?,Q552314,Arrow,8,8,infobox,8,tvseries,486-2
3588,what is the country of the team Al-Hilal SFC?,Q73965,Al-Hilal SFC,Q851,Saudi Arabia,kb,Saudi Arabia,soccer,1218-0
4257,What is the BBFC rating of the movie Venom: Let There Be Carnage?,Q60498064,Venom: Let There Be Carnage,Q4550895,15 certificate,kb,15 certificate,movies,1442-1
1247,"""Every Breath You Take"" was created by which English rock band?",Q1330171,Every Breath You Take,Q178095,The Police,kb,The Police,music,415-0
554,Which is the second album of the singer Britney Spears?,Q11975,Britney Spears,Q152999,Oops!\u2026 I Did It Again,table,Oops!... I Did It Again,music,184-3
1845,In what year did the channel VH1 changed their name to MTV Classic?,Q6718671,MTV Classic Australia,2010-01-01T00:00:00Z,2010,infobox,2010,music,614-4
596,What is the  award received by Thomas Müller in 2010?,Q43666,Thomas M\u00FCller,Q233454,European Golden Shoe,kb,European Golden Shoe,soccer,198-3
3211,What was the name of author who wrote Things Fall Apart?,Q622400,Things Fall Apart,Q622400,Things Fall Apart,table,Chinua Achebe,books,1090-2
200,What is the birthplace of the actress Sofia Vergara?,Q231911,Sof\u00EDa Vergara,Q62823,Barranquilla,kb,Barranquilla,tvseries,66-2
1803,What place was John Faulkner born?,Q6232800,John Faulkner,Q1924440,Ripley,kb,Ripley,books,600-4
721,Which is the second book in The Folk of the Air series?,Q47008389,The Cruel Prince,The Wicked King,The Wicked King,text,The Wicked King,books,240-2
2576,What year did Chicago Fire win their first U.S. Open Cup?,Q308683,Chicago Fire Soccer Club,1998-01-01T00:00:00Z,1998,text,1998,soccer,868-3
3047,What is the genre of the tv series Riverdale?,Q23001951,Riverdale,Q775344,teen drama,infobox,teen drama,tvseries,1036-0
4867,Production company of Tv series Carnival Row?,Q46034734,Carnival Row,Q4740868,Amazon Studios,kb,Amazon Studios;Stillking Films,tvseries,1646-4
3837,What caused the death of Michael Crichton?,Q172140,Michael Crichton,Q208414,lymphoma,kb,lymphoma,books,1300-4
2466,What is Leonardo DiCaprio's date of birth?,Q38111,Leonardo DiCaprio,1974-11-11T00:00:00Z,11 November 1974,infobox,11 November 1974,movies,822-4
1349,In which year UEFA European Championship tournament started?,Q260858,UEFA European Championship,1960-01-01T00:00:00Z,1960,kb,1960,soccer,449-0
1820,What is the name of the model who won the first cycle of America's Next Top Model?,Q31426,America's Next Top Model,Q234423,Adrianne Curry,table,Adrianne Curry,tvseries,606-3
2001,What is the award received by the bones tv series?,Q207803,Bones,Q135498,Genesis Award,infobox,Genesis Award,tvseries,666-4
4188,What was Franz Beckenbauer's pseudonym?,Q4457,Franz Beckenbauer,Q18414067,Der Kaiser,kb,Der Kaiser,soccer,1418-2
1415,What was the name of the second Star Trek movie?,Q1102217,Star Trek,Q465478,Star Trek II: The Wrath of Khan,text,Star Trek II: The Wrath of Khan,movies,472-0
4549,Who wrote Fifty Shades novel series?,Q16357152,Fifty Shades,Q59896,E. L. James,kb,E. L. James,books,1540-2
3314,"Who was the director of the series ""Mare of Easttown""?",Q61040213,Mare of Easttown,Q5181627,Craig Zobel,kb,Craig Zobel,tvseries,1126-0
2419,Name the genre of tv series Squid Game?,Q106582931,Squid Game,Q15898171,survival film,,survival film,tvseries,807-0
3808,Release year of the book Different Seasons?,Q471024,Different Seasons,1982-01-01T00:00:00Z,1982,kb,1982,books,1291-0
4670,Who authored the novel To Kill a Mockingbird?,Q212340,To Kill a Mockingbird,Q182658,Harper Lee,infobox,Harper Lee,books,1581-0
3598,What was the other book to get the Newbery Honor in 2019 besides The Night Diary?,Q622813,Newbery Medal,Q65119016,Q65119016,table,The Book of Boy,books,1220-4
3289,What is the Production company of the tv series wizards of waverly place,Q912601,It's a Laugh Productions,Q184342,Wizards of Waverly Place,kb,It's a Laugh Productions,tvseries,1116-4
3273,Who directs the flim Black Beauty?,Q85747484,Black Beauty,Q52274421,Ashley Avis,text,Ashley Avis,movies,1112-0
3000,Who originally illustrated the cover?,Q3210399,Welcome to Dead House,Q3991361,Tim Jacobus,text,Tim Jacobus,books,1020-1
1286,How many matches Jean Makoun played for Lille OSC?,Q213119,Jean Makoun,165,165,text,165,soccer,428-2
1587,Who won the Premier League title in the 2020-2021 season?,Q9448,Premier League,Q50602,Manchester City F.C.,infobox,Manchester City F.C.,soccer,528-4
3364,When did George Lucas receive his first Academy Award nomination?,Q38222,George Lucas,1973-01-01T00:00:00Z,1973,table,1973,movies,1142-2
3739,Who is a part of Luis Suárez sports team?,Q81888,AFC Ajax,Q499616,Club Nacional de Football,infobox,"AFC Ajax, FC Groningen, Liverpool F.C.",soccer,1268-1
4717,Production company of the Tv series Ozark?,Q25205293,Ozark,Q2856187,MRC,kb,MRC; Aggregate Films,tvseries,1596-4
578,who is the producer of the flim pirates of the caribbean?,Q194318,Pirates of the Caribbean,Q217037,Jerry Bruckheimer,text,Jerry Bruckheimer,movies,192-3
3399,In which studio the album Funeral was largely recorded?,Q526196,Funeral,Q5911118,Hotel2Tango,text,Hotel2Tango,music,1154-1
1467,When was Alex Curran born?,Q531057,Alex Curran,1982-09-23T00:00:00Z,23 September 1982,kb,23 September 1982,soccer,488-4
1672,"award received for the episodes ""The Woman in Limbo""?",Q207803,Bones,Q135498,Genesis Award,text,Genesis Award,tvseries,557-0
258,Who is the director of the TV series Dark?,Q28443710,Dark,Q2883803,Baran bo Odar,infobox,Baran bo Odar,tvseries,86-0
590,Which is based on which film by the TV series Hanna?,Q48102683,Hanna,Q170268,Hanna,text,Hanna,tvseries,196-3
3464,Who directed the episode MADMAX of Stranger Things series?,Q42155612,"Stranger Things, season 2",Q26097618,Duffer Brothers,table,Duffer brothers,tvseries,1176-0
3417,What is the name of the second book in the Oz series?,Q207544,L. Frank Baum,Q1659447,The Marvelous Land of Oz,text,The Marvelous Land of Oz,books,1160-1
3496,who is the composer of The Umbrella Academy series?,Q44535025,The Umbrella Academy,Q6174877,Jeff Russo,infobox,Jeff Russo,tvseries,1186-2
2994,who is the co-chairman of Manchester united football game?,Q18656,Manchester United F.C.,Q1344421,Joel Glazer,infobox,Joel and Avram Glazer,soccer,1018-1
1837,Is the actor who played the FBI agent Carl Hanratty in Catch Me If You Can younger or older than Leonardo DiCaprio?,Q38111,Leonardo DiCaprio,Q2214293,Older,kb,Older,movies,612-2
3934,Who produces the flim Ratatouille?,Q170035,Ratatouille,Q191224,Walt Disney Pictures,infobox,Walt Disney Pictures,movies,1333-0
1789,What is the nationality of Sidharth Sengupta?,Q102314326,Sidharth Sengupta,Q226324,Indian,infobox,Indian,tvseries,596-2
3152,When was Marcel Proust born?,Q7199,Marcel Proust,1871-07-10T00:00:00Z,10 July 1871,kb,10 July 1871,books,1070-3
2882,"What is the occupation of T.S. Garp, the main character in The World According to Garp?",Q2507282,The World According to Garp,Q36180,Writer,text,writer,books,980-2
1649,What is the language of work of the book Lord of the Flies?,Q271764,Lord of the Flies,Q1860,English,text,English,books,550-0
4265,Where did Eminem born?,Q5608,Eminem,Q745120,St. Joseph,infobox,St. Joseph,music,1444-3
1847,In which year did the American sitcom series Will & Grace return for another three seasons after ending in 2006?,Q212135,Will & Grace,2017-01-01T00:00:00Z,2017,table,2017,tvseries,616-0
139,Who was hosting the Jeopardy! in 2000?,Q499767,Jeopardy!,Q929985,Alex Trebek,text,Alex Trebek,tvseries,46-1
2704,"Who was the narrator of the novel ""Moby-Dick""?",Q174596,Moby-Dick,Q6080485,Ishmael,kb,Ishmael,books,920-4
1357,Which author wrote the novel of the the same name that the movie was based on?,Q1058512,The Running Man,Q3495759,Richard Bachman,infobox,Richard Bachman,movies,452-1
4451,What is the origin city of Better Call Saul?,Q14925221,Better Call Saul,Q30,United States of America,infobox,United States of America,tvseries,1506-3
657,Where is Lionel Messi from?,Q615,Lionel Messi,Q414,Argentina,infobox,Argentina,soccer,218-4
474,When was founded the Chicago Fire Football Club?,Q308683,Chicago Fire Soccer Club,1997-10-08T00:00:00Z,8 October 1997,infobox,"October 8, 1997",soccer,158-0
4597,How many seasons are there in The 100?,Q13098946,The 100,7,7,infobox,7,tvseries,1556-2
1589,Who wrote the book Animal Farm?,Q1396889,Animal Farm,Q3335,George Orwell,infobox,George Orwell,books,530-0
2281,What is the name of the summer camp where Percy goes in Long Island?,Q5027225,Camp Half-Blood chronicles,Q12060105,Camp Half-Blood,kb,Camp Half-Blood,books,760-4
3408,Who is the life partner of Michael Wilson?,Q3308582,Michael Wilson,Margie Wilson,Margie Wilson,infobox,Margie Wilson,tvseries,1156-4
176,What is the height of the soccer player Freddy Adu?,Q310369,Freddy Adu,5 ft 8 in,5 ft 8 in,infobox,5 ft 8 in,soccer,58-2
1982,Who is the publisher of the Eragon book?,Q185449,Eragon,Q1431868,Alfred A. Knopf,infobox,Alfred A. Knopf,books,660-3
4644,Which is the second movie in The Hobbit film series?,Q74331,The Hobbit,Q719915,The Desolation of Smaug,table,The Hobbit: The Desolation of Smaug,movies,1572-2
30,in which language was the book Writers & Lovers published?,Q96415602,Writers & Lovers,Q1860,English,kb,English,books,10-0
4325,"What was the label of the song ""The Humpty Dance""?",Q7740935,The Humpty Dance,Q9359918,Tommy Boy,infobox,Tommy Boy,music,1464-3
1951,When was the book A Study in Scarlet published?,Q223131,A Study in Scarlet,1887-01-01T00:00:00Z,1887,infobox,1887,books,650-2
3606,What album did the band Augustana release in 2005?,Q765947,Augustana,Q2837622,All the Stars and Boulevards,table,All the Stars and Boulevards,music,1224-0
2538,Which actor played the role of Eric Murphy in the TV series Entourage?,Q3056356,Eric Murphy,Q359331,Kevin Connolly,kb,Kevin Connolly,tvseries,846-4
1346,Which are the teams participated in the inaugural UEFA Championship?,Q260858,UEFA European Championship,Q189275,Soviet Union national association football team,table,Soviet Union; Yugoslavia; Czechoslovakia; France,soccer,448-2
58,who is the owner of Rayo Vallecano de Madrid team?,Q10300,Rayo Vallecano,Raúl Martín Presa,Raúl Martín Presa,infobox,Raúl Martín Presa,soccer,18-4
4892,Which religion did bismillah khan belongs?,Q379707,Bismillah Khan,Q432,Islam,kb,Islam,music,1654-4
1566,What year was Mike Myers born?,Q185724,Mike Myers,1963-01-01T00:00:00Z,1963,kb,1963,movies,522-1
1580,What profession did Caleb have on the show Buffy the Vampire Slayer?,Q183513,Buffy the Vampire Slayer,Q42603,Priest,text,Priest,tvseries,526-3
3987,Who is the father of writer David Lagercrantz?,Q4276189,David Lagercrantz,Q1392643,Olof Lagercrantz,text,Olof Lagercrantz,books,1350-4
553,What is the birth date of the singer Britney Spears?,Q11975,Britney Spears,1981-12-02T00:00:00Z,2 December 1981,text,2 December 1981,music,184-2
2507,What role did Hugh Laurie play in Jeeves and Wooster?,Q49017,Hugh Laurie,Q828530,Bertie Wooster,table,Bertie Wooster,tvseries,836-3
1111,Who is the author of the The Last Thing he told me book?,Q106823028,The Last Thing he told me,Q6498838,Laura Dave,table,Laura Dave,books,370-1
3580,what is the rank of amazon music Blinding Lights song?,Q76566134,Blinding Lights,3,3,table,3,music,1214-4
2070,Which author wrote Brave New World?,Q191949,Brave New World,Q81447,Aldous Huxley,infobox,Aldous Huxley,books,690-1
4024,what genre is Bad Boys for Life?,Q29021224,Bad Boys for Life,Q188473,action film,kb,action comedy film,movies,1363-0
2967,How many matches did Eden Hazard played for Chelsea F.C.?,Q214204,Eden Hazard,245,245,infobox,245,soccer,1008-4
1537,What is the publication date of the Rocky movie?,Q188652,Rocky,1976-11-21T00:00:00Z,21 November 1976,infobox,21 November 1976,movies,512-2
4315,Author of the book Under the Volcano?,Q1570020,Under the Volcano,Q357120,Malcolm Lowry,kb,Malcolm Lowry,books,1461-0
3006,What was the first movie that he appeared as James Bond?,Q134333,Roger Moore,Q27204,Live and Let Die,text,Live and Let Die,movies,1022-1
3829,Where did Ronaldinho born?,Q39444,Ronaldinho,Q40269,Porto Alegre,text,Porto Alegre,soccer,1298-2
2085,Which tv network did the Initial D anime series premiered on?,Q164883,Initial D,Q744800,Fuji Television,text,Fuji Television,music,694-4
3960,"Who was the screen play of the film ""Black Widow""?",Q23894626,Black Widow,Q42244196,Eric Pearson,infobox,Eric Pearson,movies,1342-1
2257,What architect designed it?,Q4811100,Old Astoria City Hall,Q5371435,Emil Schacht,infobox,Emil Schacht,movies,752-3
1094,In which year Ilaiyaraaja became the first Indian to compose a full symphony?,Q2720141,Ilaiyaraaja,1993-01-01T00:00:00Z,1993,text,1993,music,364-2
2405,Who produced the movie lord of the rings?,Q190214,The Lord of the Rings trilogy,Q79202,New Line Cinema,infobox,New Line Cinema,movies,802-3
3181,When did Agatha Christie publish the last story about Hercule Poirogt?,https://en.wikipedia.org/wiki/Hercule_Poirot#Appearance_and_proclivities,https://en.wikipedia.org/wiki/Hercule_Poirot#Appearance_and_proclivities,1975-01-01T00:00:00Z,1975,,1975,books,1080-2
2045,Which 2013 Sandra Bullock movie was a science fiction thriller?,Q40791,Sandra Bullock,Q2579784,Gravity,text,Gravity,movies,682-0
1220,Who is the voice actor for the character of Peter Griffin?,Q28465,Peter Griffin,Q188492,Seth MacFarlane,text,Seth MacFarlane,tvseries,406-2
534,What is kylian mbappé current soccer team?,Q21621995,Kylian Mbapp\u00E9,Q483020,Paris Saint-Germain F.C.,table,Paris Saint-Germain F.C.,soccer,178-0
2937,What is Robert Lewandowski's date of birth?,Q151269,Robert Lewandowski,1988-08-21T00:00:00Z,21 August 1988,kb,21 August 1988,soccer,998-3
3576,what is the genre of the song Blinding Lights?,Q76566134,Blinding Lights,Q19938910,synthwave,kb,"synthwave,electropop",music,1214-0
1383,what award received by this  Nineteen Eighty-Four  Book?,Q208460,Nineteen Eighty-Four,Q40734,Le Monde's 100 Books of the Century,infobox,"NPR Top 100 Science Fiction and Fantasy Books, Le Monde's 100 Books of the Century",books,460-3
4101,For which club did Mesut Özil playing currently?,Q83488,Mesut \u00D6zil,Q6601875,Fenerbah\u00E7e S.K.,kb,Fenerbahçe S.K.,soccer,1389-0
1757,What year did Three's Company premier on TV?,Q245996,Three's Company,1977-01-01T00:00:00Z,1977,text,1977,tvseries,586-0
3760,which year did this Led Zeppelin band begin?,Q2331,Led Zeppelin,1968-01-01T00:00:00Z,1968,infobox,1968,music,1275-0
418,What city was the band created in?,Q583556,Average White Band,Q123709,Dundee,infobox,Dundee,soccer,138-4
3571,who is the director of Dolittle movie?,Q38689704,Dolittle,Q1971984,Stephen Gaghan,text,Stephen Gaghan,movies,1212-1
3117,Who owns Germany National Football Team?,Q43310,Germany national association football team,Q154191,German Football Association,kb,German Football Association,soccer,1058-4
608,who is The Silence film editor?,Q50418548,The Silence,Q95668050,Michele Conroy,infobox,Michele Conroy,movies,202-3
426,Which actor played the first James Bond?,Q2009573,James Bond,Q4573,Sean Connery,text,Sean Connery,movies,142-0
1189,original broadcaster of the Riverdale tv series?,Q23001951,Riverdale,Q212252,The CW,infobox,The CW,tvseries,396-1
3714,Who wrote Enola Holmes?,Q65032692,Enola Holmes,Q6115483,Jack Thorne,kb,Jack Thorne,books,1260-0
3891,How many children Tom Werner is having?,Q2484170,Tom Werner,3,3,text,3,soccer,1318-4
4864,Where did Orlando Bloom born?,Q44467,Orlando Bloom,Q29303,Canterbury,kb,Canterbury,tvseries,1646-1
1479,Where does Ordinary People take place?,Q503313,Ordinary People,Q1297,Chicago,text,Chicago,movies,492-4
443,Who is the creator of the TV show Peaky Blinders?,Q14944179,Peaky Blinders,Q1337354,Steven Knight,infobox,Steven Knight,tvseries,147-0
722,Which book is the sequel to the second book The Wicked King in The Folk of the Air series?,Q47008389,The Cruel Prince,The Queen of Nothing,The Queen of Nothing,text,The Queen of Nothing,books,240-3
4386,Who is the vocalist of Ancient Bards?,Q3615207,Ancient Bards,Q18211526,Sara Squadrani,text,Sara Squadrani,music,1484-4
1891,What is the language of work of the book The Name of the Rose?,Q652,Italian,Q172850,The Name of the Rose,infobox,Italian,books,630-2
2484,Who is the  sponsor of ronaldo?,Q11571,Cristiano Ronaldo,Q483915,Nike,infobox,Nike,soccer,828-4
3585,how many seasons of Riverdale series?,Q23001951,Riverdale,6,6,table,6,tvseries,1216-3
2106,When did Tom Hanks born?,Q2263,Tom Hanks,1956-07-09T00:00:00Z,9 July 1956,kb,9 July 1956,movies,702-1
1712,What is the publication date of the Black Beauty book?,Q4920353,Black Beauty,1921-01-01T00:00:00Z,1921,infobox,1921,books,570-3
2289,How many members had The Who?,Q93346,The Who,4,4,text,4,music,764-0
2237,Which is the first movie of the Raj Nidimoru and Krishna D.K.?,Q7285337,Raj Nidimoru and Krishna D.K.,Q4646285,99,text,99,tvseries,746-1
1136,who is the head coach of Brazil national football team?,Q83459,Brazil national football team,Q40652,Tite,text,Tite,soccer,378-2
3386,What is the release year of the novel Gaban?,Q28419570,Gaban,1931-01-01T00:00:00Z,1931,kb,1931,books,1150-0
1612,The TV series Riverdale was based on which comic series?,Q23001951,Riverdale,Q20715415,Archie,infobox,Archie,tvseries,537-0
4198,Who played the title role in the 1996 adaptation of Matilda?,Q280400,Matilda,Q237270,Mara Wilson,text,Mara Wilson,movies,1422-0
4022,who is the composer of Bad Boys for Life movie?,Q29021224,Bad Boys for Life,Q608628,Lorne Balfe,text,Lorne Balfe,movies,1362-3
4132,What is the genre of the book Thumbelina?,Q699,fairy tale,Q11870,Thumbelina,infobox,Fairy tale,books,1400-0
1969,Where was the series Sherlock originally from?,Q192837,Sherlock,Q145,United Kingdom,infobox,United Kingdom,tvseries,656-2
4760,Who was the author of Exudus?,Q1384109,Exodus,Q269129,Leon Uris,infobox,Leon Uris,books,1611-0
4493,Who is the author of the book Angels & Demons?,Q182502,Angels & Demons,Q7345,Dan Brown,infobox,Dan Brown,books,1521-0
4551,when was E. L. James born?,Q59896,E. L. James,1963-03-07T00:00:00Z,7 March 1963,kb,7 March 1963,books,1540-4
495,What is the website type of Metacritic?,Q150248,Metacritic,Q3491832,review aggregator,infobox,Review aggregator,music,164-3
4691,What is the home venue of the soccer club Manchester United F.C.?,Q18656,Manchester United F.C.,Q83457,Old Trafford,kb,Old Trafford,soccer,1588-2
2537,What is the date of birth of the Entourage creator Doug Ellin?,Q934691,Doug Ellin,1968-04-06T00:00:00Z,6 April 1968,kb,6 April 1968,tvseries,846-3
699,What is the box office collection of the movie Oblivion?,Q638544,Oblivion,$287.9 million,$287.9 million,table,$287.9 million,movies,232-4
2434,What awards did A Wrinkle in Time win?,Q24301388,A Wrinkle in Time,Q2817844,St. Louis Gateway Film Critics Association Awards 2009,table,St. Louis Film Critics Awards,movies,812-2
3870,Who is the director of the movie Gulaal?,Q5617180,Gulaal,Q2839609,Anurag Kashyap,infobox,Anurag Kashyap,movies,1312-1
2206,The band One direction consisted of how many members in all?,Q146027,One Direction,4,4,infobox,4,music,735-0
71,Actor behind the role of Mark Zuckerberg in The Social Network?,Q185888,The Social Network,Q219512,Jesse Eisenberg,kb,Jesse Eisenberg,movies,23-0
3493,what is the genre of Bad Blood song?,Q19892111,Bad Blood,Q37073,pop music,kb,pop music,music,1185-0
2850,What was the third novel of the Harry Potter Book Series?,Q8337,Harry Potter,Q47598,Harry Potter and the Prisoner of Azkaban,infobox,Prisoner of Azkaban,books,970-1
3103,What was the second Earth Wind & Fire album?,Q28974,"Earth, Wind & Fire",Q3988450,The Need of Love,text,The Need of Love,music,1054-2
3062,Who wrote The Dark Tower novel series?,Q280898,The Dark Tower,Q39829,Stephen King,kb,Stephen King,books,1040-3
2877,Argentina national football team captain?,Q1492,Barcelona,Q4630358,2019 Copa Am\u00E9rica,table,2018 FIFA World Cup,soccer,978-3
4292,What is the release date of the album Sour?,Q106316694,Sour,2021-05-21T00:00:00Z,21 May 2021,infobox,21 May 2021,music,1454-0
3587,what is the genre of Riverdale  series?,Q23001951,Riverdale,Q775344,teen drama,kb,"Teen drama ,Mystery",tvseries,1217-0
2976,who is the director of Stargirl movie?,Q57474414,Stargirl,Q26904157,Julia Hart,text,Julia Hart,movies,1012-1
1134,Which country does Brazil national football team represent?,Q83459,Brazil national football team,Q155,Brazil,kb,Brazil,soccer,378-0
4283,Which is the 2nd novel of Mulk Raj Anand?,Q732434,Mulk Raj Anand,Q5167484,Coolie,table,Coolie,books,1450-3
2027,Who is the composer of Teen Wolf?,Q836393,Teen Wolf,Q557954,Dino Meneghin,infobox,Dino Meneghin,tvseries,676-0
3138,How many seasons was The Rachael Ray Show on the air?,Q2299337,Rachael Ray,16,16,infobox,16,tvseries,1066-1
4116,"""Empire State of Mind"" is a song from which Jay-Z studio album?",Q21123,Empire State of Mind,Q1110592,The Blueprint 3,text,The Blueprint 3,music,1394-2
3301,Author of the book To the Lighthouse?,Q478016,To the Lighthouse,Q40909,Virginia Woolf,kb,Virginia Woolf,books,1121-0
3694,What is Edward Norton's place of birth?,Q125904,Edward Norton,Q100,Boston,kb,Boston,movies,1252-4
3336,What is Daniel Craig's date of birth?,Q4547,Daniel Craig,1968-03-02T00:00:00Z,2 March 1968,infobox,2 March 1968,movies,1132-4
2278,What is the name of the first novel of Percy Jackson and the Olympians?,Q213167,Percy Jackson & the Olympians,Q501514,The Lightning Thief,infobox,The Lightning Thief,books,760-1
4013,Which language of this book copied?,Q6511,Ulysses,Q1860,English,kb,english,books,1360-0
1962,Where was the band The Beatles from?,Q1299,The Beatles,Q24826,Liverpool,text,Liverpool,music,654-1
4363,name of the character played by Bob Saget in the series Full House?,Q333544,Bob Saget,Q12480874,Danny Tanner,text,Danny Tanner,tvseries,1477-0
4531,How old was Michael Jackson when he died?,Q2831,Michael Jackson,50,50,infobox,50,music,1534-2
2365,Who is the Head coach of the Real Madrid CF?,Q8682,Real Madrid C.F.,Q174614,Carlo Ancelotti,table,Carlo Ancelotti,soccer,788-4
3594,Which publisher published The Night Diary?,Q65083326,Q65083326,Q2908540,Penguin Random House,text,Penguin Random House,books,1220-0
3802,In 2010 who coached the United States men's national soccer team at the World Cup?,Q164134,United States men's national soccer team,Q442325,Bob Bradley,text,Bob Bradley,soccer,1289-0
811,"How many pages in the book ""Midnight's Children""?",Q625764,Midnight's Children,446,446,infobox,446,books,270-2
595,Which team played in 2008 by Thomas Müller?,Q43666,Thomas M\u00FCller,Q994701,FC Bayern Munich II,table,FC Bayern Munich II,soccer,198-2
4720,How much money did Liverpool F.C. bought Mohamed Salah?,Q1354960,Mohamed Salah,£36.9 million,£36.9 million,text,£36.9 million,soccer,1598-1
4393,What was the first year Are you Afraid of the Dark was out?,Q1418462,Are You Afraid of the Dark?,1990-01-01T00:00:00Z,1990,kb,1990,tvseries,1487-0
4370,What was Roald Dahls first children's book?,Q25161,Roald Dahl,Q2578646,The Gremlins,kb,The Gremlins,books,1480-0
3860,What football club was represented by Roy Keane in the year 1990?,Q188632,Roy Keane,Q1104682,Cobh Ramblers F.C.,table,Cobh Ramblers F.C.,soccer,1308-3
2260,What musical group inspired the band's name?,Q3653206,Walk the Moon,Q178095,The Police,text,The Police,music,754-1
2581,Which award was nominated for the book Dune?,Q190192,Dune,Q255032,Hugo Award for Best Novel,kb,Hugo Award for Best Novel,books,870-2
1888,What team won the 2015 FIFA women's world cup?,Q911847,2015 FIFA Women's World Cup,Q334526,United States women's national soccer team,infobox,United States women's national soccer team,soccer,629-0
179,What is the born date of the soccer player Freddy Adu?,Q310369,Freddy Adu,1989-06-02T00:00:00Z,2 June 1989,infobox,2 June 1989,soccer,59-0
3524,The tv sitcom Friends was on the air for how many seasons?,Q79784,Friends,10,10,infobox,10,tvseries,1196-0
3764,What is the origin city of Boston Public?,Q894582,Boston Public,Q30,United States of America,infobox,United States of America,tvseries,1276-3
2148,In what city did the character of Mary Richards reside on The Mary Tyler Moore Show?,Q6780602,Mary Richards,Q36091,Minneapolis,kb,Minneapolis,tvseries,716-1
45,who is the performer of Save Your Tears song?,Q96405034,Save Your Tears,Q2121062,The Weeknd,infobox,The Weeknd,music,14-3
2154,What is the name of the set of rules under which the sport of soccer is played?,Q506630,Laws of the Game,Q506630,Laws of the Game,kb,Laws of the Game,soccer,718-1
4504,What year was the musician Beck born in?,Q11901,Beck,1970-01-01T00:00:00Z,1970,infobox,1970,music,1525-0
1792,Who directed the TV series Undekhi?,Q97367036,Undekhi,Q102314326,Sidharth Sengupta,kb,Sidharth Sengupta,tvseries,597-0
3276,Who distributes the film Black Beauty?,Q85747484,Black Beauty,Q54958752,Disney+,kb,Disney+,movies,1112-3
3109,Who directed the first episode of the television series Shooter?,Q24262082,Shooter,Q7518443,Simon Cellan Jones,table,Simon Cellan Jones,tvseries,1056-2
2569,How many seasons was Three's Company on the air?,Q245996,Three's Company,8,8,infobox,8,tvseries,866-2
4152,What is the Country of origin of the tv series Luna Nera?,Q82300697,Luna Nera,Q38,Italy,text,Italy,tvseries,1406-2
2619,From what novel was the film Who Framed Roger Rabbit based?,Q379873,Who Framed Roger Rabbit,Q7997187,Who Censored Roger Rabbit?,text,Who Censored Roger Rabbit?,movies,882-4
3682,What is the nationality of Rui Costa?,Q190608,Rui Costa,Q5146,Portuguese,infobox,Portuguese,soccer,1248-4
1382,which country of origin of the Nineteen Eighty-Four  Book?,Q208460,Nineteen Eighty-Four,Q145,United Kingdom,table,United Kingdom,books,460-2
4029,What id the position of Brazil chart Blank Space song?,Q18441355,Blank Space,74,74,table,74,music,1364-4
2499,What disease killed John Prine?,Q520296,John Prine,Q84263196,COVID-19,text,COVID-19,music,834-1
2250,Who made this genre name popular?,Q175173,massively multiplayer online role-playing game,Q319269,Richard Garriott,text,Richard Garriott,books,750-2
4885,What is the original language of film Baahubali?,Q21001674,Baahubali 2: The Conclusion,Q5885,Tamil,kb,Tamil,movies,1652-4
3106,Who started Earth Wind & Fire?,Q28974,"Earth, Wind & Fire",Q1295870,Maurice White,text,Maurice White,music,1055-0
1816,What is the name of the album that featured bass player Cliff Burton the last?,Q188973,Cliff Burton,Q187507,Master of Puppets,text,Master of Puppets,music,605-0
3122,Where does most of the action in The Thorn Birds take place?,Q606465,The Thorn Birds,Q14228363,Outback South Australia,text,The Australian Outback,books,1060-3
3113,What is the name of the German FIFA team?,Q43310,Germany national association football team,Q183,Germany,text,Germany National Football Team,soccer,1058-0
856,What is the place of origin of Pink Floyd?,Q2306,Pink Floyd,Q84,London,kb,London,music,285-0
4732,Which actor plays the character of Daniel Kaffee in the movie A Few Good Men?,Q108946,A Few Good Men,Q37079,Tom Cruise,text,Tom Cruise,movies,1602-1
932,Where was Margaret Mitchell born?,Q173540,Margaret Mitchell,Q23556,Atlanta,kb,Atlanta,books,310-3
4190,What is the name of Oliver Kahn's brother?,Q131261,Oliver Kahn,Q792211,Axel Kahn,kb,Axel Kahn,soccer,1418-4
1775,Who is the writer of the film Karwaan?,Q48672560,Karwaan,Q16728338,Hussain Dalal,kb,Hussain Dalal,movies,592-0
1840,The 2002 movie Catch Me If You Can is based on the semi-autobiographical book written by who?,Q208108,Catch Me If You Can,Q116774,Frank Abagnale,kb,Frank William Abagnale Jr.,movies,613-0
12,Where is the origin of the Queen Band?,Q15862,Queen,Q84,London,infobox,London,music,4-0
2891,What is the spoof of Western movies by Mel Brooks that was released in 1974?,Q104266,Mel Brooks,Q957323,Blazing Saddles,text,Blazing Saddles,movies,983-0
355,What is the position played by Landon Donovan?,Q8025128,winger,Q202237,Landon Donovan,kb,winger,soccer,118-1
1750,How many canon James Bond films have been made?,Q17437798,good article,Q95686467,production of the James Bond films,text,25,movies,583-0
4540,What year did Mork & Mindy go on the air?,Q988037,Mork & Mindy,1978-01-01T00:00:00Z,1978,table,1978,tvseries,1537-0
2646,What is the budget of Titanic?,Q44578,Titanic,$200 million,$200 million,table,$200 million,movies,902-0
4763,What year was The Wiz released?,Q428158,The Wiz,1978-01-01T00:00:00Z,1978,infobox,1978,movies,1612-2
456,"What was the genre of the movie ""Die Hard""?",Q105598,Die Hard,Q188473,action film,text,action film,movies,152-0
510,Who wrote Little Women?,Q523076,Little Women,Q185696,Louisa May Alcott,infobox,Louisa May Alcott,books,170-0
2378,"In Avatar, who is the performer?",Q24871,Avatar,Q106221,James Horner,infobox,James Horner,movies,793-0
3498,How many episodes The Umbrella Academy series?,Q44535025,The Umbrella Academy,20,20,table,20,tvseries,1186-4
4877,Which is the country of origin of the Novel The White Tiger?,Q2301826,The White Tiger,Q668,India,infobox,India,books,1650-2
4794,What is the date of birth of Anand Kumar?,Q3532582,Anand Kumar,1973-01-01T00:00:00Z,1973,infobox,1 January 1973,movies,1622-3
3529,How many seasons did the tv sitcom Friends ran?,Q79784,Friends,10,10,infobox,10,tvseries,1197-0
3678,What is the date of birth of Jan Oblak?,Q2058682,Jan Oblak,1993-01-07T00:00:00Z,7 January 1993,kb,7 January 1993,soccer,1248-0
4818,What was the last series title of Empire of the Moghul?,Q5374214,Empire of the Moghul,Traitors in the Shadows,Traitors in the Shadows,table,Traitors in the Shadows,books,1630-3
810,Who was the cover artist of the book?,Q625764,Midnight's Children,Q66238762,Bill Botten,infobox,Bill Botten,books,270-1
1823,Who won the most Man of the match awards in the 2006 FIFA World Cup?,Q37285,2006 FIFA World Cup,Q43926,Andrea Pirlo,table,Andrea Pirlo,soccer,608-0
2252,Who was the commander of that mission?,Q757035,Soyuz TMA-13,Q539358,Yury Lonchakov,table,Yury Lonchakov,books,750-4
111,What is the name of the actress who plays the character Skyler White in the series Breaking Bad?,Q6586283,Skyler White,Q271050,Anna Gunn,text,Anna Gunn,tvseries,36-3
4435,"Author of ""Ulysses"" novel?",Q6511,Ulysses,Q6882,James Joyce,kb,James Joyce,books,1501-0
789,What was the budget of the original Dune film?,Q114819,Dune,"40,000,000 United States dollar","40,000,000 United States dollar",kb,"40,000,000 United States dollar",movies,262-4
4839,What was the year of FIFA Beach Soccer World Cup founded ?,Q610865,FIFA Beach Soccer World Cup,2005-01-01T00:00:00Z,2005,infobox,2005,soccer,1638-0
921,Who is the Voice actor of the tv series loki?,Q64349029,Loki,Q4029,Tara Strong,kb,Tara Strong,tvseries,306-4
3912,who played Leonard Hofstadter in The Big Bang Theory? ?,Q8539,The Big Bang Theory,Q295739,Johnny Galecki,text,https://www.Q295739,tvseries,1326-1
714,For which club team Kevin De Bruyne represent before Manchester City F.C.?,Q357984,Kevin De Bruyne,Q101859,VfL Wolfsburg,kb,VfL Wolfsburg,soccer,238-1
129,Who was the production designer for the Harry Potter film series?,Q216930,Harry Potter film series,Q979511,Stuart Craig,text,Stuart Craig,movies,42-3
1192,What is the name of the Riverdale tv series composer?,Q23001951,Riverdale,Q881273,Blake Neely,infobox,Blake Neely,tvseries,396-4
2875,Against whom did club match,Lionel Messi paris team?,Lionel Messi paris team?,Q90,Paris,kb,"Rosario, Barcelona, Paris",soccer,978-1
1759,When was the final episode of Three's Company?,Q245996,Three's Company,1984-01-01T00:00:00Z,1984,text,1984,tvseries,586-2
3669,Which is the associated label of the album Punisher?,Q96419213,Punisher,Q5245342,Dead Oceans,infobox,Dead Oceans,music,1244-3
1287,How many goals has Jean Makoun scored for Lille OSC?,Q213119,Jean Makoun,9,9,infobox,9,soccer,428-3
546,Who is the spouse of Homi Adajania?,Q5890742,Homi Adajania,Q4750942,Anaita Shroff Adajania,kb,Anaita Shroff Adajania,movies,182-1
67,When did Jesse Eisenberg born?,Q219512,Jesse Eisenberg,1983-10-05T00:00:00Z,5 October 1983,kb,5 October 1983,movies,22-1
2179,"Who played Detective Rustin ""Rust"" Cohle in season one of True Detective?",Q7847400,True Detective,Q188955,Matthew McConaughey,kb,Matthew McConaughey,tvseries,726-2
564,What is the date of birth of the soccer player Joshua Kimmich?,Q13865408,Joshua Kimmich,1995-02-08T00:00:00Z,8 February 1995,infobox,8 February 1995,soccer,188-1
724,Who is the author of The Folk of the Air book series?,Q47008389,The Cruel Prince,Q266173,Holly Black,infobox,Holly Black,books,241-0
487,Which is the first short movie directed by Hardik Mehta?,Q35488479,Hardik Mehta,Chal Meri Luna,Chal Meri Luna,table,Chal Meri Luna,movies,162-1
3645,What is the production company of the tv series High Seas?,Q20908857,Bamb\u00FA Producciones,Q59591953,High Seas,infobox,Bambú Producciones,tvseries,1236-3
2952,How many tracks are there in the album Sunoh?,Q7640949,Sunoh,10,10,text,10,music,1004-0
661,Who wrote the The Mirror and the Light novel?,Q7751674,The Mirror and the Light,Q465700,Hilary Mantel,infobox,Hilary Mantel,books,220-2
2705,Author of the book Moby-Dick?,Q174596,Moby-Dick,Q4985,Herman Melville,text,Herman Melville,books,921-0
1578,Did Nathan Fillion play in Buffy?,Q342549,Nathan Fillion,Yes,Yes,table,Yes,tvseries,526-1
1401,who is the producer of the  Arrow TV series?,Q552314,Arrow,Q978649,Greg Berlanti,infobox,Greg Berlanti,tvseries,466-3
3118,The soccer team in Germany is called what?,Q43310,Germany national association football team,Q183,Germany,text,Germany National Football Team,soccer,1059-0
1331,Actor behind the role chemist in Rise of the Planet of the Apes?,Q243983,Rise of the Planet of the Apes,Q306403,James Franco,text,James Franco,movies,443-0
3224,What was the name of English Singer who performed in Toosie Slide?,Q89324673,Toosie Slide,Q33240,Drake,table,Drake,music,1094-3
3626,Who published the book Maus?,Q59696,Maus,Q520387,Pantheon Books,text,Pantheon Books,books,1230-2
1651,What is the genre of the book Lord of the Flies?,Q271764,Lord of the Flies,Q2839016,allegory,infobox,allegory,books,550-2
881,Full name of Michael Jackson?,Q2831,Michael Jackson,Q2831,Michael Jackson,kb,Michael Joseph Jackson,music,294-0
1255,In 2021 which league did the Nagoya Grampus compete in?,Q249662,Nagoya Grampus,Q276445,J1 League,table,J1 League,soccer,418-1
2417,who directs the tv series Squid Game?,Q106582931,Squid Game,Q3143548,Hwang Dong-hyeok,table,Hwang Dong-hyeok,tvseries,806-3
1685,Which fighting video game franchise developed by Midway Games was adapted into a live action movie in 1995?,Q241163,Mortal Kombat,Q819196,Mortal Kombat,infobox,Mortal Kombat,movies,562-0
3898,Release year of first Simon & Schuster book?,Q278208,Catch-22,1961-11-10T00:00:00Z,10 November 1961,text,10 November 1961,books,1321-0
3040,Name of the genre for the film series The Chronicles of Narnia?,Q1211909,The Chronicles of Narnia,Q132311,Fantasy,kb,fantasy,movies,1033-0
1941,In what year was Hayley Mills born?,Q237805,Hayley Mills,1946-01-01T00:00:00Z,1946,text,1946,tvseries,646-4
4359,When did Bob Saget pass away?,Q333544,Bob Saget,2022-01-09T00:00:00Z,9 January 2022,infobox,9 January 2022,tvseries,1476-1
4279,For which country Luka Modrić played?,Q483837,Luka Modri\u0107,Q224,Croatia,text,Croatia,soccer,1449-0
2662,Production company of House of Cards tv series?,Q3330940,House of Cards,Q2856187,MRC,kb,MRC,tvseries,906-4
59,where was the headquarters location of Rayo Vallecano ?,Q10300,Rayo Vallecano,Q2807,Madrid,kb,Madrid,soccer,19-0
1995,What is the works in the collection of the Black Flag music band?,Q464476,Black Flag,Q188740,Museum of Modern Art,infobox,Museum of Modern Art,music,664-4
3658,What is the birth name of Munshi Premchand?,Q174152,Premchand,Dhanpat Rai Srivastava,Dhanpat Rai Srivastava,infobox,Dhanpat Rai Srivastava,books,1240-4
4883,What is the composer name  of Baahubali movie?,Q21001674,Baahubali 2: The Conclusion,Q3765059,M. M. Keeravani,infobox,M. M. Keeravani,movies,1652-2
4814,Soccer player Pelé born on which date?,Q12897,Pel\u00E9,1940-10-23T00:00:00Z,23 October 1940,kb,23 October 1940,soccer,1629-0
4881,What is the name of the second part of Baahubali movie?,Q13897247,Baahubali: The Beginning,Q21001674,Baahubali 2: The Conclusion,kb,Baahubali 2: The Conclusion,movies,1652-0
297,Who was the kit manufacturer of the Columbus Crew Soccer Club?,Q457163,Columbus Crew,Q4033399,Adidas,table,Adidas,soccer,98-3
2617,Who was the main character in the film Who Framed Roger Rabbit?,Q379873,Who Framed Roger Rabbit,Q2265878,Roger Rabbit,text,Roger Rabbit,movies,882-2
1232,What is the name of the ruthless dictator who rules Oceania in Nineteen Eighty-Four?,Q208460,Nineteen Eighty-Four,Q751417,Big Brother,text,Big Brother,books,410-2
4681,Liv Tyler has how many children?,Q168763,Liv Tyler,3,3,kb,3,music,1584-4
4935,The first Major League Soccer game was played on what date?,Q18543,Major League Soccer,1996-04-06T00:00:00Z,6 April 1996,text,6 April 1996,soccer,1669-0
4528,What was the release year of The Goodbye Girl?,Q679746,The Goodbye Girl,2004-01-01T00:00:00Z,2004,infobox,2004,movies,1533-0
2885,What is the name of the fourth novel by John Irving?,Q310379,John Irving,Q2507282,The World According to Garp,text,The World According to Garp,books,981-0
2482,What is the cristiano Ronaldo's date of birth?,Q11571,Cristiano Ronaldo,1985-02-05T00:00:00Z,5 February 1985,infobox,5 February 1985,soccer,828-2
2199,In which place was the writer Jeff Nathanson born?,Q771104,Jeff Nathanson,Q65,Los Angeles,kb,Los Angeles,movies,732-4
1834,In which war did the novel Catch-22 take place?,Q278208,Catch-22,Q362,World War II,kb,World War II,books,611-0
3130,Who was the director of Raiders of the Lost Ark?,Q174284,Raiders of the Lost Ark,Q8877,Steven Spielberg,infobox,Steven Spielberg,movies,1063-0
3388,Who wrote the novel Gaban?,Q28419570,Gaban,Q174152,Premchand,kb,Premchand,books,1150-2
4711,In which place did Christine McVie born?,Q283796,Christine McVie,Q4950444,Bouth,kb,Bouth,music,1594-4
4331,"Who was main character of the series ""Dexter""?",Q23577,Dexter,Q203268,Michael C. Hall,text,Michael C. Hall,tvseries,1466-3
2716,"Who was lyricist of the song ""Let Me Love You""?",Q26254088,Let Me Love You,Q16728588,DJ Snake,kb,DJ Snake,music,924-4
4915,Which actress played Melanie Daniels in the movie The Birds?,Q110043,The Birds,Q142546,Tippi Hedren,text,Tippi Hedren,movies,1662-3
1019,What is the publication year of the novel Train to Pakistan?,Q3764753,Train to Pakistan,1956-01-01T00:00:00Z,1956,infobox,1956,books,340-0
3312,"When was released the song ""I'm Your Angel"" in United States in the format of Contemporary hit radio?",Q4922282,I'm Your Angel,1998-10-13T00:00:00Z,13 October 1998,table,13 October 1998,music,1124-4
4486,In what year was the FIFA Women's World Cup established?,Q19323,FIFA Women's World Cup,1991-01-01T00:00:00Z,1991,kb,1991,soccer,1518-4
2814,what is the nick name of Manchester United F.C?,Q18656,Manchester United F.C.,Q18656,Manchester United F.C.,kb,The Red Devils,soccer,958-0
4846,Name of the book published in 2002 in Dragonriders of Pern series?,Q1254342,Dragonriders of Pern,Q4657002,A Gift of Dragons,infobox,A Gift of Dragons,books,1640-1
31,what is the publication date of year Writers & Lovers book?,Q96415602,Writers & Lovers,2020-01-01T00:00:00Z,2020,text,2020,books,10-1
3655,Who is the author of the novel Godaan?,Q904382,Godaan,Q174152,Premchand,text,Munshi Premchand,books,1240-1
4130,Have the Portland Timbers won the MLS Cup before they lost to New York FC in 2021?,Q1031200,Portland Timbers,Yes,Yes,text,Yes,soccer,1398-4
3648,Which team did Franz Beckenbauer played in 1964?,Q4457,Franz Beckenbauer,Q15789,FC Bayern Munich,table,FC Bayern Munich,soccer,1238-0
2453,What club did Eden Hazard play for first?,Q214204,Eden Hazard,Q19516,Lille OSC,table,Lille Olympique Sporting Club,soccer,818-3
623,what is the family name of harry kane?,Q969725,Harry Kane,Q13570642,Kane,infobox,Kane,soccer,208-0
1878,How many episodes of the original Twilight Zone did William Shatner appear in?,Q16297,William Shatner,2,2,text,2,tvseries,626-1
4445,What city did they create their 'Aerosmith' band?,Q126826,Aerosmith,Q100,Boston,infobox,Boston,music,1504-3
1132,who is the main character of Peaky Blinders series?,Q14944179,Peaky Blinders,Q202589,Cillian Murphy,infobox,Cillian Murphy,tvseries,376-4
1414,Who was the author of the Hunchback of Notre-Dame?,Q191380,The Hunchback of Notre Dame,Q535,Victor Hugo,infobox,Victor Hugo,books,471-0
1455,What album followed Red Medicine?,Q971672,Red Medicine,Q2278289,End Hits,table,End Hits,music,484-4
2890,Which well-known '70s comedian played a key role in writing the screenplay for Blazing Saddles?,Q957323,Blazing Saddles,Q294912,Richard Pryor,text,Richard Pryor,movies,982-4
3206,When did The United States Soccer Federation become affiliated and a full member with FIFA?,Q222131,United States Soccer Federation,1914-01-01T00:00:00Z,1914,table,1914,soccer,1088-3
1613,Nicolò Barella plays for which club currently?,Q20090225,Nicol\u00F2 Barella,Q631,Inter Milan,text,Inter Milan,soccer,538-0
21,Who is the composer of the tv series Lucifer?,Q19520525,Lucifer,Q465754,Marco Beltrami,infobox,Marco Beltrami,tvseries,6-3
3519,"Where did Coldplay film the music video for their song ""Yellow""?",Q529026,Yellow,Q385621,Studland,text,Studland,music,1194-1
2703,"What is the full meaning of the novel title ""Moby-Dick""?",Q174596,Moby-Dick,different problem,different problem,text,Different problem,books,920-3
86,Which is Virgil van Dijk speciality Position played on team?,Q133903,Virgil van Dijk,Q268258,centre back,kb,centre-back,soccer,28-2
4922,Was Elisabeth Fraser born in Scotland?,Q289569,Elizabeth Fraser,Yes,Yes,infobox,Yes,music,1664-4
4317,"What was the running time of the movie ""Encanto""?",Q103372692,Encanto,102 minutes,102 minutes,infobox,102 minutes,movies,1462-1
3042,What is the genre worked by the composer Benjamin Britten?,Q150767,Benjamin Britten,Q1344,opera,text,opera,music,1034-1
1167,Who was second place at the 2001 FIFA Confederations Cup?,Q493052,2001 FIFA Confederations Cup,Q170566,Japan national football team,kb,Japan national football team,soccer,388-3
4289,Who wrote the story of film Beta?,Q4897244,Beta,Q15645826,Kamlesh Pandey,infobox,Kamlesh Pandey,movies,1452-3
3713,The Butcher of Bilbao was the nickname given to which footballer?,Q358424,Andoni Goikoetxea,Q445206,Andoni Goikoetxea,text,Andoni Goikoetxea,soccer,1259-0
3719,Author of Enola Holmes?,Q65032692,Enola Holmes,Q6115483,Jack Thorne,kb,Jack Thorne,books,1261-0
3239,Who is the publisher of the book The Monk Who Sold His Ferrari?,Q17069725,The Monk Who Sold His Ferrari,Q95149,HarperCollins,infobox,HarperCollins,books,1100-0
4667,Who was Harper  Lee's influence?,Q182658,Harper Lee,Q38392,William Faulkner,kb,William Faulkner,books,1580-2
2851,When was harry potter Prisoner of Azkaban Released?,Q47598,Harry Potter and the Prisoner of Azkaban,1999-07-08T00:00:00Z,8 July 1999,kb,8 July 1999,books,970-2
3795,What was the launch date for Comedy Central?,Q131439,Comedy Central,1991-06-01T00:00:00Z,1 June 1991,infobox,01 June 1991,tvseries,1286-4
3159,What is the name of Robin Williams and Valerie Velardi's child?,Q83338,Robin Williams,Q61473291,Zachary Williams,kb,Zachary Williams,movies,1072-4
3695,Name the actor who had Angelina Jolie and Jennifer Aniston as spouses?,Q13909,Angelina Jolie,Q35332,Brad Pitt,text,Brad Pitt,movies,1253-0
4439,What is Tom Cruise's mother's name?,Q37079,Tom Cruise,Q98100348,Mary Lee Pfeiffer,infobox,Mary Lee Pfeiffer,movies,1502-3
4091,when did Lorenzo Richelmy born?,Q3837061,Lorenzo Richelmy,1990-03-25T00:00:00Z,25 March 1990,kb,25 March 1990,tvseries,1386-1
425,Who is the author of the work The Old Man and the Sea?,Q26505,The Old Man and the Sea,Q23434,Ernest Hemingway,text,Ernest Hemingway,books,141-0
1047,On which day was the club Atlético Madrid founded?,Q8701,Atl\u00E9tico Madrid,1903-04-26T00:00:00Z,26 April 1903,infobox,26 April 1903,soccer,348-4
2702,"Who was the publisher of he novel ""Moby-Dick""?",Q174596,Moby-Dick,Q172299,Richard Bentley,kb,Richard Bentley,books,920-2
2084,When did the anime series first aired in Japan?,Q164883,Initial D,1998-04-18T00:00:00Z,18 April 1998,table,18 April 1998,music,694-3
4016,who is the publisher of Ulysses book?,Q6511,Ulysses,Q1503157,Shakespeare and Company,text,Shakespeare and Company,books,1360-3
4081,Who is the director of movie Europa Report?,Q3060692,Europa Report,Q1377059,Sebasti\u00E1n Cordero,kb,Sebastián Cordero,movies,1382-3
1292,Where does The Chosen take place?,Q2752989,The Chosen,Q18419,Brooklyn,text,"Brooklyn, New York",books,430-2
861,How many Daytime Emmy Awards did The Oprah Winfrey Show get?,Q1179189,Daytime Emmy Award,47,47,text,47,tvseries,286-4
1989,Who is the director of the Alien film?,Q103569,Alien,Q56005,Ridley Scott,infobox,Ridley Scott,movies,662-4
2088,What was launch date for Food Network?,Q1435969,Food Network,1993-11-23T00:00:00Z,23 November 1993,infobox,23 November 1993,tvseries,696-1
4200,Who was the director of Matilda from 1996?,Q280400,Matilda,Q26806,Danny DeVito,kb,Danny DeVito,movies,1422-2
1915,Which club played in 2007-2008 by Aleksandr Kerzhakov?,Q201866,Aleksandr Kerzhakov,Q10329,Sevilla FC,table,Sevilla FC,soccer,638-2
4454,what is the height of Antoine Griezmann?,Q455462,Antoine Griezmann,176 centimetre,176 centimetre,kb,176 centimetre,soccer,1508-0
4146,What is the music genre played by Britney Spears?,Q11975,Britney Spears,Q37073,pop music,infobox,pop music,music,1404-2
3557,"What was the original format of the series ""House of Cards""?",Q3330940,House of Cards,"1080p (2:1 HDTV) (2013), 4K (2:1 UHDTV) (2014–18)","1080p (2:1 HDTV) (2013), 4K (2:1 UHDTV) (2014–18)",infobox,"1080p (2:1 HDTV) (2013), 4K (2:1 UHDTV) (2014–18)",tvseries,1206-4
3807,How many novels did Stephen King published?,Q471024,Different Seasons,Sixty three,Sixty three,text,Sixty three,books,1290-4
2425,Country of citizenship for the player Mohamed Salah?,Q1354960,Mohamed Salah,Q79,Egypt,kb,Egypt,soccer,809-0
3010,"What is the actor's name who portrayed James Bond in ""Moonraker ?""",Q334780,Moonraker,Q134333,Roger Moore,text,Roger Moore,movies,1023-0
4221,In what year did soccer become part of the olympics?,Q2736,soccer,1900-01-01T00:00:00Z,1900,table,1900,soccer,1429-0
2167,What was the second film by David Lynch?,Q2071,David Lynch,Q272860,The Elephant Man,table,The Elephant Man,movies,722-2
1049,"Who was the author of the novel ""Little Women""?",Q523076,Little Women,Q185696,Louisa May Alcott,kb,Louisa May Alcott,books,350-0
2689,who is the composer of True Detective series ?,Q7847400,True Detective,Q1225141,T Bone Burnett,text,T Bone Burnett,tvseries,916-1
2300,Who played Rachel in Glee?,Q152178,Glee,Q1990104,Rachel Berry,text,Lea Michele,tvseries,767-0
4192,Who wrote Matilda?,Q1426188,Matilda,Q25161,Roald Dahl,text,Roald Dahl,books,1420-0
4394,What was Lionel Messi's first football team?,Q615,Lionel Messi,Q221882,Newell's Old Boys,kb,Newell's Old Boys,soccer,1488-0
750,Where did Becky Chambers raise the funds to publish her first novel?,Q25298820,Becky Chambers,Q34755,Kickstarter,text,Kickstarter,books,250-1
651,Where was the Friends plotted?,Q79784,Friends,Q2944467,Central Perk,kb,New York City,tvseries,216-4
2826,"Who was directed the movie ""The Dark Knight""?",Q163872,The Dark Knight,Q25191,Christopher Nolan,infobox,Christopher Nolan,movies,962-0
3447,"When was the book after The Obelisk Gate, The Stone Sky published?",Q39058554,The Stone Sky,2017-08-15T00:00:00Z,15 August 2017,kb,15 August 2017,books,1170-1
188,When was the actress Lindsay Lohan born?,Q44903,Lindsay Lohan,1986-07-02T00:00:00Z,2 July 1986,infobox,2 July 1986,movies,62-2
4361,What 2002 movie starred Mary-Kate and Ashley Olsen?,Q208415,Mary-Kate and Ashley Olsen,Q2659805,When in Rome,table,When in Rome,tvseries,1476-3
3191,In which year was Guns N' Roses first album released?,Q270690,Appetite for Destruction,1987-01-01T00:00:00Z,1987,text,1987,music,1084-0
1085,Release year of first book of Earth's Children book series?,Q999222,Earth's Children hexalogy,1980-01-01T00:00:00Z,1980,table,1980,books,361-0
1416,What actor played the titular character in Star Trek II: The Wrath of Khan?,Q465478,Star Trek II: The Wrath of Khan,Q333595,Ricardo Montalb\u00E1n,text,Ricardo Montalbán,movies,472-1
3729,What is Beyoncé's vocal type?,Q36153,Beyonc\u00E9,Q186506,Mezzo-soprano,infobox,mezzo-soprano,music,1264-3
3910,how many band members did The rolling stones?,Q11036,The Rolling Stones,14,14,text,14,music,1325-0
2655,who formed Metallica band?,Q15920,Metallica,Q484302,James Hetfield,,James Hetfield;Lars Ulrich,music,904-3
1841,"Who released the song ""Down Under"" in 1980?",Q1253170,Down Under,Q831111,Men at Work,text,Men at Work,music,614-0
3971,what is genre of the TV series Person of Interest?,Q564345,Person of Interest,Q5937792,Crime fiction,infobox,Crime fiction,tvseries,1346-0
4103,Has the science fiction novel The Martian been made into a movie?,Q17111624,The Martian,Yes,Yes,text,Yes,books,1390-1
901,who is the Publisher of the book The Catcher in the Rye?,Q183883,The Catcher in the Rye,Q552959,"Little, Brown and Company",infobox,"Little, Brown and Company",books,300-2
2210,What is the name of the actor who played the character Steve Taylor in the TV series Coupling?,Q1137587,Coupling,Q310930,Jack Davenport,text,Jack Davenport,tvseries,736-3
1993,what is the discography of the Black Flag music band?,Q464476,Black Flag,Q4162164,Black Flag discography,infobox,Black Flag discography,music,664-2
4295,What is Metacritic rating of Sour?,Q106316694,Sour,83/100,83/100,table,83/100,music,1454-3
770,What characters did Tom Cavanagh play on The Flash?,Q256061,Tom Cavanagh,Q81887861,Eobard Thawne,text,Eobard Thawne;Harrison Wells,tvseries,256-3
631,In which city Herman Melville born?,Q4985,Herman Melville,Q60,New York City,infobox,New York City,books,210-2
1642,Who wrote the TV series Parampara?,Q110174250,Parampara,Hari Yelleti,Hari Yelleti,infobox,Hari Yelleti,tvseries,547-0
4655,What is the number of seasons of the TV series Money Heist?,Q29647346,Money Heist,3,3,infobox,3,tvseries,1576-2
1533,What is the Commons category of the Dream of the Red Chamber?,Dream of the Red Chamber,Dream of the Red Chamber,Q8265,Dream of the Red Chamber,infobox,Dream of the Red Chamber,books,510-4
3304,"What was the character name of Al Pacino in ""The Irishman""?",Q29057443,The Irishman,Q317638,Jimmy Hoffa,text,Jimmy Hoffa,movies,1122-2
4269,Who is the screenwriter of the series Hanna?,Q48102683,Hanna,Q5233558,David Farr,kb,David Farr,tvseries,1446-1
939,Where was the actor Arnold Schwarzenegger born?,Q2685,Arnold Schwarzenegger,Q571822,Thal,kb,Thal,movies,312-4
4140,What is the Genre of the movie 101 Dalmatians?,Q2143665,children's film,Q8594,101 Dalmatians,kb,Children's film,movies,1402-2
42,how much duration time is the song Save Your Tears?,Q96405034,Save Your Tears,215 second,215 second,kb,215 second,music,14-0
3531,What college did Chris Wondolowski play for?,Q1077877,Chris Wondolowski,Q1026912,"California State University, Chico",infobox,"California State University, Chico",soccer,1198-1
1438,Sadio Mané joined what team in 2016?,Q209942,Sadio Man\u00E9,Q1130849,Liverpool F.C.,infobox,Liverpool F.C.,soccer,479-0
2349,What is the release year of the music album Sajda?,Q25094800,Sajda,1991-01-01T00:00:00Z,1991,kb,1991,music,784-0
1465,Which player was the head coach of Rangers F.C. in the year 2019?,Q19597,Rangers F.C.,Q459830,Steven Gerrard,kb,Steven Gerrard,soccer,488-2
1901,What is the instrument played by musician André Previn?,Q155712,Andr\u00E9 Previn,Q5994,piano,kb,piano,music,634-0
4677,Which famous singer was a member of the bands Aerosmith and Chain Reaction?,Q126826,Aerosmith,Q194045,Steven Tyler,infobox,Steven Tyler,music,1584-0
4428,What year was Adidas founded?,Q3895,Adidas,1924-01-01T00:00:00Z,1924,infobox,1924,soccer,1498-4
4478,Which United States television network aired SCTV six years after its 1976 premiere?,Q1767756,Second City Television,Q13974,NBC,text,NBC,tvseries,1516-2
2643,Who is the author of Earth's Children book series?,Q999222,Earth's Children hexalogy,Q229996,Jean M. Auel,kb,Jean M. Auel,books,900-3
2087,The cooking show Good Eats originally ran on which network?,Q5582546,Good Eats,Q1435969,Food Network,infobox,Food Network,tvseries,696-0
2037,In which year Portsmouth F.C. was founded?,Q19604,Portsmouth F.C.,1898-01-01T00:00:00Z,1898,infobox,1898,soccer,678-4
1050,What was the publication location of the book?,Q523076,Little Women,Q30,United States of America,infobox,United States of America,books,350-1
194,What is the name of the movie released in 2004 did the singer Chris Martin appear in?,Q712860,Chris Martin,Q858724,Shaun of the Dead,table,Shaun of the Dead,music,64-2
2398,what is the country of origin of the book Hamlet?,Q41567,Hamlet,Q21,England,text,England,books,800-2
3009,What was the first movie she performed in?,Q6964624,Naomi Chance,Q425904,Night and the City,table,Night and the City,movies,1022-4
1746,What is the name of the first James Bond Film?,Q17437798,good article,Q102754,Dr. No,table,Dr. No,movies,582-1
3457,What movie by Steven Soderbergh was released in the year 2001?,Q103917,Steven Soderbergh,Q205447,Ocean's Eleven,table,Ocean's Eleven,movies,1173-0
4802,What is origin location of the music band Queen?,Q15862,Queen,Q84,London,text,London,music,1625-0
993,When was the author of Watership Down born?,Q313289,Richard Adams,1920-05-09T00:00:00Z,9 May 1920,kb,9 May 1920,books,330-4
3347,What is the origin city of Picket Fences?,Q1247248,Picket Fences,Q30,United States of America,infobox,United States of America,tvseries,1136-3
1352,What year was part one of Don Quixote published?,Q480,Don Quixote,1605-01-01T00:00:00Z,1605,infobox,1605,books,450-2
360,Who wrote Good Omens?,Q1052459,Good Omens,Q46248,Terry Pratchett,kb,Terry Pratchett;Neil Gaiman,books,120-0
950,What business school did Aaron Korsh attend?,Q13422029,Aaron Korsh,Q1329269,The Wharton School,kb,The Wharton School,tvseries,316-3
1544,What is the genre of the gang of four band?,Q1130624,Gang of Four,Q3071,punk rock,infobox,punk rock,music,514-3
2228,Who is the mother of Janhvi Kapoor?,Q22290570,Janhvi Kapoor,Q270691,Sridevi,text,Sridevi,movies,742-4
2456,"Who wrote ""It"" novel?",Q602288,It,Q39829,Stephen King,infobox,Stephen King,books,820-0
4186,How many goals did Franz Beckenbauer score for Bayern Munich?,Q4457,Franz Beckenbauer,75,75,table,75,soccer,1418-0
754,What kind of award did Becky Chambers win for her work?,Q25298820,Becky Chambers,Q188914,Hugo Award,text,Hugo Award,books,251-0
1228,What is the name of the person who replaced Tony Waddington as the manager of Stoke City F.C.?,Q18736,Stoke City F.C.,Q709041,George Eastham,text,George Eastham,soccer,408-4
1818,How many seasons did the show America's Next Top Model have?,Q31426,America's Next Top Model,24,24,infobox,24,tvseries,606-1
1559,What was Dr Seuss first book?,Q298685,Dr. Seuss,Q7757551,The Pocket Book of Boners,text,The Pocket Book of Boners,books,520-0
2046,Did Sandra Bullock win an Academy Award for best actress for the movie Gravity?,Q40791,Sandra Bullock,No,No,table,No,movies,682-1
2832,"Who was the singer of the music ""Love Me Like You Do""?",Q18758167,Love Me Like You Do,Q31164,Ellie Goulding,kb,Ellie Goulding,music,964-0
1318,What is the current home stadium of Paris Saint-Germain F.C.?,Q483020,Paris Saint-Germain F.C.,Q193431,Parc des Princes,text,Parc des Princes,soccer,438-4
1574,Lin-Manuel Miranda won his second Tony for this musical?,Q28659892,list of awards and nominations received by Lin-Manuel Miranda,Q19320959,Hamilton,table,Hamilton,music,524-3
3769,What is the Mohamed Salah sport number?,Q1354960,Mohamed Salah,11,11,table,11,soccer,1278-2
1445,What is the name of the creator of Star Wars films?,Q462,Star Wars,Q38222,George Lucas,infobox,George Lucas,movies,482-0
2919,What is the name of the political party that Clint Eastwood was affiliated to in the year 1970?,Q43203,Clint Eastwood,Q29468,Republican Party,infobox,Republican Party,movies,992-3
2146,What was the name of the boy band who released the single MMMBop in 1996?,Q768621,Hanson,Q11987482,MMMBop,kb,Hanson,music,715-0
3584,who is the composer of Riverdale series?,Q23001951,Riverdale,Q881273,Blake Neely,kb,Blake Neely,tvseries,1216-2
2730,What is the publication year of the book Digital Fortress?,Q207964,Digital Fortress,1998-01-01T00:00:00Z,1998,kb,1998,books,930-0
4562,who scored music for Vande Mataram album?,Q12452104,Vande Mataram,Q108560,A. R. Rahman,kb,A. R. Rahman,music,1544-3
3326,"Who wrote ""Don Quixote"" novel?",Q480,Don Quixote,Q5682,Miguel de Cervantes,kb,Miguel de Cervantes,books,1130-0
454,"How many pages contains in the book ""Nineteen Eighty-Four""?",Q208460,Nineteen Eighty-Four,328,328,infobox,328,books,150-4
3909,in which band did Brian Jones play before Rolling Stones?,Q204943,Brian Jones,Q7771409,The Undertakers,text,The Undertakers,music,1324-4
2626,What year was Slipknot formed?,Q254138,Slipknot,1995-01-01T00:00:00Z,1995,kb,1995,music,885-0
4026,who is the performer of Blank Space song?,Q18441355,Blank Space,Q26876,Taylor Swift,text,Taylor Swift,music,1364-1
1628,Which is the first movie as writer of Kunal Deshmukh?,Q6444153,Kunal Deshmukh,Q6155093,Jannat,table,Jannat,movies,542-3
2039,Which book won the 2017 Pulitzer Prize for Fiction?,Q833633,Pulitzer Prize for Fiction,Q27957817,The Underground Railroad,table,The Underground Railroad,books,680-0
481,Who is the publisher of the novel the novel Native son?,Q165599,Native Son,Q3127696,Harper,infobox,Harper & Brothers,books,160-1
4408,Who voiced Jessica Rabbit in Who Framed Roger Rabbit?,Q379873,Who Framed Roger Rabbit,Q222008,Kathleen Turner,kb,Kathleen Turner,movies,1492-2
3199,Who played Luke Duke on the TV Show The Dukes of Hazzard?,Q1304408,The Dukes of Hazzard,Q1304408,The Dukes of Hazzard,kb,Tom Wopat,tvseries,1086-2
423,When was Ernest Hemingway born?,Q23434,Ernest Hemingway,1899-07-21T00:00:00Z,21 July 1899,infobox,21 July 1899,books,140-3
3225,Lil Nas X released Montero song in which year?,Q105865170,Montero (Call Me By Your Name),2021-01-01T00:00:00Z,2021,infobox,2021,music,1094-4
521,What is the hero in 12 Years a Slave story?,Q3023357,12 Years a Slave,Q362930,John Ridley,kb,John Ridley,movies,173-0
1100,When did Jupiter's Legacy Tv series released?,Q65120863,Jupiter's Legacy,2021-05-07T00:00:00Z,7 May 2021,kb,7 May 2021,tvseries,366-2
3994,On which date was the movie Swades released?,Q1759650,Swades,2004-12-17T00:00:00Z,17 December 2004,kb,17 December 2004,movies,1353-0
3168,What genre is the TV series Only Connect?,Q7094164,Only Connect,Q846662,game show,infobox,Game Show,tvseries,1076-1
4809,What is the date of birth of the soccer player Pelé?,Q12897,Pel\u00E9,1940-10-23T00:00:00Z,23 October 1940,kb,23 October 1940,soccer,1628-0
829,"Who was the original broadcaster of the series ""The Wire""?",Q478360,The Wire,Q23633,HBO,kb,HBO,tvseries,276-2
2357,What is the date of birth of the actor R. Madhavan?,Q729982,R. Madhavan,1970-06-01T00:00:00Z,1 June 1970,infobox,1 June 1970,tvseries,786-2
4828,What was the publication year of the song ''deja vu''?,Q106291700,Deja Vu,2021-01-01T00:00:00Z,2021,kb,2021,music,1634-1
1380,which year did the Nineteen Eighty-Four Book published?,1984-01-01T00:00:00Z,1984-01-01T00:00:00Z,1984-01-01T00:00:00Z,1984,kb,1984,books,460-0
3926,Which book is followed by the book the Jane Eyre?,Q182961,Jane Eyre,Q615175,Shirley,infobox,Shirley,books,1330-3
632,What is the name of the Whaling ship in the book Moby-Dick?,Q174596,Moby-Dick,Q7166594,Pequod,text,Pequod,books,210-3
922,Who creates the flim The Princess Bride?,Q104741807,Michael Waldron,Q64349029,Loki,kb,Michael Waldron,tvseries,307-0
3461,Who was the founding basist of The Bangles?,Q214418,The Bangles,Q4769131,Annette Zilinskas,text,Annette Zilinskas,music,1174-3
1450,Who created the Star Wars movie series?,Q462,Star Wars,Q38222,George Lucas,infobox,George Lucas,movies,483-0
1801,What year's Pulitzer Prize did the book The Reivers win?,Q3233504,The Reivers,1963-01-01T00:00:00Z,1963,text,1963,books,600-2
4863,Who is the Inspector of the Burgue Constabulary in Carnival Row series?,Q46034734,Carnival Row,Q44467,Orlando Bloom,kb,Orlando Bloom,tvseries,1646-0
2117,who is the actor of Marina Nunier in Elite series?,Q53000974,Elite,Q51280886,Mar\u00EDa Pedraza,infobox,María Pedraza,tvseries,706-0
254,What is the score of album Demi on Metacritic?,Q9343810,Demi,64/100,64/100,table,64/100,music,84-2
4280,What is the publication year of the novel Untouchable?,Q3641802,Untouchable,1935-01-01T00:00:00Z,1935,kb,1935,books,1450-0
3733,Who is the director of the Second season of Locke & Key?,Q56274745,Locke & Key,Q3294263,Mark Tonderai,infobox,Mark Tonderai,tvseries,1266-1
273,"What was the narrative location of the book ""Wuthering Heights ""?",Q202975,Wuthering Heights,Q163,Yorkshire,kb,Yorkshire,books,90-3
3452,Which Steven Soderbergh movie was released in 2001?,Q103917,Steven Soderbergh,Q205447,Ocean's Eleven,table,Ocean's Eleven,movies,1172-0
2450,Who is supervising body of The Belgium national football team?,Q166776,Belgium national football team,Q381124,Royal Belgian Football Association,text,Royal Belgian Football Association,soccer,818-0
4663,How many goals have Lionel Messi scored for Paris Saint-Germain F.C.?,Q615,Lionel Messi,1,1,table,1,soccer,1578-4
3345,What is the name of the original broadcaster in Picket Fences?,Q1247248,Picket Fences,Q43380,CBS,infobox,CBS,tvseries,1136-1
885,What is Michael Jackson's age when he died?,Q2831,Michael Jackson,Q60299337,Fifty,infobox,Fifty,music,294-4
1166,What was France national football team first FIFA World Cup win?,Q47774,France national association football team,Q493052,2001 FIFA Confederations Cup,infobox,2001 FIFA Confederations Cup,soccer,388-2
1105,For which club team N'Golo Kanté repreents now?,Q16665941,N'Golo Kant\u00E9,Q9616,Chelsea F.C.,kb,Chelsea F.C.,soccer,368-1
2838,"Who was the creator of the series ""Breaking Bad""?",Q1079,Breaking Bad,Q4500,Vince Gilligan,kb,Vince Gilligan,tvseries,966-0
4584,Who is the director the movie Cars?,Q182153,Cars,Q269214,John Lasseter,infobox,John Lasseter,movies,1552-1
2524,What is the name of the character played by Leonardo DiCaprio in the film Titanic?,Q38111,Leonardo DiCaprio,Q3805567,Jack Dawson,text,Jack Dawson,movies,842-2
3124,Who is the author of The Thorn Birds?,Q606465,The Thorn Birds,Q228801,Colleen McCullough,text,Colleen McCullough,books,1061-0
3706,What is the name of the actor playing the character of Bill Compton in the TV series True Blood?,Q186219,True Blood,Q316622,Stephen Moyer,table,Stephen Moyer,tvseries,1256-4
1444,Which writer's mother was named Anne-Charlotte-Laure Sallambier and was also conferred upon with Légion d'honneur?,Q19112644,Anne-Charlotte-Laure Sallambier,Q9711,Honor\u00E9 de Balzac,text,Honoré de Balzac,books,481-0
48,How many seasons in Mindhunter?,Q25340152,Mindhunter,2,2,kb,2,tvseries,16-0
1623,What is the Daily mean temperature of Kabul in jan?,Q5838,Kabul,−2.3,−2.3,table,−2.3,books,540-4
1569,Who was the director of Austin Powers: International Man of Mystery?,Q501703,Austin Powers: International Man of Mystery,Q524278,Jay Roach,kb,Jay Roach,movies,522-4
2098,Brazilian footballer Kaka won the Ballon d'Or in what year?,Q531814,Kak\u00E1,2007-01-01T00:00:00Z,2007,kb,2007,soccer,699-0
773,What team did Christine Sinclair play for in 2015?,Q262802,Christine Sinclair,Q1446672,Portland Thorns FC,text,Portland Thorns,soccer,258-0
4433,"What is a ""Ulysses"" novel's genre?",Q6511,Ulysses,Q971480,modernist literature,infobox,modernist literature,books,1500-3
2776,What is Freddie Mercury's place of birth?,Q15869,Freddie Mercury,Q844417,Stone Town,kb,Stone Town,music,944-4
2665,For which club team Zinedine Zidane played last before retirement?,Q1835,Zinedine Zidane,Q8682,Real Madrid C.F.,kb,Real Madrid CF,soccer,908-1
3226,who was the performer of old town road song?,Q62587323,Old Town Road,Q62591281,Lil Nas X,kb,Lil Nas X,music,1095-0
4421,Did James Gandolfini win any awards for play Tony Soprano in The Sopranos?,Q308722,James Gandolfini,Yes,Yes,text,Yes,tvseries,1496-3
3700,What is the name of Aretha Franklin's husband?,Q125121,Aretha Franklin,Q1532531,Glynn Turman,kb,Glynn Turman,music,1254-4
3380,What team did the United States men's national soccer team faced in the 2009 FIFA Confederations Cup final?,Q183674,2009 FIFA Confederations Cup,Q83459,Brazil national football team,kb,Brazil national football team,soccer,1148-0
4409,In which movie did Kathleen Turner make her acting debut?,Q222008,Kathleen Turner,Q472096,Body Heat,table,Body Heat,movies,1492-3
3149,"In what language was the book, In Search of Lost Time first written?",Q464928,In Search of Lost Time,Q150,French,infobox,French,books,1070-0
1502,At which age did F. Scott Fitzgerald died?,Q93354,F. Scott Fitzgerald,44,44,infobox,44,books,500-3
824,"What was the genre of the song ""Cold Heart""?",Q108072305,Cold Heart,Q58339,disco,kb,disco,music,274-3
3988,Which is the debut novel of the novel series Millennium?,Q847022,Millennium,Q678288,The Girl with the Dragon Tattoo,table,The Girl with the Dragon Tattoo,books,1351-0
2411,Where did the composer Olivier Messiaen born?,Q151593,Olivier Messiaen,Q6397,Avignon,text,Avignon,music,804-3
1860,What book did the character of D'Artagnan die?,Q12306805,D'Artagnan,Q769001,The Vicomte of Bragelonne: Ten Years Later,text,The Vicomte of Bragelonne: Ten Years Later,books,620-1
3209,who is the author of To Kill a Mockingbird novel?,Q212340,To Kill a Mockingbird,Q182658,Harper Lee,infobox,Harper Lee,books,1090-0
3485,which award win the Best Supporting Actor role Birds of Prey movie?,Q57177410,Birds of Prey,Hollywood Critics Association Midseason Awards,Hollywood Critics Association Midseason Awards,table,Hollywood Critics Association Midseason Awards,movies,1182-3
4527,Who distributed The Goodbye Girl?,Q679746,The Goodbye Girl,Q1156642,Warner Bros. Television Studios,infobox,Warner Bros. Television Studios,movies,1532-4
1122,Which date the song Love Me Like You Do was released?,Q18758167,Love Me Like You Do,2015-01-07T00:00:00Z,7 January 2015,kb,7 January 2015,music,374-0
4767,Where is the band Imagine Dragons from?,Q391348,Imagine Dragons,Q23768,Las Vegas,text,"Las Vegas, Nevada",music,1614-0
1665,What is the award nominated for Best Actress?,Q24241,C\u00E9sar Award for Best Actress,Q51023,Vanessa Paradis,table,César Award for Best Actress,music,554-4
3514,When did Harold Ramis die?,Q286890,Harold Ramis,2014-02-24T00:00:00Z,24 February 2014,infobox,24 February 2014,movies,1192-2
538,What is the current soccer team of kylian mbappé?,Q21621995,Kylian Mbapp\u00E9,Q483020,Paris Saint-Germain F.C.,table,Paris Saint-Germain F.C.,soccer,179-0
3604,What country is Pete O'Herne from?,Q55275164,Pete O'Herne,Q664,New Zealand,kb,New Zealand,movies,1222-4
507,Who is the manager of the Manchester United F.C.?,Q18656,Manchester United F.C.,Q57902,Ralf Rangnick,text,Ralf Rangnick,soccer,168-3
4241,What studio was this shot at?,Q1030713,Another World,Q6107916,JC Studios,text,1268 JC Studios,tvseries,1436-3
4301,What is the occupation of Benedict Taylor?,Q4887320,Benedict Taylor,Q65361761,Musician,text,Musician,tvseries,1456-3
1910,What is the Genre of the tv series locke & key?,Q5434357,Fantasy television,Q56274745,Locke & Key,text,fantasia,tvseries,636-3
346,Where did the Composer Tan Dun born?,Q314176,Tan Dun,Q174091,Changsha,infobox,Changsha,music,114-4
1099,Did Josh Duhamel act in Las Vegas TV series?,Q19794,Josh Duhamel,Yes,Yes,table,Yes,tvseries,366-1
2977,which year publication this Stargirl  movie?,Q57474414,Stargirl,2020-01-01T00:00:00Z,2020,text,2020,movies,1012-2
247,What is the date of birth of Ashwiny Iyer Tiwari?,Q28012317,Ashwiny Iyer Tiwari,1979-10-15T00:00:00Z,15 October 1979,infobox,15 October 1979,movies,82-1
493,What is the rating given by Entertainment Weekly to the album Confident?,Q20886070,Confident,Q4833641,B+,table,B+,music,164-1
683,Nick name of the argentinian national team?,Q79800,Argentina national football team,La Albiceleste (The White and Sky Blues),La Albiceleste (The White and Sky Blues),kb,La Albiceleste (The White and Sky Blues),soccer,228-0
2621,In what year was the band Slipknot formed?,Q254138,Slipknot,1995-01-01T00:00:00Z,1995,kb,1995,music,884-0
1250,In Space: Above and Beyond who played the character named Paul Wang?,Q729265,Space: Above and Beyond,Q6214117,Joel de la Fuente,text,Joel de la Fuente,tvseries,416-2
463,"What was the label of ""Shape of You"" song?",Q28132505,Shape of You,"Asylum,Atlantic","Asylum,Atlantic",infobox,"Asylum,Atlantic",music,154-1
3582,"Riverdale series, what is genre?",Q23001951,Riverdale,Q775344,teen drama,kb,"Teen drama ,Mystery",tvseries,1216-0
2903,Lorne Michaels is the producer of what late night comedy TV series?,Q521221,Lorne Michaels,Q13979,Saturday Night Live,text,Saturday Night Live,tvseries,987-0
969,who is the Editor of Shutter Island movie?,Q210364,Shutter Island,Q166887,Thelma Schoonmaker,infobox,Thelma Schoonmaker,movies,322-4
1776,Which is the debut movie as dialogue writer of Hussain Dalal?,Q16728338,Hussain Dalal,Q8051196,Yeh Jawaani Hai Deewani,text,Yeh Jawaani Hai Deewani,movies,592-1
4743,Who created the TV Series True Blood?,Q186219,True Blood,Q1752144,Alan Ball,infobox,Alan Ball,tvseries,1606-0
4254,Where is the narrative location of the book Tarzan of the Apes?,Q655296,Tarzan of the Apes,Q15,Africa,text,Africa,books,1440-4
4699,when was George R. R. Martin born?,Q181677,George R. R. Martin,1948-09-20T00:00:00Z,20 September 1948,kb,20 September 1948,books,1590-4
1026,Who gave the music of the movie Mimi?,Q85785582,Mimi,Q108560,A. R. Rahman,infobox,A. R. Rahman,movies,342-1
3880,What is the unveil date of the album Thriller?,Q44320,Thriller,1982-11-30T00:00:00Z,30 November 1982,kb,30 November 1982,music,1315-0
146,What team did Carlo Ancelotti manage in 2016?,Q174614,Carlo Ancelotti,Q15789,FC Bayern Munich,infobox,Bayern Munich,soccer,48-2
1119,who is the director of photography The Call of the Wild movie?,Q57982258,The Call of the Wild,Q365230,Janusz Kami\u0144ski,infobox,Janusz Kamiński,movies,372-3
1088,In which year 2001: A Space Odyssey movie released?,Q103474,2001: A Space Odyssey,1968-01-01T00:00:00Z,1968,kb,1968,movies,362-2
4374,What language was Roald Dahl's the Gremlin in?,Q2578646,The Gremlins,Q1860,English,infobox,English,books,1480-4
2759,Soccer player Zinedine Zidane born on?,Q1835,Zinedine Zidane,1972-06-23T00:00:00Z,23 June 1972,kb,23 June 1972,soccer,939-0
3281,What is the notable work by music director Elton John?,Q2808,Elton John,Q2771,Billy Elliot the Musical,text,Billy Elliot the Musical,music,1114-2
4718,Who played as Marty in Ozark series?,Q25205293,Ozark,Q284636,Jason Bateman,infobox,Jason Bateman,tvseries,1597-0
1626,What is the date of birth of Kunal Deshmukh?,Q6444153,Kunal Deshmukh,1982-03-04T00:00:00Z,4 March 1982,infobox,4 March 1982,movies,542-1
1723,What is the discography of the cream band?,Q203736,Cream,Q3709478,Cream discography,infobox,Cream discography,music,574-2
571,which is the country of orgin of the book Alice's Adventures in Wonderland?,Q92640,Alice's Adventures in Wonderland,Q145,United Kingdom,kb,United Kingdom,books,190-2
4324,"Who was the producer of the song ""The Humpty Dance""?",Q7740935,The Humpty Dance,Q922830,Shock G,kb,Shock G,music,1464-2
4700,Release year of first A Song of Ice and Fire book?,Q45875,A Song of Ice and Fire,1996-01-01T00:00:00Z,1996,infobox,1996,books,1591-0
2067,What is Alessandro Nesta's place of birth?,Q227892,Alessandro Nesta,Q220,Rome,kb,Rome,soccer,688-4
822,"What was the length of the song ""Cold Heart""?",Q108072305,Cold Heart,3:22,3:22,infobox,3:22,music,274-1
1773,Which is the largest city in United Kingdom?,Q145,United Kingdom,Q84,London,infobox,London,books,590-4
1328,Which company did visual effects for Rise of the Planet of the Apes?,Q243983,Rise of the Planet of the Apes,Q842482,WetaFX,text,WetaFX,movies,442-2
283,"When was released the song ""Into You"" in United States in the format of rhythmic contemporary?",Q24026109,Into You,2016-06-28T00:00:00Z,28 June 2016,table,"June 28, 2016",music,94-1
2663,Who played as Frank Underwood in House of Cards series?,Q3330940,House of Cards,Q25144,Kevin Spacey,kb,Kevin Spacey,tvseries,907-0
2856,When did Interstellar Published in USA?,Q13417189,Interstellar,2014-11-05T00:00:00Z,5 November 2014,kb,5 November 2014,movies,972-1
4083,Actor behind Rosa Dasque role in Europa Report movie?,Q3060692,Europa Report,Q269258,Anamaria Marinca,kb,Anamaria Marinca,movies,1383-0
4471,In what year was Kurt Cobain born?,Q8446,Kurt Cobain,1967-01-01T00:00:00Z,1967,infobox,1967,music,1514-1
2887,What studio released the Mel Brooks film Blazing Saddles?,Q957323,Blazing Saddles,Q126399,Warner Bros.,infobox,Warner Bros.,movies,982-1
3163,What was the name of Eric Clapton's child?,Q48187,Eric Clapton,Q11855489,Conor Clapton,kb,Conor Clapton,music,1074-2
1021,Which is the first book of the writer khushwant singh?,Q1740716,Khushwant Singh,Q7750357,The Mark of Vishnu and Other Stories,table,The Mark of Vishnu and Other Stories,books,340-2
1447,What is the title of the second film in the Star Wars prequel trilogy?,Q25540924,Star Wars prequel trilogy,Q18486021,Star Wars: The Last Jedi,table,Star Wars: The Last Jedi,movies,482-2
600,"When will the novel ""The Great Gatsby"" be released?",Q214371,The Great Gatsby,1925-04-10T00:00:00Z,10 April 1925,infobox,10 April 1925,books,200-1
2119,What is the genre of Elite Tv series?,Q53000974,Elite,Q182015,thriller,kb,Thriller;Teen drama,tvseries,706-2
1330,What is the budget of Rise of the Planet of the Apes movie?,Q243983,Rise of the Planet of the Apes,$93 million,$93 million,table,$93 million,movies,442-4
219,in which year did J.K. Simmons move to Michigan?,Q150482,J. K. Simmons,1986-01-01T00:00:00Z,1986,text,1986,movies,72-3
3578,what is the publication date of Blinding Lights song?,Q76566134,Blinding Lights,2019-11-29T00:00:00Z,29 November 2019,infobox,29 November 2019,music,1214-2
2830,"Who was the reviewer of the movie ""The Dark Knight""?",Q163872,The Dark Knight,Q105584,Rotten Tomatoes,kb,Rotten Tomatoes,movies,962-4
4448,What is the central theme of Better Call Saul television series?,Q14925221,Better Call Saul,Q53094,black comedy,infobox,black comedy,tvseries,1506-0
4021,who is the screen play of Bad Boys for Life movie?,Q29021224,Bad Boys for Life,Q7173432,Peter Craig,text,"Chris Bremner, Peter Craig ,Joe Carnahan",movies,1362-2
984,which citizenship Antoine Griezmann have?,Q455462,Antoine Griezmann,Q142,France,infobox,France,soccer,328-1
4129,What position did Portland Timbers ended up in at the end of the 2021 MLS regular season?,Q1031200,Portland Timbers,Q25097151,5th,infobox,5th,soccer,1398-3
2797,12 Angry man film was directed by?,Q2345,12 Angry Men,Q51559,Sidney Lumet,text,Sidney Lumet,movies,952-1
3344,What is the central theme of the Picket Fences television series?,Q1247248,Picket Fences,Q1366112,drama television series,infobox,drama television series,tvseries,1136-0
212,who wrote the The Kent Family Chronicles series?,Q642883,The Kent Family Chronicles,Q1258959,John Jakes,infobox,John Jakes,books,70-2
1620,What is the date of birth of Khaled Hosseini?,Q193116,Khaled Hosseini,1965-03-04T00:00:00Z,4 March 1965,infobox,4 March 1965,books,540-1
4840,How many teams of FIFA Beach Soccer World Cup?,Q610865,FIFA Beach Soccer World Cup,16,16,infobox,16,soccer,1638-1
2791,which year the Great Gatsby published?,Q214371,The Great Gatsby,1925-01-01T00:00:00Z,1925,text,1925,books,950-1
4757,How many pages are in the hardcover version of Exodus?,Q1384109,Exodus,626,626,infobox,626,books,1610-2
3008,Who did he first marry?,Q363653,Guy Hamilton,Q6964624,Naomi Chance,text,Naomi Chance,movies,1022-3
75,Who was the bass guitarist of U2 band?,Q396,U2,Q175907,Adam Clayton,kb,Adam Clayton,music,24-3
2947,Who is the director of the movie Shershaah?,Q65065643,Shershaah,Q7936007,Vishnuvardhan,infobox,Vishnuvardhan,movies,1002-1
3742,Who is involved in the Luis Suárez case?,Q176883,2010 FIFA World Cup,Q170645,2018 FIFA World Cup,infobox,"2010 FIFA World Cup, 2018 FIFA World Cup",soccer,1268-4
2949,Who played the character of Vikram Batra in the movie Shershaah?,Q65065643,Shershaah,Q3483111,Sidharth Malhotra,text,Sidharth Malhotra,movies,1002-3
603,who is the narrator of the The Great Gatsby?,Q214371,The Great Gatsby,Q18710691,Nick Carraway,infobox,Nick Carraway,books,200-4
929,From which book is the character Scarlett O'Hara?,Q1649955,Scarlett O'Hara,Q2870,Gone with the Wind,kb,Gone with the Wind,books,310-0
931,Which year was the novel Gone with the Wind published?,Q2870,Gone with the Wind,1936-01-01T00:00:00Z,1936,kb,1936,books,310-2
4488,Who wrote the book Angels & Demons?,Q182502,Angels & Demons,Q7345,Dan Brown,infobox,Dan Brown,books,1520-0
560,Where is the headquarter of the Netflix located?,Q907311,Netflix,Q747509,Los Gatos,infobox,"Los Gatos, California",tvseries,186-3
1661,Where did Vanessa Paradis born on?,Q51023,Vanessa Paradis,Q193313,Saint-Maur-des-Foss\u00E9s,infobox,Saint-Maur-des-Fossés,music,554-0
4419,What is the name of the main protagonist in The Sopranos,Q23628,The Sopranos,Q1049580,Tony Soprano,text,Tony Soprano,tvseries,1496-1
499,Who is the narrator of the TV series Riverdale?,Q23001951,Riverdale,Q11330972,Cole Sprouse,infobox,Cole Sprouse,tvseries,166-1
3989,What is the release date of the film Swades?,Q1759650,Swades,2004-12-17T00:00:00Z,17 December 2004,kb,17 December 2004,movies,1352-0
1145,In which novel did the Three Laws of Robotics first appear?,Q23758,Three Laws of Robotics,Q393018,"I, Robot",text,"I, Robot",books,381-0
2742,Which is the origin place of the band Pearl Jam?,Q142701,Pearl Jam,Q5083,Seattle,kb,Seattle,music,934-0
4320,"What award won the National Board of Review Awards in December 2, 2021 for ""Encanto""?",Q103372692,Encanto,Best Animated Film,Best Animated Film,table,Best Animated Film,movies,1462-4
1904,Where did André Previn born?,Q155712,Andr\u00E9 Previn,Q64,Berlin,infobox,Berlin,music,634-3
3361,Who wrote the novels in the Robert Langdon series?,Q83561430,Robert Langdon series,Q7345,Dan Brown,kb,Dan Brown,books,1141-0
1118,who is the screen writer of The Call of the Wild book?,Q57982258,The Call of the Wild,Q6830765,Michael Green,text,Michael Green,movies,372-2
185,Who is the author of the novel Lord of the Flies?,Q271764,Lord of the Flies,Q44183,William Golding,infobox,William Golding,books,61-0
733,In what year was the band The Police formed?,Q178095,The Police,1977-01-01T00:00:00Z,1977,kb,1977,music,244-2
4481,"What was the first year in which Second City Television, or SCTV, was broadcast?",Q1767756,Second City Television,1976-01-01T00:00:00Z,1976,kb,1976,tvseries,1517-0
1436,How many goals did Harry Kane score in the 2020-2021 Premier league season?,Q69622172,2020\u201321 Premier League,23,23,table,23,soccer,478-3
421,What award did the book The Old Man and the Sea win in the year 1953?,Q26505,The Old Man and the Sea,Q833633,Pulitzer Prize for Fiction,infobox,Pulitzer Prize for Fiction,books,140-1
1819,What is the date of birth of Tyra Banks?,Q172303,BanX,1973-12-04T00:00:00Z,4 December 1973,kb,4 December 1973,tvseries,606-2
2436,What publication announced the cast of A Wrinkle In Time the film?,Q24301388,A Wrinkle in Time,Q471728,Variety,text,Variety,movies,812-4
2141,"Which ""boy band"" was responsible for the 1996 song MMMBop?",Q768621,Hanson,Q11987482,MMMBop,kb,Hanson,music,714-0
3201,How many filmed episodes of The Dukes of Hazzard are there?,Q1304408,The Dukes of Hazzard,Q1304408,The Dukes of Hazzard,text,147,tvseries,1086-4
2668,What is Zinedine Zidane's nick name?,Q1835,Zinedine Zidane,Zizou,Zizou,kb,Zizou,soccer,908-4
4910,Who is Rand al'Thor from the Wheel of Time book series the reincarnation of?,Q2362626,Rand al'Thor,Q2727041,Lews Therin Telamon,text,Lews Therin Telamon,books,1660-4
3614,What genre is Boston Legal?,Q308984,Boston Legal,Q859369,comedy-drama,kb,dramedy,tvseries,1226-2
4287,Who directed the film Dil?,Q905399,Dil,Q3150542,Indra Kumar,text,Indra Kumar,movies,1452-1
79,What is Kelly Overton occupation?,Q461131,Kelly Overton,Q461131,Kelly Overton,kb,"film director, screenwriter, stage actor, film actor, television actor",tvseries,26-1
123,Who directed the 1972 film Slaughterhouse-Five?,Q648299,Slaughterhouse-Five,Q51570,George Roy Hill,kb,George Roy Hill,books,40-3
3530,Which MLS player broke the league scoring record in 2021?,Q18543,Major League Soccer,Q1077877,Chris Wondolowski,text,Chris Wondolowski,soccer,1198-0
1025,What is the release date of the movie Mimi?,Q85785582,Mimi,2021-07-26T00:00:00Z,26 July 2021,infobox,26 July 2021,movies,342-0
4093,Total number of episodes in Marco Polo Tv series?,Q6757674,Marco Polo,21,21,kb,21,tvseries,1386-3
420,Who wrote the book The Old Man and the Sea?,Q26505,The Old Man and the Sea,Q23434,Ernest Hemingway,text,Ernest Hemingway,books,140-0
2393,what are all the award received by kylian mbappe ?,Q21621995,Kylian Mbapp\u00E9,Q1588911,Golden Boy,infobox,"Knight of the Legion of Honour,Best Young Player Award,Golden Boy",soccer,798-3
747,Where is the club FC Bayern Munich's headquarters located?,Q15789,FC Bayern Munich,Q20438854,S\u00E4bener Stra\u00DFe,kb,Säbener Straße,soccer,248-4
916,Ennio Morricone plays which instrument?,Q23848,Ennio Morricone,Q8338,trumpet,text,trumpet,music,305-0
362,Which Good Omens author also wrote the Discworld series?,Q1052459,Good Omens,Q46248,Terry Pratchett,text,Terry Pratchett,books,120-2
3448,Who published the book The Stone Sky?,Q39058554,The Stone Sky,Q3355196,Orbit Books,infobox,Orbit,books,1170-2
4153,What is the Genre of the tv series Luna Nera?,Q1366112,drama television series,Q82300697,Luna Nera,kb,drama television series,tvseries,1406-3
550,Who directed the movie Angrezi Medium?,Q62892931,Angrezi Medium,Q5890742,Homi Adajania,infobox,Homi Adajania,movies,183-0
4337,Who was the owner of the  New England Revolution soccer club?,Q309095,New England Revolution,Q7744946,The Kraft Group,infobox,The Kraft Group,soccer,1468-3
2172,Which album by Metallica was released first: Ride the Lightning or Master of Puppets?,Q15920,Metallica,Q190989,Ride the Lightning,table,Ride the Lightning,music,724-1
3595,What year is The Night Diary set in?,Q65083326,Q65083326,1947-01-01T00:00:00Z,1947,infobox,1947,books,1220-1
4170,Who was Daniel Craig married to in 2011?,Q4547,Daniel Craig,Q134077,Rachel Weisz,kb,Rachel Weisz,movies,1412-2
2744,Which is the debut studio album of the band Pearl Jam?,Q142701,Pearl Jam,Q383227,Ten,table,Ten (Pearl Jam album),music,934-2
2026,When did the Promises released?,Q106318794,Promises,2021-03-26T00:00:00Z,26 March 2021,kb,26 March 2021,music,675-0
441,Who is Cillian Murphy's spouse?,Q202589,Cillian Murphy,Q521990,Yvonne McGuinness,text,Yvonne McGuinness,tvseries,146-3
1194,country of citizenship of luka modric?,Q483837,Luka Modri\u0107,Q224,Croatia,infobox,Croatia,soccer,398-0
250,Who gave the music of the movie Nil Battey Sannata?,Q22905735,Nil Battey Sannata,Rohan & Vinayak,Rohan & Vinayak,infobox,Rohan & Vinayak,movies,82-4
4097,For which club did Mesut Özil represents before Fenerbahçe S.K.?,Q83488,Mesut \u00D6zil,Q9617,Arsenal F.C.,kb,Arsenal F.C.,soccer,1388-1
2552,Who illustrated Oliver Twist?,Q164974,Oliver Twist,Q360466,George Cruikshank,infobox,George Cruikshank,books,860-3
4595,Who is the developer of the TV series The 100?,Q13098946,The 100,Q21063576,Jason Rothenberg,infobox,Jason Rothenberg,tvseries,1556-0
1461,What is the title of the 93rd episode of the Arrow series?,Q552314,Arrow,Q28517940,Legacy,table,Legacy,tvseries,486-4
494,What is the rating given by Metacritic to the album Confident?,Q20886070,Confident,74/100,74/100,table,74/100,music,164-2
292,"Who was the Walter's cooking partner and former student in the series ""Breaking Bad"" ?",Q1079,Breaking Bad,Q6186746,Jesse Pinkman,text,Jesse Pinkman,tvseries,96-4
2112,When was Kunitachi College of Music founded?,Q846116,Kunitachi College of Music,1926-01-01T00:00:00Z,1926,kb,1926,music,704-1
4745,Which actor played the role of Eric Northman in the series True Blood?,Q1771759,Eric Northman,Q310637,Alexander Skarsg\u00E5rd,text,Alexander Skarsgård,tvseries,1606-2
2129,What was the name of Stephen King's first published book?,Q39829,Stephen King,Q623394,Carrie,table,Carrie,books,710-0
1458,What was the name of the role played by the actor Stephen Amell in Arrow series?,Q616960,Stephen Amell,Q19866576,Oliver Queen,text,Oliver Queen,tvseries,486-1
3879,When did the Peggy Lipton died?,Q235305,Peggy Lipton,2019-05-11T00:00:00Z,11 May 2019,infobox,11 May 2019,music,1314-4
1520,How many children is Peter Morgan having?,Q948122,Peter Morgan,5,5,infobox,5,tvseries,506-3
669,who is the composer of tenet movie?,Q63985561,Tenet,Q1358202,Ludwig G\u00F6ransson,infobox,Ludwig Göransson,movies,222-4
4951,What is the major genres of The Beatles band music?,Q1299,The Beatles,"Rock, pop, beat, psychedelia","Rock, pop, beat, psychedelia",text,"Rock, pop, beat, psychedelia",music,1674-3
1503,Which is the alma mater of F. Scott Fitzgerald?,Q93354,F. Scott Fitzgerald,Q21578,Princeton University,text,Princeton University,books,500-4
2306,For which team played Lionel Messi in 2021?,Q615,Lionel Messi,Q615,Lionel Messi,text,Paris Saint-Germain,soccer,769-0
762,Who took Jimmy Buffet busking in Key West in 1971?,Q726071,Jimmy Buffett,Q979411,Jerry Jeff Walker,text,Jerry Jeff Walker,music,254-1
3420,What company published this book?,Q7775613,The Wonder City of Oz,Q7310162,Reilly & Britton,infobox,Reilly & Lee,books,1160-4
4402,How many of the Ryanverse books were written by Tom Clancy?,Q55163199,Ryanverse,17,17,table,17,books,1490-2
4529,What year did Michael Jackson make his professional debut?,Q2831,Michael Jackson,1964-01-01T00:00:00Z,1964,text,1964,music,1534-0
2551,Who published Oliver Twist?,Q164974,Oliver Twist,Q172299,Richard Bentley,infobox,Richard Bentley,books,860-2
1677,What is the languages spoken by Alessandro Del Piero?,Q652,Italian,Q624,Alessandro Del Piero,text,Italian,soccer,558-4
2612,Who was the main character in A Tale of Two Cities?,Q308918,A Tale of Two Cities,Q4720870,Alexandre Manette,text,Alexandre Manette,books,880-3
369,Who composed the soundtrack to Finding Dory?,Q9321426,Finding Dory,Q319996,Thomas Newman,text,Thomas Newman,movies,122-3
2844,Who was the organizer of National Women's Soccer League?,Q1101443,National Women's Soccer League,Q222131,United States Soccer Federation,kb,United States Soccer Federation,soccer,968-1
1154,What was the first album Blind guardian released?,Q152540,Blind Guardian,Q244258,Battalions of Fear,text,Battalions of Fear,music,384-2
1373,The US sitcom The Nanny starring which actress as the main character?,Q464865,The Nanny,Q230632,Fran Drescher,text,Fran Drescher,tvseries,457-0
1423,What album did Styx release in 1974?,Q590102,Styx,Q3844222,Man of Miracles,infobox,Man of Miracles,music,474-2
4938,Who wrote the Discworld novel series?,Q3257270,Discworld books,Q46248,Terry Pratchett,kb,Terry Pratchett,books,1670-2
226,in which band did Swifty McVay played before D12?,Q1344631,Swifty McVay,Q154543,D12,text,D12,music,74-4
3804,Who is the author of the book Different Seasons?,Q471024,Different Seasons,Q39829,Stephen King,infobox,Stephen King,books,1290-1
2128,For which club team Thibaut Courtois represents currently?,Q73360,Thibaut Courtois,Q8682,Real Madrid C.F.,kb,Real Madrid CF,soccer,709-0
4801,What is the date of birth of the Queen's lead guitarist Brian May?,Q15873,Brian May,1947-07-19T00:00:00Z,19 July 1947,infobox,19 July 1947,music,1624-4
41,which country of origin Love and Monsters movie?,Q62761126,Love and Monsters,Q30,United States of America,kb,United States of America,movies,13-0
828,"Who was the creator of the series ""The Wire""?",Q478360,The Wire,Q720435,David Simon,kb,David Simon,tvseries,276-1
1261,What is the publication date of Moby-Dick in England?,Q174596,Moby-Dick,1851-10-18T00:00:00Z,18 October 1851,text,18 October 1851,books,420-1
3449,Who authored the book The Stone Sky?,Q39058554,The Stone Sky,Q2427544,N. K. Jemisin,infobox,N. K. Jemisin,books,1170-3
561,"What is the Incorporation date of the Los Gatos, California?",Q747509,Los Gatos,1887-08-10T00:00:00Z,10 August 1887,infobox,10 August 1887,tvseries,186-4
843,Where does To Kill a Mockingbird take place?,Q212340,To Kill a Mockingbird,Q173,Alabama,kb,Alabama,books,280-4
3368,"""Thriller"" was included in which Michael Jackson album?",Q44320,Thriller,Q380825,Thriller,kb,Thriller,music,1144-0
3258,Who is the director of the TV series Anupamaa?,Q86752959,Anupamaa,Romesh Kalra,Romesh Kalra,kb,Romesh Kalra,tvseries,1106-1
2029,What is the occupation of Jeff Davis?,Q1648159,Jeff Davis,"Writer, television producer","Writer, television producer",infobox,"Writer, television producer",tvseries,676-2
2760,In which year was the book The Picture of Dorian Gray published?,Q82464,The Picture of Dorian Gray,1890-01-01T00:00:00Z,1890,kb,1890,books,940-0
4553,Who played as Neo in The Matrix?,Q83495,The Matrix,Q43416,Keanu Reeves,kb,Keanu Reeves,movies,1542-0
805,Who won the Maracanazo?,Q754483,Uruguay v Brazil 1950,Q134916,Uruguay national football team,kb,Uruguay national football team,soccer,268-2
719,Who wrote the book series The Folk of the Air?,Q47008389,The Cruel Prince,Q266173,Holly Black,infobox,Holly Black,books,240-0
3597,How many books were given the Newbery Honor in 2019?,Q622813,Newbery Medal,2,2,table,2,books,1220-3
2985,what is the genre of dance monkey song?,Q65071242,Dance Monkey,Q188450,electropop,infobox,electropop,music,1014-4
737,Who is the creator of the TV series 2 Broke Girls?,Q32488,2 Broke Girls,Q979221,Michael Patrick King,text,Michael Patrick King;Whitney Cummings,tvseries,246-0
565,What is the place of birth of the soccer player Joshua Kimmich?,Q13865408,Joshua Kimmich,Q82960,Rottweil,kb,Rottweil,soccer,188-2
2811,which was the origin country of money heist?,Q29647346,Money Heist,Q51885808,"Money Heist, part 1",kb,Spain,tvseries,956-3
2340,How many pages are there in the book The Amber Spyglass?,Q129929,The Amber Spyglass,518,518,infobox,518,books,780-3
1133,who is the writer of Peaky Blinders series?,Q14944179,Peaky Blinders,Q1337354,Steven Knight,kb,"Steven Knight, Toby Finlay, Stephen Russell",tvseries,377-0
894,Where was Cristiano Ronaldo born?,Q11571,Cristiano Ronaldo,Q45,Portugal,infobox,Portugal,soccer,298-1
3818,How many records did Louis Armstrong created?,Q1779,Louis Armstrong,Q50281764,Twelve,table,Twelve,music,1294-3
3612,Who plays Phil in Call Me Kat?,Q85750158,Call Me Kat,Q684370,Leslie Jordan,text,Leslie Jordan,tvseries,1226-0
2787,In which place was Pelé born?,Q12897,Pel\u00E9,Q1439211,Tr\u00EAs Cora\u00E7\u00F5es,kb,Três Corações,soccer,948-3
1474,Who is the author of The Hunger Games?,Q11678,The Hunger Games,Q228624,Suzanne Collins,infobox,Suzanne Collins,books,491-0
3025,What is the home stadium they play at?,Q196107,Vancouver Whitecaps FC,Q612227,BC Place,infobox,BC Place,soccer,1028-2
1173,What is the The Invisible Man's country of origin?,Q1784288,Invisible Man,Q145,United Kingdom,infobox,"United States of America,United Kingdom",books,390-3
4455,which is the country for sport in Antoine Griezmann?,Q455462,Antoine Griezmann,Q142,France,infobox,France,soccer,1508-1
3492,which position of Brazil country chart Bad Blood  song?,Q19892111,Bad Blood,60,60,table,60,music,1184-4
4124,When did Leonard Nimoy die?,Q16345,Leonard Nimoy,2015-02-27T00:00:00Z,27 February 2015,kb,27 February 2015,tvseries,1396-4
4960,Which national football team did Romelu Lukaku represents?,Q313316,Romelu Lukaku,Q31,Belgium,kb,Belgium,soccer,1678-0
2092,Which network originally aired the cooking show Good Eats?,Q5582546,Good Eats,Q1435969,Food Network,infobox,Food Network,tvseries,697-0
1396,What is the discography of the  Ramones music?,Q483407,Ramones,Q2339150,Ramones discography,infobox,Ramones discography,music,464-4
4832,Singer and song writer of the 2021 song Deja Vu?,Q106291700,Deja Vu,Q63243883,Olivia Rodrigo,kb,Olivia Rodrigo,music,1635-0
3617,What actor has the part of Phil in Call Me Kat?,Q85750158,Call Me Kat,Q684370,Leslie Jordan,text,Leslie Jordan,tvseries,1227-0
2988,what is the genre of Emily in Paris series?,Q64584978,Emily in Paris,Q859369,comedy-drama,text,comedy-drama,tvseries,1016-1
2980,who is starring in the Stargirl movie?,Q57474414,Stargirl,Q26897673,Grace VanderWaal,text,Grace VanderWaal;Graham Verchere,movies,1013-0
3864,What is the ISBN of the The Dark Room?,Q33057,International Standard Book Number,978-0-226-56837-9,978-0-226-56837-9,infobox,978-0-226-56837-9,books,1310-1
3171,Does Victoria Coren Mitchell play poker professionally?,Q292973,Victoria Coren Mitchell,Yes,Yes,text,Yes,tvseries,1076-4
4147,Which award received in 2008 by Britney Spears?,Q11975,Britney Spears,Q630018,Bambi Award,kb,Bambi Award,music,1404-3
2800,which year the french movie the intouchables released?,Q595,The Intouchables,2011-01-01T00:00:00Z,2011,kb,2011,movies,952-4
4415,"Which record label who released ""You're Beautiful"" was founded first?",Q65622067,You're Beautiful,Q202440,Atlantic Records,kb,Atlantic Records,music,1494-3
4739,Who is the youngest member of the music band Linkin Park?,Q261,Linkin Park,Q19205,Rob Bourdon,infobox,Rob Bourdon,music,1604-2
399,Who was the cinematographer?,Q432526,The Sugarland Express,Q963628,Vilmos Zsigmond,infobox,Vilmos Zsigmond,movies,132-3
975,what is the native lunguage of Justin Bieber?,Q34086,Justin Bieber,Q44676,Canadian English,infobox,Canadian English,music,324-4
977,What is the central theme of the Breaking Bad television series?,Q1079,Breaking Bad,Q844924,drug trafficking,infobox,drug trafficking,tvseries,326-0
3405,What is the alma mater of David Shore?,Q434272,David Shore,Q180865,University of Toronto,infobox,University of Toronto,tvseries,1156-1
4210,What was Nathan Fillion's first television show?,Q342549,Nathan Fillion,Q7100383,Ordeal in the Arctic,text,Ordeal in the Arctic,tvseries,1426-0
1492,For how many seasons did The Cosby Show air?,Q463999,The Cosby Show,2,2,text,2,tvseries,497-0
825,"Who was the performer of the song ""Cold Heart""?",Q108072305,Cold Heart,Q2808,Elton John,text,"Elton John,Dua Lipa",music,274-4
1055,"Who was the writer of the movie ""Taxi Driver""?",Q47221,Taxi Driver,Q363989,Paul Schrader,kb,Paul Schrader,movies,352-0
3862,Which team was the victor in the 1999 FA cup?,Q4484528,1999 FA Cup Final,Q18656,Manchester United F.C.,text,Manchester United F.C.,soccer,1309-0
1172,What is the name of the The Invisible Man books publisher?,Q1784288,Invisible Man,Q744182,Random House,kb,Random House,books,390-2
4122,"Was Gene Roddenberry the creator of the previous series, Star Trek: The Original Series?",Q191716,Gene Roddenberry,Yes,Yes,text,Yes,tvseries,1396-2
2293,What is the name of the band where Pete Townshend played before The Who?,Q26933,Pete Townshend,Q26933,Pete Townshend,text,the Detours,music,764-4
864,What has the home venue of the Kansas City Wizards been from 2011 to the present?,Q329812,Sporting Kansas City,Q1787141,Children's Mercy Park,table,Children's Mercy Park,soccer,288-1
2410,What is the record label used by the composer Olivier Messiaen?,Q151593,Olivier Messiaen,Q168407,Deutsche Grammophon,kb,Deutsche Grammophon,music,804-2
2103,When was Rick Riordan born?,Q212727,Rick Riordan,1964-06-05T00:00:00Z,5 June 1964,kb,5 June 1964,books,700-4
3896,In which city Joseph Heller born?,Q208101,Joseph Heller,Q60,New York City,table,New York City,books,1320-3
467,Who was the writer and singer of Shape of You?,Q28132505,Shape of You,Q47447,Ed Sheeran,kb,Ed Sheeran,music,155-0
1976,Which club does Neymar plays currently?,Q142794,Neymar,Q483020,Paris Saint-Germain F.C.,text,Paris Saint-Germain,soccer,658-3
1868,Was Terence Stamp in Star Wars: Episode I – The Phantom Menace?,Q77298,Terence Stamp,Yes,Yes,table,Yes,movies,622-3
1302,What year did Simon & Garfunkel break up?,Q484918,Simon & Garfunkel,1970-01-01T00:00:00Z,1970,text,1970,music,434-0
2956,Which is the second album of the singer Lucky Ali?,Q3595213,Lucky Ali,Q7511835,Sifar,table,Sifar,music,1004-4
2011,What is the death date of Toni Morrison?,Q72334,Toni Morrison,2019-08-05T00:00:00Z,5 August 2019,text,5 August 2019,books,670-2
3188,Who is credited as creating John Wick?,Q29554576,John Wick,Q30136697,Derek Kolstad,infobox,Derek Kolstad,movies,1082-3
3031,Who is the publisher of the novel Charlotte's Web?,Q45735,Charlotte's Web,Q3127696,Harper,kb,Harper,books,1030-2
4247,What is the name of their home stadium?,Q2982210,Sporting de Gij\u00F3n B,Q5839304,Escuela de F\u00FAtbol de Mareo,text,Escuela de Fútbol de Mareo,soccer,1438-3
1214,Which drummer replaced John Kiffmeyer in the band Green Day?,Q378925,John Kiffmeyer,Q660106,Tr\u00E9 Cool,text,Tré Cool,music,404-2
2338,"What is the publication date of the second book ""The Subtle Knife"" of the series His Dark Materials?",Q129240,His Dark Materials trilogy,1997-07-22T00:00:00Z,22 July 1997,infobox,22 July 1997,books,780-1
3790,Black Eyed Peas was first signed by what record label?,Q134541,Black Eyed Peas,Q231694,Interscope Records,text,Interscope Records,music,1285-0
104,Which country is the band Rammstein from?,Q25177,Rammstein,Q183,Germany,kb,Germany,music,34-2
637,What is the name of second movie in The Matrix film series?,Q83495,The Matrix,Q189600,The Matrix Reloaded,kb,The Matrix Reloaded,movies,212-2
1010,When did the last episode of Æon Flux air?,Q127310,\u00C6on Flux,1995-10-10T00:00:00Z,10 October 1995,kb,10 October 1995,tvseries,336-3
4508,Tiffany Brissette was born in which year?,Q2278470,Tiffany Brissette,1974-01-01T00:00:00Z,1974,kb,1974,tvseries,1526-3
1713,Who is the director of the Black Beauty book?,Q4920353,Black Beauty,Q5239898,David Smith,infobox,David Smith,books,570-4
1091,How much is the budget of 2001: A Space Odyssey movie?,Q103474,2001: A Space Odyssey,$10.5 million,$10.5 million,table,$10.5 million,movies,363-0
3446,Which is the novel following The Fifth Season?,Q25217632,The Fifth Season,Q30337352,The Obelisk Gate,text,The Obelisk Gate,books,1170-0
4588,Run time of the Cars movie?,Q182153,Cars,117 minutes,117 minutes,infobox,117 minutes,movies,1553-0
3302,"What was the record label of the movie ""The Irishman""?",Q29057443,The Irishman,Q56760250,Sony Music,kb,Sony Music,movies,1122-0
2266,What was their first well popular series produced for the USA network?,Q1744498,Klasky Csupo,Q974077,Duckman,text,Duckman,tvseries,756-1
4020,who is the director of Bad Boys for Life movie?,Q29021224,Bad Boys for Life,Q17190262,Adil El Arbi,text,"Adil El Arbi,Bilall Fallah",movies,1362-1
738,What is the name of the actress playing the role of Max Black in the TV series 2 Broke Girls?,Q32488,2 Broke Girls,Q231751,Kat Dennings,text,Kat Dennings,tvseries,246-1
232,Production company of TV series Better Call Saul?,Q652390,Sony Pictures Television,Q14925221,Better Call Saul,text,Sony Pictures Television Studios,tvseries,76-4
3489,who was the performer of this song?,Q19892111,Bad Blood,Q26876,Taylor Swift,text,Taylor Swift,music,1184-1
1359,Which film did Stephen King first credited as a screenwriter?,Q39829,Stephen King,Q744102,Creepshow,table,Creepshow,movies,452-3
2878,Which club did Lionel Messi join after Barcelona?,Q7156,FC Barcelona,Q483020,Paris Saint-Germain F.C.,infobox,Paris Saint-Germain F.C.,soccer,978-4
2794,The Book Thief was written by which author?,Q819101,The Book Thief,Q61522,Markus Zusak,infobox,Markus Zusak,books,950-4
473,Who created music for the series Emily in Paris?,Q64584978,Emily in Paris,Q43914882,James Newton,infobox,James Newton,tvseries,157-0
4252,Who writes the book Tarzan of the Apes?,Q655296,Tarzan of the Apes,Q148234,Edgar Rice Burroughs,infobox,Edgar Rice Burroughs,books,1440-2
3313,Performer of the song I'm Your Angel?,Q4922282,I'm Your Angel,Celine Dion and R. Kelly,Celine Dion and R. Kelly,infobox,Celine Dion and R. Kelly,music,1125-0
1321,What is the second book of Old Kingdom?,Q15624191,Old Kingdom,Q2722425,Lirael,infobox,Lirael,books,440-1
1391,What year was the Shazam movie released?,Q23685878,Shazam!,2019-01-01T00:00:00Z,2019,infobox,2019,movies,463-0
1852,What year did the American sitcom series Will & Grace return for three more seasons after the original run ended?,Q212135,Will & Grace,2017-01-01T00:00:00Z,2017,table,2017,tvseries,617-0
2965,How many matches did Eden Hazard played for Belgium national football team?,Q214204,Eden Hazard,116,116,table,116,soccer,1008-2
89,For which club team did Virgil van Dijk played in 2016?,Q133903,Virgil van Dijk,Q18732,Southampton F.C.,infobox,Southampton F.C.,soccer,29-0
2899,On what date did the first episode of Saturday Night Live air?,Q13979,Saturday Night Live,1975-10-11T00:00:00Z,11 October 1975,table,"October 11, 1975",tvseries,986-1
2506,Who played the main character in House?,Q23558,House,Q49017,Hugh Laurie,text,Hugh Laurie,tvseries,836-2
4166,Which award did Erle Stanley Gardner receive?,Q357065,Erle Stanley Gardner,Q833154,Edgar Awards,kb,Edgar Awards,books,1410-4
4949,What are the active years of work of The Beatles band?,Q1299,The Beatles,1960–1970,1960–1970,kb,1960–1970,music,1674-1
1528,What is the complete name of Salif Diao?,Q350785,Salif Diao,Salif Alassane Diao,Salif Alassane Diao,kb,Salif Alassane Diao,soccer,509-0
3305,"""The Irishman""?",Q29057443,The Irishman,Q3418802,Randall Emmett,text,"Who was the producer of the movie ""The Irishman""?",movies,1122-3
903,Which is the narrative location of the book Catcher in the Rye?,Q183883,The Catcher in the Rye,Q60,New York City,text,New York City,books,300-4
642,How many members are there in Coldplay?,Q45188,Coldplay,Q1001790,Five,infobox,Five,music,214-1
147,What company sponsored Bayern Munich's shirts in 2017?,Q15789,FC Bayern Munich,Q9396,Deutsche Telekom,table,Deutsche Telekom,soccer,48-3
799,What languages does Lisa Vicari speak?,Q1683505,Lisa Vicari,Q188,German,kb,German,tvseries,266-2
2829,"How many minute taken the whole film of ""The Dark Knight""?",Q163872,The Dark Knight,Property:P2047,Property:P2047,infobox,152 minute,movies,962-3
3072,What was John Williams debut feature film as composer?,Q131285,John Williams,Q2251313,Daddy-O,table,Daddy-O,music,1044-1
586,What is the instrument played by the Composer Ryuichi Sakamoto?,Q345494,Ryuichi Sakamoto,Q1343007,electronic keyboard,infobox,electronic keyboard,music,195-0
976,What is Justin Bieber's birthday?,Q34086,Justin Bieber,1994-03-01T00:00:00Z,1 March 1994,text,1 March 1994,music,325-0
2519,In what place was Mark Twain buried?,Q7245,Mark Twain,Q8033007,Woodlawn Cemetery,kb,Woodlawn Cemetery,books,840-3
690,What is the release year of Leviathan Wakes of The Expanse series?,Q19610143,The Expanse,2011-01-01T00:00:00Z,2011,kb,2011,books,230-1
4276,Which team did Luka Modrić played in 2012?,Q483837,Luka Modri\u0107,Q8682,Real Madrid C.F.,table,Real Madrid CF,soccer,1448-2
4600,TV series The 100 developed by?,Q13098946,The 100,Q21063576,Jason Rothenberg,infobox,Jason Rothenberg,tvseries,1557-0
3144,What is the home stadium of the El Salvador national football team?,Q188228,El Salvador national football team,Q1369159,Estadio Cuscatl\u00E1n,text,Estadio Cuscatlán,soccer,1068-1
3037,"Who is the director of The Chronicles of Narnia: The Lion, the Witch and the Wardrobe?",Q1211909,The Chronicles of Narnia,Q432845,Andrew Adamson,table,Andrew Adamson,movies,1032-2
1597,What is the name of the role played by actor Hugh Grant in the Bridget Jones series?,Q27657001,Bridget Jones,Daniel Cleaver,Daniel Cleaver,table,Daniel Cleaver,movies,532-2
4030,what genre of Blank Space song?,Q18441355,Blank Space,Q188450,electropop,kb,electropop,music,1365-0
2529,What is Eminem's birth name?,Q5608,Eminem,Q19927199,Marshall Mathers,kb,Marshall Bruce Mathers III,music,844-1
3569,how many pages of The Sound and the Fury book?,Q135515,The Sound and the Fury,326,326,table,326,books,1210-4
1928,Which actor played Juror 3 in 12 Angry men?,Q2345,12 Angry Men,Q348351,Lee J. Cobb,text,Lee J. Cobb,movies,642-3
4064,who is the creator of 'Downton Abbey' series?,Q83071,Downton Abbey,Q336018,Julian Fellowes,infobox,Julian Fellowes,tvseries,1376-3
1807,Which was Kenneth Branagh's Shakespeare adaptation movie after Hamlet?,Q898721,Hamlet,Q2064278,Love's Labour's Lost,text,Love's Labour's Lost,movies,602-2
2422,What is the native language of the player Mohamed Salah?,Q1354960,Mohamed Salah,Q29919,Egyptian Arabic,kb,Egyptian Arabic,soccer,808-2
2415,Who is the original broadcaster of the tv series Squid Game?,Q106582931,Squid Game,Q907311,Netflix,infobox,Netflix,tvseries,806-1
4546,What is the founding year of San Jose Earthquakes?,Q575370,San Jose Earthquakes,1994-01-01T00:00:00Z,1994,text,1994,soccer,1539-0
3551,"What was the catalog number of the song ""Suddenly There's a Valley""?",Q7633654,Suddenly There's a Valley,1003-01-01T00:00:00Z,1003,text,1003,music,1204-4
23,Genre of the tv series Lucifer?,Q19520525,Lucifer,Q9335577,crime television series,kb,crime serial,tvseries,7-0
4696,What is the second book of A Song of Ice and Fire?,Q45875,A Song of Ice and Fire,Q300370,A Clash of Kings,infobox,A Clash of Kings,books,1590-1
2631,"In what war did Frank Costanza from the sitcom Seinfeld, serve in?",Q106471752,Frank Costanza,Q8663,Korean War,text,Korean War,tvseries,886-4
413,Lark Voorhies' first television appearance?,Q440070,Lark Voorhies,Q639023,"Good Morning, Miss Bliss",table,"Good Morning, Miss Bliss",tvseries,137-0
4626,"What company distributed ""Full House?""",Q465472,Full House,Q1156642,Warner Bros. Television Studios,infobox,Warner Bros. Television Distribution,tvseries,1566-1
4351,What number of years later was the sequel of The Bourne Identity released?,Q868683,Bourne,2,2,table,2,movies,1473-0
2102,What is Rick Riordan's nationality?,Q212727,Rick Riordan,Q30,United States of America,kb,United States of America,books,700-3
4564,Number of tracks in Vande Mataram album?,Q12452104,Vande Mataram,9,9,table,9,music,1545-0
192,How many people are in the band Coldplay?,Q45188,Coldplay,5,5,infobox,5,music,64-0
113,Who created the show Breaking Bad?,Q1079,Breaking Bad,Q4500,Vince Gilligan,infobox,Vince Gilligan,tvseries,37-0
2264,"Performer of ""Shut Up and Dance?""",Q18786700,Shut Up and Dance,Q3653206,Walk the Moon,kb,Walk the Moon,music,755-0
242,Who is the author of the novel series Twilight?,Q44523,Twilight,Q160219,Stephenie Meyer,kb,Stephenie Meyer,books,80-2
1441,Which book of Honoré de Balzac is third to feature the character called Rastignac?,Q9711,Honor\u00E9 de Balzac,Q3235378,Les Secrets de la princesse de Cadignan,text,Les Secrets de la princesse de Cadignan,books,480-2
4176,What is the name of the lead singer of The Pussycat Dolls?,Q102385,The Pussycat Dolls,Q167696,Nicole Scherzinger,text,Nicole Scherzinger,music,1414-2
3431,What is the name of the group he first worked with?,Q16733227,Neal Pogue,Q472595,OutKast,text,Outkast,music,1164-3
705,Who is the youngest of the Jonas Brothers band?,Q134233,Jonas Brothers,Q201656,Nick Jonas,,Nick Jonas,music,234-4
908,which is the production company of the flim The Princess Bride?,Q434841,20th Century Studios,Q506418,The Princess Bride,kb,20th Century Studios,movies,302-3
3637,What is the award received in 2011 by Zhou Long?,Q2382001,Zhou Long,Q1783509,Pulitzer Prize for Music,text,Pulitzer Prize for Music,music,1234-1
4505,Who was the creator of the sitcom Small Wonder?,Q2347191,Small Wonder,Q28868989,Howard Leeds,infobox,Howard Leeds,tvseries,1526-0
654,In which team does Lionel Messi plays?,Q615,Lionel Messi,Q483020,Paris Saint-Germain F.C.,infobox,Paris Saint-Germain,soccer,218-1
3869,What is the Release date of the film Gulaal?,Q5617180,Gulaal,2009-03-13T00:00:00Z,13 March 2009,kb,13 March 2009,movies,1312-0
748,What is the name of the football club that Oliver Kahn played for in the year 2001?,Q131261,Oliver Kahn,Q15789,FC Bayern Munich,table,FC Bayern Munich,soccer,249-0
1610,When was the series Riverdale first aired?,Q23001951,Riverdale,2017-01-26T00:00:00Z,26 January 2017,table,26 January 2017,tvseries,536-3
2773,Which place did the band Queen form?,Q15862,Queen,Q84,London,text,London,music,944-1
367,Who was the voice actress for Dory in Finding Dory?,Q9321426,Finding Dory,Q483325,Ellen DeGeneres,text,Ellen DeGeneres,movies,122-1
955,What is the location of the headquarters of the football club Juventus F.C.?,Q1422,Juventus F.C.,Q495,Turin,kb,Turin,soccer,318-2
2896,What was the name of the 28-month tour Guns N' Roses embarked upon in 1991?,Q11895,Guns N\u2019 Roses,Q268925,Use Your Illusion Tour,text,Use Your Illusion Tour,music,984-4
1305,What year were Simon & Garfunkel inducted into the Rock and Roll Hall of Fame?,Q484918,Simon & Garfunkel,1990-01-01T00:00:00Z,1990,text,1990,music,434-3
3061,How many books in The Dark Tower series?,Q280898,The Dark Tower,9,9,kb,9,books,1040-2
368,What award did Ellen DeGeneres receive for playing Dory with the category Favorite Animated Movie Voice?,Q483325,Ellen DeGeneres,Q501058,People's Choice Awards,table,People's Choice Award,movies,122-2
491,Movie Roohi is directed by which person?,Q64768529,Roohi (2021 film),Q35488479,Hardik Mehta,kb,Hardik Mehta,movies,163-0
4480,What was the name of the company that served as SCTV's initial broadcaster?,Q1767756,Second City Television,Q1142327,Global Television Network,kb,Global Television Network,tvseries,1516-4
2449,Where did Star Trek: Voyager air originally?,Q156329,Star Trek: Voyager,Q206272,UPN,text,UPN,tvseries,817-0
262,Who is the spouse of the Maja Schöne?,Q1262836,Maja Sch\u00F6ne,Q72830,Carlo Ljubek,infobox,Carlo Ljubek,tvseries,86-4
1994,What is the country of origin of the Black Flag music band?,Q464476,Black Flag,Q30,United States of America,infobox,United States of America,music,664-3
4624,Jennifer Lopez's first album?,Q40715,Jennifer Lopez,Q526575,On the 6,text,On the 6,music,1565-0
1514,Who owns the RCA records?,Q202585,RCA Records,Q56760250,Sony Music,text,Sony Music,music,504-3
2656,In which place Metallica band was formed?,Q15920,Metallica,Q65,Los Angeles,kb,Los Angeles,music,904-4
4733,What is the birth place of Tom Cruise?,Q37079,Tom Cruise,Q128069,Syracuse,kb,Syracuse,movies,1602-2
4784,Where is Orlando City SC based?,Q15214308,Orlando City SC,Q49233,Orlando,text,"Orlando, FL",soccer,1619-0
112,What Emmy award did the actress Anna Gunn get for her role in the TV show Breaking Bad?,Q271050,Anna Gunn,Q1285504,Primetime Emmy Award for Outstanding Supporting Actress in a Drama Series,kb,Primetime Emmy Award for Outstanding Supporting Actress in a Drama Series,tvseries,36-4
4403,Who is the co-author of the last Ryanverse book written by Tom Clancy?,Q55163199,Ryanverse,Q19880094,Mark Greaney,infobox,Mark Greaney,books,1490-3
1549,Who is the original broadcaster of the he Tunnel tv series?,Q15104549,The Tunnel,Q1032540,Canal+,infobox,"Sky Atlantic , Canal+",tvseries,516-2
4398,What year was Lionel Messi born?,Q615,Lionel Messi,1987-01-01T00:00:00Z,1987,infobox,1987,soccer,1488-4
823,"When the song ""Cold Heart"" released in Italy in the format of Digital download streaming?",Q108072305,Cold Heart,2021-08-13T00:00:00Z,13 August 2021,table,13 August 2021,music,274-2
1387,who is the director of the Shazam movie released?,Q23685878,Shazam!,Q16775487,David F. Sandberg,infobox,David F. Sandberg,movies,462-1
155,Who wrote the novel series Redwall?,Q1247790,Redwall,Q468851,Brian Jacques,kb,Brian Jacques,books,51-0
2653,Which is the ninth album of Metallica band?,Q15920,Metallica,Q151657,Death Magnetic,kb,Death Magnetic,music,904-1
536,What Makes Up Kylian Mbappé's National Team?,Q21621995,Kylian Mbapp\u00E9,Q47774,France national association football team,infobox,France national association football team,soccer,178-2
2745,What is the release date of the album Ten?,Q383227,Ten,1991-08-27T00:00:00Z,27 August 1991,infobox,27 August 1991,music,934-3
2429,Where was the novel The Bluest Eye set?,Q1069956,The Bluest Eye,Q609698,Lorain,text,"Lorain, Ohio,",books,810-3
3636,What is the instrument played by Zhou Long?,Q2382001,Zhou Long,Q5994,piano,text,piano,music,1234-0
397,What is the name of the composer that he most frequently works with?,Q8877,Steven Spielberg,Q131285,John Williams,text,John Williams,movies,132-1
4443,What is the origin city of Aerosmith music band?,Q126826,Aerosmith,Q30,United States of America,infobox,United States of America,music,1504-1
4722,Name of the first club team Mohamed Salah played for?,Q1354960,Mohamed Salah,Q2073915,Al Mokawloon Al Arab SC,infobox,Al Mokawloon,soccer,1598-3
4658,Spanish name of the TV series Money Heist?,Q29647346,Money Heist,La casa de papel,La casa de papel,kb,La casa de papel,tvseries,1577-0
874,Who is the author of The Immortals of Meluha?,Q6488199,The Immortals of Meluha,Q3661856,Amish Tripathi,kb,Amish Tripathi,books,291-0
2323,what was the name of two vocal artist of Rain on Me?,Q94557088,Rain on Me,Q94557088,Rain on Me,infobox,"Lady Gaga,Ariana Grande",music,774-4
2403,What is the genre of the movie lord of the rings?,Q190214,The Lord of the Rings trilogy,Q157394,fantasy film,text,fantasy film,movies,802-1
1991,What is the inception year of the Black Flag music band?,Q464476,Black Flag,1976-01-01T00:00:00Z,1976,infobox,1976,music,664-0
2316,Director of Minnal Murali movie was?,Q95432716,Minnal Murali,Q19968643,Basil Joseph,kb,Basil Joseph,movies,772-3
4791,Who wrote the movie Super 30?,Q48674720,Super 30,Sanjeev Dutta,Sanjeev Dutta,kb,Sanjeev Dutta,movies,1622-0
4534,In what year did Michael Jackson debut professionally?,Q2831,Michael Jackson,1964-01-01T00:00:00Z,1964,text,1964,music,1535-0
385,Which country hosted the 2010 FIFA World Cup?,Q176883,2010 FIFA World Cup,Q258,South Africa,infobox,South Africa,soccer,128-1
2812,what is the release language of sense 8?,Q7458386,Sex Education,Q55632932,Sex Education,infobox,English,tvseries,956-4
2486,Who is the main character in Pride and Prejudice?,Q170583,Pride and Prejudice,Q2223341,Elizabeth Bennet,text,Elizabeth Bennet,books,830-0
2127,How many matches did Thibaut Courtois appeared for Chelsea F.C.?,Q73360,Thibaut Courtois,126,126,table,126,soccer,708-4
1149,Did Rafael Moreu write The Rage: Carrie 2?,Q7282227,Rafael Moreu,Yes,Yes,kb,Yes,movies,382-3
2772,In what year did the music band Queen form?,Q15862,Queen,1970-01-01T00:00:00Z,1970,infobox,1970,music,944-0
4375,What was the first book Roald Dahl wrote,Q25161,Roald Dahl,Q2578646,The Gremlins,kb,The Gremlins,books,1481-0
2446,Which 1Star Trek: Voyager episode was their first one?,Q156329,Star Trek: Voyager,Q42599400,"Caretaker, Part I",table,"Caretaker, Part I",tvseries,816-2
1293,How many pages was the first hardcover edition of The Chosen?,Q2752989,The Chosen,283,283,infobox,283,books,430-3
639,How many Academy Awards was won by the film The Matrix?,Q19020,Academy Awards,Q76440535,Four,table,Four,movies,212-4
334,what is the genre of the book the Tale of peter Rabbit?,Q131539,Children's literature,Q580463,The Tale of Peter Rabbit,infobox,children's literature,books,110-4
1898,What is the narrative location of the film Smallfoot?,Q30607974,Smallfoot,Q5451,Himalayas,text,Himalayas,movies,632-3
4509,Where was Tiffany Brissette born?,Q2278470,Tiffany Brissette,Q387183,Paradise,kb,Paradise,tvseries,1526-4
434,Was Jennifer Lopez in a married relationship with the singer Mark Anthony?,Q40715,Jennifer Lopez,Yes,Yes,,Yes,music,144-2
1532,What is the publication date of the Dream of the Red Chamber?,Q8265,Dream of the Red Chamber,1792-01-01T00:00:00Z,1792,infobox,1792,books,510-3
2020,Who edited the film Shazam!?,Q23685878,Shazam!,Q62015683,Michel Aller,infobox,Michel Aller,movies,673-0
182,What is the name of writer William Golding's spouse?,Q44183,William Golding,Q108667516,Ann Brookfield,kb,Ann Brookfield,books,60-2
3534,In 2006 which team did the former San Jose Earthquakes head coach Dominic Kinnear joined after the team went on a hiatus?,Q978882,Dominic Kinnear,Q328313,Houston Dynamo FC,text,Houston Dynamo FC,soccer,1198-4
610,What is a The Silence movie's genre?,Q50418548,The Silence,Q200092,Horror film,infobox,horror film,movies,203-0
4548,What is the second book of the Fifty Shades novel series?,Q16357152,Fifty Shades,Q2195511,Fifty Shades Darker,infobox,Fifty Shades Darker,books,1540-1
3053,Which team did Harry Kane reprensent?,Q969725,Harry Kane,Q21,England,kb,England,soccer,1038-0
1470,What is the genre of The Hunger Games?,Q11678,The Hunger Games,Q24925,science fiction,infobox,science fiction,books,490-1
2311,The Book Thief book was written by whom?,Q819101,The Book Thief,Q61522,Markus Zusak,kb,Markus Zusak,books,770-4
3756,What is the origin city of Led Zeppelin music band?,Q2331,Led Zeppelin,Q145,United Kingdom,infobox,United Kingdom,music,1274-1
4023,who is win the favorite Bad Boys for Life of people choice awards win?,Q29021224,Bad Boys for Life,Q56528891,Will Smith,table,Will Smith,movies,1362-4
1187,The Aerosmith band was incepted in which year?,Q126826,Aerosmith,1970-01-01T00:00:00Z,1970,infobox,1970,music,395-0
740,Which religion is practised by the actress Kat Dennings?,Q231751,Kat Dennings,Q9268,Judaism,kb,Judaism,tvseries,246-3
377,Which was the first album Arcade Fire released?,Q58608,Arcade Fire,Q526196,Funeral,text,Funeral,music,125-0
4715,Is Jason Bateman also serves as a director of the Ozark series?,Q25205293,Ozark,Q284636,Jason Bateman,text,Jason Bateman also serves as a director and executive producer for the series,tvseries,1596-2
871,How many sequels in the series of The Immortals of Meluha published?,Q6488199,The Immortals of Meluha,Q24212918,Three,text,Three,books,290-2
774,How many goals did Christine Sinclair score in 2017's regular season?,Q262802,Christine Sinclair,8,8,text,8,soccer,258-1
826,Releasing date of the song Cold Heart?,Q108072305,Cold Heart,2021-08-13T00:00:00Z,13 August 2021,infobox,13 August 2021,music,275-0
2413,Instrument played by Olivier Messiaen?,Q151593,Olivier Messiaen,Q1444,organ,text,organ,music,805-0
4591,Which is the first album of the band Euphoria?,Q172367,Euphoria,Q5269746,Dhoom,table,Dhoom,music,1554-2
1952,Totally how many book were there in the series of the book A Study in Scarlet?,Q223131,A Study in Scarlet,Q76440535,Four,text,Four,books,650-3
4963,Which year Chelsea F.C. was founded?,Q9616,Chelsea F.C.,1905-03-10T00:00:00Z,10 March 1905,kb,10 March 1905,soccer,1678-3
4811,How many goals did Pele scored for New York Cosmos in the year 1976?,Q646135,New York Cosmos,26,26,table,26,soccer,1628-2
4475,"Name the ""grunge"" artist who revolutionized the music industry before ending his own life in 1994.",Q11365,grunge,Q8446,Kurt Cobain,text,Kurt Cobain,music,1515-0
3730,What is Beyoncé's most notable work?,Q149358,Obsessed,Q498910,Austin Powers in Goldmember,infobox,"Austin Powers in Goldmember, Obsessed, The Lion King",music,1264-4
4297,On which date was the album Sour released?,Q106316694,Sour,2021-05-21T00:00:00Z,21 May 2021,infobox,21 May 2021,music,1455-0
1630,Who directed film Shiddat?,Q85800832,Shiddat,Q6444153,Kunal Deshmukh,infobox,Kunal Deshmukh,movies,543-0
4000,What is the launch date of the album Made in India in CD form?,Q18127630,Made in India,1995-05-08T00:00:00Z,8 May 1995,kb,8 May 1995,music,1355-0
4087,How many Academy Awards did John Barry received?,Q111074,John Barry,5,5,table,5,music,1384-3
2779,Who is the director of the TV series The Big Bang Theory?,Q8539,The Big Bang Theory,Q2510311,Mark Cendrowski,kb,Mark Cendrowski,tvseries,946-1
3322,"Who was the owner of the soccer club ""New York Red Bulls"" soccer team?",Q204220,New York Red Bulls,Q698639,Red Bull GmbH,infobox,Red Bull GmbH,soccer,1128-2
4388,What year did Are you Afraid of the Dark come out?,Q1418462,Are You Afraid of the Dark?,1990-01-01T00:00:00Z,1990,kb,1990,tvseries,1486-0
2214,Which nation does Iker Casillas play football for?,Q11584,Iker Casillas,Q29,Spain,kb,Spain,soccer,738-1
4406,Who is the director for Back to the Future?,Q91540,Back to the Future,Q187364,Robert Zemeckis,text,Robert Zemeckis,movies,1492-0
4235,What high school did he attend?,Q2007168,Tom Wilson,Q4647211,A.J. Moore Academy,text,A.J. Moore High Schoo,music,1434-3
3475,What nation was the winner of the Euro 2004 football championship?,Q102920,UEFA Euro 2004,Q41,Greece,text,Greece,soccer,1179-0
2401,Genre of the book Hamlet?,Q41567,Hamlet,Q80930,tragedy,infobox,tragedy,books,801-0
1043,What is the date of birth of the soccer player Luis Suárez?,Q26517,Luis Su\u00E1rez,1987-01-24T00:00:00Z,24 January 1987,kb,24 January 1987,soccer,348-0
846,Who wrote the screenplay of Kramer vs. Kramer?,Q193577,Kramer vs. Kramer,Q59085,Robert Benton,infobox,Robert Benton,movies,282-1
4154,Who distributed the tv series Luna Nera?,Q82300697,Luna Nera,Q907311,Netflix,text,Netflix,tvseries,1406-4
3980,who was the Captain of United States men's national soccer team?,Q21621995,Kylian Mbapp\u00E9,Q3308051,Michael Bradley,kb,Michael Bradley,soccer,1348-3
235,Against whom did Lionel Messi score his first goal in 2012?,Q615,Lionel Messi,Q485002,2011\u201312 UEFA Champions League,text,Chelsea F.C.,soccer,78-1
2485,Cristiano Ronaldo scored how many goals in the FIFA Club World Cup?,Q11571,Cristiano Ronaldo,7,7,infobox,7,soccer,829-0
4366,What club did Luca Toni represent in the year 2015?,Q186478,Luca Toni,Q8639,Hellas Verona F.C.,table,Hellas Verona F.C.,soccer,1478-2
958,What country's national team does Alessandro Del Piero play for?,Q624,Alessandro Del Piero,Q38,Italy,table,Italy,soccer,319-0
820,Writer and director of the movie The Matrix?,Q83495,The Matrix,Q195719,The Wachowskis,text,The Wachowskis,movies,273-0
1563,"What year was Oh, the Places You'll Go! published?",Q7080395,"Oh, the Places You'll Go!",1990-01-01T00:00:00Z,1990,infobox,1990,books,520-4
2804,who was the singer of Attention single?,Q29581389,Attention,Q19810390,Charlie Puth,kb,Charlie Puth,music,954-2
2267,What company published the comic book that the series was based on?,Q974077,Duckman,Q373933,Dark Horse Comics,text,Dark Horse Comics,tvseries,756-2
4868,Name of the Inspector of Burgue Constabulary in Carnival Row series?,Q46034734,Carnival Row,Q44467,Orlando Bloom,kb,Orlando Bloom,tvseries,1647-0
348,What is the origin of tv series Alice in Borderland?,Q103967305,Alice in Borderland,Q17,Japan,infobox,Japan,tvseries,116-0
3293,Which club played in 2014 by Robert Lewandowski?,Q151269,Robert Lewandowski,Q15789,FC Bayern Munich,kb,FC Bayern Munich,soccer,1118-2
3219,which year that the Titanic Movie was released?,Q44578,Titanic,1997-01-01T00:00:00Z,1997,text,1997,movies,1092-4
2047,What is the name of the actress who won the Academy Award in 2014 instead of Sandra Bullock?,Q13419956,86th Academy Awards,Q80966,Cate Blanchett,table,Cate Blanchett,movies,682-2
2243,Which is the current team Toni Kroos is playing for?,Q131234,Toni Kroos,Q8682,Real Madrid C.F.,kb,Real Madrid CF,soccer,748-1
4781,What league is Orlando City SC in?,Q15214308,Orlando City SC,Q18543,Major League Soccer,infobox,Major League Soccer,soccer,1618-2
2737,Who is the producer of the movie Chehre?,Q63928274,Chehre,Q64009833,Anand Pandit,infobox,Anand Pandit,movies,932-1
2342,Second novel of the series His Dark Materials?,Q129240,His Dark Materials trilogy,Q472208,The Subtle Knife,kb,The Subtle Knife,books,781-0
4171,What is the name of the actor cast opposite Rachel Weisz in the film Constantine?,Q134077,Rachel Weisz,Q43416,Keanu Reeves,table,Keanu Reeves,movies,1412-3
3439,"Host of ""Where in the World Is Carmen Sandiego?""",Q1678251,Where in the World Is Carmen Sandiego?,Q5605894,Greg Lee,infobox,Greg Lee,tvseries,1167-0
173,Who directed the TV series Imlie?,Q104572703,Imlie,Q59626429,Atif Khan,infobox,Atif Khan,tvseries,57-0
2762,What religion did Oscar Wilde follow?,Q30875,Oscar Wilde,Q7361618,Roman Catholic,kb,Roman Catholic,books,940-2
644,What was Coldplay's last released album?,Q45188,Coldplay,Q107597380,Music of the Spheres,infobox,Music of the Spheres,music,214-3
4793,What is the name of the spouse of Anand Kumar?,Q3532582,Anand Kumar,Ritu Rashmi,Ritu Rashmi,infobox,Ritu Rashmi,movies,1622-2
1097,Birth date of music director Ilaiyaraaja?,Q2720141,Ilaiyaraaja,1943-06-02T00:00:00Z,2 June 1943,kb,2 June 1943,music,365-0
1077,Who was the owner of the Charlotte Football Club?,Q78944434,Charlotte FC,Q459538,David Tepper,text,David Tepper,soccer,358-3
1316,Who owns Paris Saint-Germain F.C.?,Q483020,Paris Saint-Germain F.C.,Q1571175,Qatar Investment Authority,infobox,Qatar Investment Authority,soccer,438-2
6,Who is the director of the film Encanto?,Q103372692,Encanto,Q20995253,Jared Bush,table,Jared Bush,movies,2-0
3732,Who Created by Locke & Key Tv Series?,Q56274745,Locke & Key,Q443440,Carlton Cuse,infobox,Carlton Cuse,tvseries,1266-0
1848,Which two actors portrayed the titular protagonists in the tv sitcom Will & Grace?,Q212135,Will & Grace,Q436686,Eric McCormack,text,Eric McCormack;Debra Messing,tvseries,616-1
3633,Who distributes the movie Batman: Death in the Family?,Q1188361,Warner Home Video,Q98537283,Batman: Death in the Family,infobox,Warner Bros. Home Entertainment,movies,1232-3
4251,What is the genre of the book Tarzan of the Apes?,Q655296,Tarzan of the Apes,Q132311,Fantasy,text,fantasy,books,1440-1
2739,What is the production budget of the movie Great Grand Masti?,Q20649396,Great Grand Masti,₹50 Crore,₹50 Crore,infobox,₹50 Crore,movies,932-3
4726,Who influenced Arthur Conan Doyle?,Q35610,Arthur Conan Doyle,Q1512,Robert Louis Stevenson,kb,Robert Louis Stevenson,books,1600-1
1542,What is the country of originate of the gang of four band?,Q1130624,Gang of Four,Q145,United Kingdom,infobox,United Kingdom,music,514-1
1008,Who created Æon Flux?,Q127310,\u00C6on Flux,Q489286,Peter Chung,kb,Peter Chung,tvseries,336-1
3931,Who directs the flim Ratatouille?,Q170035,Ratatouille,Q310960,Brad Bird,infobox,Brad Bird,movies,1332-2
2394,what position played by mbappe in team?,Q21621995,Kylian Mbapp\u00E9,Q280658,forward,infobox,forward,soccer,798-4
4065,What is the origin city of Downton Abbey series?,Q83071,Downton Abbey,Q145,United Kingdom,infobox,United Kingdom,tvseries,1376-4
3328,"When will the novel ""Don Quixote"" be released?",Q480,Don Quixote,1605-01-01T00:00:00Z,1605,infobox,1605,books,1130-2
3088,For which club team did Robert Lewandowski playing currently?,Q151269,Robert Lewandowski,Q15789,FC Bayern Munich,infobox,FC Bayern Munich,soccer,1049-0
2678,in which year releasing The Witches movie?,Q63630439,The Witches,2020-01-01T00:00:00Z,2020,infobox,2020,movies,912-2
2481,which citizenship Cristiano Ronaldo have?,Q11571,Cristiano Ronaldo,Q45,Portugal,infobox,Portugal,soccer,828-1
1360,Who was the composer for the 1982 horror film Creepshow?,Q744102,Creepshow,Q1700383,John Harrison,infobox,John Harrison,movies,452-4
2457,"What is the name of the ""It"" novel's publisher?",Q602288,It,Q921536,Viking Press,infobox,Viking Press,books,820-1
3297,"Who was the publisher of the book ""To the Lighthouse""?",Q478016,To the Lighthouse,Q1623362,Hogarth Press,infobox,Hogarth Press,books,1120-1
2649,Who directed Titanic movie?,Q44578,Titanic,Q42574,James Cameron,kb,James Cameron,movies,902-3
4215,What show was Nathan Fillion's first TV role?,Q342549,Nathan Fillion,Q7100383,Ordeal in the Arctic,text,Ordeal in the Arctic,tvseries,1427-0
4690,What country is the football club Manchester United F.C. based in?,Q18656,Manchester United F.C.,Q145,United Kingdom,kb,United Kingdom,soccer,1588-1
1367,"Mark Morrison's song ""Return of the Mack"" sampled which Tom Tom Club song?",Q3933840,Return of the Mack,Q5533282,Genius of Love,text,Genius of Love,music,455-0
3908,who was the guitarist of Rolling Stones?,Q11036,The Rolling Stones,Q204943,Brian Jones,text,Brian Jones,music,1324-3
1114,who is the publisher of The Last Thing he told me book?,Q106823028,The Last Thing he told me,Q1756332,Simon & Schuster,kb,Simon & Schuster,books,370-4
1854,Was Sean Johnson drafted in the first round of the 2010 MLS SuperDraft?,Q2458826,Sean Johnson,No,No,text,No,soccer,618-1
1579,Which character did Nathan Fillion play in Buffy?,Q342549,Nathan Fillion,Q1118020,Caleb,text,Caleb,tvseries,526-2
4518,Who is the author of Emma?,Q223880,Emma,Q36322,Jane Austen,text,Jane Austen,books,1530-1
4011,For what amount Wolfsburg signed De Bruyne on 18 January 2014?,Q357984,Kevin De Bruyne,£18 million,£18 million,text,£18 million,soccer,1358-4
3523,What year did Coldplay formed?,Q45188,Coldplay,1996-01-01T00:00:00Z,1996,kb,1996,music,1195-0
671,How long is the Bad Habits song?,Q107341752,Bad Habits,231 second,231 second,kb,231 second,music,224-0
4552,Release year of the first book Fifty Shades?,Q557867,Fifty Shades of Grey,2011-01-01T00:00:00Z,2011,infobox,2011,books,1541-0
478,What was the league of the Chicago Fire Football Club?,Q308683,Chicago Fire Soccer Club,Q18543,Major League Soccer,kb,Major League Soccer,soccer,158-4
3379,Who was the actor who had the central role as Jack Bauer in the tv show 24?,Q56194,24,Q103946,Kiefer Sutherland,infobox,Kiefer Sutherland,tvseries,1147-0
681,who is the executive producer of Daredevil tv series?,Q16977365,Daredevil,Q927371,Steven S. DeKnight,text,Steven S. DeKnight,tvseries,226-4
1924,The first book in the Lord of the Rings trilogy was,Q15228,The Lord of the Rings,Q208002,The Fellowship of the Ring,text,The Fellowship of the Ring,books,641-0
3635,Genre name of the movie Batman: Death in the Family?,Q188473,action film,Q98537283,Batman: Death in the Family,kb,action film,movies,1233-0
2355,Who is the director of the TV series Breathe?,Q48733047,Breathe,Q89273107,Mayank Sharma,kb,Mayank Sharma,tvseries,786-0
3647,Genre  of the tv series High Seas?,Q186424,detective fiction,Q59591953,High Seas,kb,detective fiction,tvseries,1237-0
1295,Who wrote the novel The Chosen?,Q2752989,The Chosen,Q560735,Chaim Potok,text,Chaim Potok,books,431-0
244,Who is the spouse of the Stephenie Meyer?,Q160219,Stephenie Meyer,Q47528468,Christiaan Meyer,infobox,Christiaan Meyer,books,80-4
2494,What is the name of the sequel to The Santa Clause?,Q497850,The Santa Clause,Q1469426,The Santa Clause 2,text,The Santa Clause 2,movies,832-2
1992,What is the location of formation of the Black Flag band's?,Q464476,Black Flag,Q828712,Hermosa Beach,infobox,Hermosa Beach,music,664-1
3180,When was the first Hercule Poirot novel published?,Q170534,Hercule Poirot,1920-01-01T00:00:00Z,1920,kb,1920,books,1080-1
2458,"When will the novel ""It"" be released?",Q602288,It,1988-09-15T00:00:00Z,15 September 1988,infobox,15 September 1988,books,820-2
3783,Who was the director for 28 Days?,Q221098,28 Days,Q254732,Betty Thomas,kb,Betty Thomas,movies,1282-4
1274,What is the rating of The Suburbs on Metacritic?,Q1575638,The Suburbs,87/100,87/100,infobox,87/100,music,424-2
1593,Who is George Orwell's influence?,Q3335,George Orwell,Q5686,Charles Dickens,kb,Charles Dickens,books,530-4
326,Who is a part of Neymar's sports team?,Q483020,Paris Saint-Germain F.C.,Q80955,Santos F.C.,kb,"FC Barcelona, Santos F.C",soccer,108-2
4319,"Who was the producer of the movie ""Encanto""?",Q103372692,Encanto,Q103387240,Yvett Merino Flores,kb,"Yvett Merino, Clark Spencer",movies,1462-3
3749,"Author of ""Jane Eyre"" novel?",Q182961,Jane Eyre,Q127332,Charlotte Bront\u00EB,kb,Charlotte Brontë,books,1271-0
248,Which is the debut movie directed by the Ashwiny Iyer Tiwari?,Q28012317,Ashwiny Iyer Tiwari,Q22905735,Nil Battey Sannata,text,Nil Battey Sannata,movies,82-2
3821,Who is the actor of Dean Winchester in Supernatural serise?,Q130585,Supernatural,Q193513,Jensen Ackles,text,Jensen Ackles,tvseries,1296-0
4094,Production of Marco Polo Tv series?,Q6757674,Marco Polo,Q1138789,The Weinstein Company,kb,The Weinstein Company;Electus,tvseries,1386-4
3351,which is the country for sport in Bruno Fernandes?,Q4979316,Bruno Fernandes,Q45,Portugal,infobox,Portugal,soccer,1138-1
3905,The rolling stones had how may members?,Q11036,The Rolling Stones,14,14,text,14,music,1324-0
1886,Did Netherlands women's national football team win UEFA Women's Euro 2017?,Q841563,Netherlands women's national football team,Yes,Yes,infobox,Yes,soccer,628-3
4698,in which city George R. R. Martin born?,Q181677,George R. R. Martin,Q812589,Bayonne,kb,Bayonne,books,1590-3
2283,Who played Lisbeth Salander in David Fincher's The Girl with the Dragon Tattoo?,Q1191282,Lisbeth Salander,Q228766,Rooney Mara,kb,Rooney Mara,movies,762-0
3105,Where was Earth Wind & Fire founded?,Q28974,"Earth, Wind & Fire",Q1297,Chicago,infobox,"Chicago, Illinois",music,1054-4
2883,Which publishing company released The World According to Garp?,Q2507282,The World According to Garp,Q5317558,Dutton,infobox,E.P. Dutton,books,980-3
4631,"Who became the manager of France National Football Team's on July 8, 2012?",Q47774,France national association football team,Q508711,Didier Deschamps,text,Didier Deschamps,soccer,1568-1
4536,Who played the role of Mork in Mork & Mindy?,Q10589146,Mork,Q83338,Robin Williams,text,Robin Williams,tvseries,1536-1
4446,Which award has this 'Aerosmith' band been win for?,Q126826,Aerosmith,Q179191,Rock and Roll Hall of Fame,infobox,Rock and Roll Hall of Fame,music,1504-4
205,What is the number of goals scored by Kylian Mbappé for France in the year 2018?,Q21621995,Kylian Mbapp\u00E9,9,9,table,9,soccer,68-1
767,What channel does Aerial America play on?,Q15036036,Aerial America,Q7545619,Smithsonian Channel,text,Smithsonian Channel,tvseries,256-0
4138,Which novel is based on the movie 101 Dalmatians?,Q8594,101 Dalmatians,Q8563,The Hundred and One Dalmatians,infobox,The Hundred and One Dalmatians,movies,1402-0
3028,Where does D.C. United play its home games?,Q238593,D.C. United,Q5203387,Audi Field,infobox,Audi Field,soccer,1029-0
2330,Breaking Bad Web series is released in which language?,Q1582890,"Breaking Bad, season 1",Q1079,Breaking Bad,kb,English,tvseries,777-0
4909,Which university did the author Robert Jordan graduate from?,Q166351,Robert Jordan,Q1806300,"The Citadel, The Military College of South Carolina",infobox,"The Citadel, The Military College of South Carolina",books,1660-3
72,U2 had how many band members?,Q396,U2,5,5,kb,5,music,24-0
2682,What is the genre of the song Someone You Loved?,Q60768202,Someone You Loved,Q37073,pop music,kb,pop music,music,914-0
528,Who Created by Elite Tv Series?,Q53000974,Elite,Q42908469,Carlos Montero,table,"Carlos Montero, Darío Madrona",tvseries,176-0
4865,Who is Orlando Bloom's wife?,Q46034734,Carnival Row,Q127454,Miranda Kerr,kb,Miranda Kerr,tvseries,1646-2
3688,What was the name of William Shakespeare's spouse?,Q692,William Shakespeare,Q237251,Anne Hathaway,kb,Anne Hathaway,books,1250-4
361,Which county does the Antichrist live in during his childhood in Good Omens?,Q1052459,Good Omens,Q23169,Oxfordshire,text,Oxfordshire,books,120-1
4664,Lionel Messi born on?,Q615,Lionel Messi,1987-06-24T00:00:00Z,24 June 1987,kb,24 June 1987,soccer,1579-0
38,who is the director of Love and Monsters movie?,Q62761126,Love and Monsters,Q77082640,Michael Matthews,text,Michael Matthews,movies,12-2
19,Who is the creator of the tv series Lucifer?,Q19520525,Lucifer,Q541899,Tom Kapinos,text,Tom Kapinos,tvseries,6-1
1748,What is the title of the last James Bond movie?,Q21534241,No Time to Die,Q21534241,No Time to Die,table,No Time to Die,movies,582-3
63,Who is the author of The Kingkiller Chronicle book series?,Q2585559,The Kingkiller Chronicle,Q514546,Patrick Rothfuss,kb,Patrick Rothfuss,books,20-3
2736,Who is the director of the movie Chehre?,Q63928274,Chehre,Rumy Jafry,Rumy Jafry,kb,Rumy Jafry,movies,932-0
621,"who is the producer of ""The Following"" series?",Q1189631,The Following,Q360642,Kevin Williamson,infobox,Kevin Williamson,tvseries,206-4
4637,What is the Publication date of the first book of the novel series The Chronicles of Narnia?,Q483412,The Chronicles of Narnia,1950-10-16T00:00:00Z,16 October 1950,infobox,16 October 1950,books,1570-1
1934,What year did Elvis release his self titled debut album?,Q610926,Elvis Presley,1956-01-01T00:00:00Z,1956,infobox,1956,music,644-3
4376,What was Johnny Depp's first film role?,Q37175,Johnny Depp,Q329434,A Nightmare on Elm Street,text,A Nightmare on Elm Street,movies,1482-0
2734,"How many people are living in Exeter, New Hampshire in 2020?",Q990504,Exeter,16049,16049,table,16049,books,930-4
417,Who performed the team's theme song?,Q646135,New York Cosmos,Q583556,Average White Band,text,Average White Band,soccer,138-3
2247,Toni Kroos born on which date?,Q131234,Toni Kroos,1990-01-04T00:00:00Z,4 January 1990,kb,4 January 1990,soccer,749-0
1689,In which superhero film did Ludi Lin played a character named Murk?,Q21290349,Ludi Lin,Q22998395,Aquaman,table,Aquaman,movies,562-4
1947,In the Laws of the Game for soccer what is rule 3 about,Q2736,soccer,Q4611891,football positions,text,Number of players,soccer,648-4
3135,What is Madonna's middle name?,Q1744,Madonna,Q3215140,Louise,text,Louise,music,1064-4
3559,What was the nick name of the New York City Football club?,Q13361030,New York City FC,Q26488962,The Pigeons,infobox,The Pigeons,soccer,1208-0
2432,Who played Mrs. Which in A Wrinkle in Time?,Q24301388,A Wrinkle in Time,Q55800,Oprah Winfrey,infobox,Oprah Winfrey,movies,812-0
1585,Who sponsored Manchester United F.C.  kit in 2021?,Q18656,Manchester United F.C.,Q3895,Adidas,table,Adidas,soccer,528-2
3671,What is the launch date of album Punisher?,Q96419213,Punisher,2020-06-17T00:00:00Z,17 June 2020,kb,17 June 2020,music,1245-0
275,Author of the novel Wuthering Heights?,Q202975,Wuthering Heights,Q80137,Emily Bront\u00EB,infobox,Emily Brontë,books,91-0
4053,What is Russell Crowe's family name?,Q129817,Russell Crowe,Q16865897,Crowe,infobox,Crowe,movies,1372-4
4275,What is the Position played by Luka Modrić?,Q483837,Luka Modri\u0107,Q193592,midfielder,kb,midfielder,soccer,1448-1
2356,"Who has played the role of Denzel ""Danny"" Mascarenhas in Breathe?",Q48733047,Breathe,Q729982,R. Madhavan,infobox,R. Madhavan,tvseries,786-1
3933,Who is the composer of the flim Ratatouille?,Q170035,Ratatouille,Q155124,Michael Giacchino,infobox,Michael Giacchino,movies,1332-4
486,Who is the director of the movie Roohi?,Q64768529,Roohi (2021 film),Q35488479,Hardik Mehta,kb,Hardik Mehta,movies,162-0
2732,Who is the brother of Dan Brown?,Q7345,Dan Brown,Q41749523,Gregory W. Brown,infobox,Gregory W. Brown,books,930-2
3250,Who directed the movie Sherni?,Q107176275,Sherni,Q28914756,Amit Masurkar,kb,Amit V. Masurkar,movies,1103-0
2324,in which year was the song See You Again released?,Q19756862,See You Again,2015-01-01T00:00:00Z,2015,kb,2015,music,775-0
2827,"Who was the main in the movie ""The Dark Knight""?",Q163872,The Dark Knight,Q45772,Christian Bale,text,Christian Bale,movies,962-1
223,Which album by D12 was released first:Shit on You or Devil's Night ?,Q154543,D12,Q3300148,Shit on You,text,Shit on You,music,74-1
3892,On which date Andrew Robertson born?,Q15915040,Andrew Robertson,1994-03-11T00:00:00Z,11 March 1994,kb,11 March 1994,soccer,1319-0
3044,What is the position held by Benjamin Britten?,Q150767,Benjamin Britten,Q18952564,Member of the House of Lords,kb,Member of the House of Lords,music,1034-3
2319,Release year of See You Again song was?,Q19756862,See You Again,2015-01-01T00:00:00Z,2015,kb,2015,music,774-0
1764,When was Major League Soccer inaugural season?,Q18543,Major League Soccer,1996-01-01T00:00:00Z,1996,infobox,1996,soccer,588-1
83,Actor behind Vanessa Van Helsing in Van Helsing?,Q23787669,Van Helsing,Q461131,Kelly Overton,text,Kelly Overton,tvseries,27-0
1304,How many Grammy Awards did Simon & Garfunkel win?,Q41254,Grammy Award,10,10,text,10,music,434-2
140,Which country was Alex Trebek born in?,Q929985,Alex Trebek,Q16,Canada,kb,Canada,tvseries,46-2
1727,What is the genre of the Mortal tv series?,Q65940913,Mortal,Q319221,adventure film,infobox,"fantasy film,adventure film",tvseries,576-0
756,"What religion does the main character belong to in Signs, the 2002 movie?",Q22432,Signs,Q682443,Episcopal Church,text,Episcopal Church,movies,252-1
3724,When does the story take place in Passengers?,Q74063568,Homestead II,Q74063570,Avalon,infobox,Avalon,movies,1262-4
1056,"What was the running time of the movie ""Taxi Driver""?",Q47221,Taxi Driver,114 minutes,114 minutes,infobox,114 minutes,movies,352-1
2940,Which is the first book of the series Discworld?,Q3257270,Discworld books,Q32136,The Colour of Magic,kb,The Colour of Magic,books,1000-0
3387,Who is the translator of the novel Gaban?,Q28419570,Gaban,Christopher R. King,Christopher R. King,infobox,Christopher R. King,books,1150-1
568,What is the complete name of the soccer player Joshua Kimmich?,Q13865408,Joshua Kimmich,Joshua Walter Kimmich,Joshua Walter Kimmich,kb,Joshua Walter Kimmich,soccer,189-0
3834,Who is the writer of the books State of Fear and Jurassic Park?,Q2164310,State of Fear,Q172140,Michael Crichton,infobox,Michael Crichton,books,1300-1
3382,Which team won the first edition of Copa America in 1916?,Q178750,Copa Am\u00E9rica,Q134916,Uruguay national football team,table,Uruguay national football team,soccer,1148-2
4823,Who was the main lead of Captain Marvel?,Q23781129,Captain Marvel,Q29328,Brie Larson,kb,Brie Larson,movies,1632-2
4946,Director of the movie The Martian?,Q18547944,The Martian,Q56005,Ridley Scott,kb,Ridley Scott,movies,1672-4
4334,What was the inception year of the New England Revolution soccer club?,Q309095,New England Revolution,1995-01-01T00:00:00Z,1995,kb,1995,soccer,1468-0
4197,Who was the author of Matilda?,Q1426188,Matilda,Q25161,Roald Dahl,text,Roald Dahl,books,1421-0
742,Who created the show 2 Broke Girls?,Q32488,2 Broke Girls,Q979221,Michael Patrick King,text,Michael Patrick King;Whitney Cummings,tvseries,247-0
3495,who is the creator of The Umbrella Academy series?,Q44535025,The Umbrella Academy,Q55633997,Steve Blackman,infobox,Steve Blackman,tvseries,1186-1
3915,production company of the TV series?,Q56471830,The Conners,Q169889,American Broadcasting Company,text,American Broadcasting Company,tvseries,1326-4
712,Who is the actor behind the role Emily in True Detective?,Q7847400,True Detective,Q18684239,Adria Arjona,kb,Adria Arjona,tvseries,237-0
2799,When was the movie fight club released?,Q190050,Fight Club,1999-01-01T00:00:00Z,1999,infobox,1999,movies,952-3
1875,What university did Brian May get a PhD from?,Q15873,Brian May,Q189022,Imperial College London,text,Imperial College London,music,624-4
2595,What was the discography of singer Elvis Presley?,Q303,Elvis Presley,Q786776,Elvis Presley discography,text,Elvis Presley discography,music,874-4
161,Who edited the movie The Body?,Q85532356,The Body,Ayoob Khan,Ayoob Khan,infobox,Ayoob Khan,movies,53-0
4490,What was the subsequent book written by Dan Brown after Angels & Demons?,Q182502,Angels & Demons,Q81689,The Da Vinci Code,kb,The Da Vinci Code,books,1520-2
339,who is the production company of the flim tom and jerry?,Q65921361,Tom & Jerry,Q47517081,Warner Animation Group,text,Warner Animation Group,movies,112-3
2442,"Who produced ""Can't Tell Me Nothing"" that wasn't the rapper?",Q2446615,Can't Tell Me Nothing,Q741522,DJ Toomp,text,DJ Toomp,music,814-4
2567,What British sitcom is Three's Company based on?,Q245996,Three's Company,Q2265954,Man About the House,infobox,Man About the House,tvseries,866-0
602,What is the origin city of The Great Gatsby?,Q214371,The Great Gatsby,Q30,United States of America,text,United States of America,books,200-3
2525,What is the character's name that was the love interest of the character Jack Dawson in the film Titanic?,Q3805567,Jack Dawson,Q4892194,Rose DeWitt Bukater,text,Rose DeWitt Bukater,movies,842-3
2923,In what year did the band Massive Attack originate?,Q357418,Massive Attack,1988-01-01T00:00:00Z,1988,infobox,1988,music,994-1
2505,Which state did House take place in?,Q23558,House,Q1408,New Jersey,text,New Jersey,tvseries,836-1
2226,What is the release date of the movie Roohi?,Q64768529,Roohi (2021 film),2021-03-11T00:00:00Z,11 March 2021,infobox,11 March 2021,movies,742-2
4500,Where was Beck born?,Q11901,Beck,Q65,Los Angeles,kb,Los Angeles,music,1524-1
246,Who directed the movie Panga?,Q61995311,Panga,Q28012317,Ashwiny Iyer Tiwari,kb,Ashwiny Iyer Tiwari,movies,82-0
2695,who is the head coach of FC Barcelona?,Q7156,FC Barcelona,Q1166276,Xavi,infobox,Xavi,soccer,918-1
4364,Who won the European Golden Boot for the year 2005-2006?,Q233454,European Golden Shoe,Q186478,Luca Toni,table,Luca Toni,soccer,1478-0
3453,What movie is the sequel of Ocean's Eleven?,Q205447,Ocean's Eleven,Q504053,Ocean's Twelve,table,Ocean's Twelve,movies,1172-1
777,What division does Paris Saint-Germain Féminine belong to?,Q3365295,Paris Saint-Germain F\u00E9minine,Q1231102,Division 1 F\u00E9minine,table,Division 1 Féminine,soccer,258-4
190,What instrument does the actress Lindsay Lohan play?,Q44903,Lindsay Lohan,Q6607,guitar,kb,guitar,movies,62-4
3843,What movie was directed by Shane black in the year 2005?,Q726126,Shane Black,Q1423695,Kiss Kiss Bang Bang,table,Kiss Kiss Bang Bang,movies,1302-4
444,Where was the football player Wayne Rooney born?,Q266613,Wayne Rooney,Q24826,Liverpool,infobox,Liverpool,soccer,148-0
1230,What year did the first feature film adaptation of the novel Nineteen Eighty-Four come out?,Q208460,Nineteen Eighty-Four,1956-01-01T00:00:00Z,1956,text,1956,books,410-0
4640,Which is the second book of the novel series The Chronicles of Narnia?,Q483412,The Chronicles of Narnia,Q218950,Prince Caspian,infobox,Prince Caspian,books,1570-4
4318,"What was the character name of Stephanie Beatriz in the movie ""Encanto""?",Q103372692,Encanto,Q107453681,Mirabel Madrigal,kb,Mirabel Madrigal,movies,1462-2
3970,Origin of the band Avenged Sevenfold?,Q165193,Avenged Sevenfold,Q49321251,Huntington Beach,table,Huntington Beach,music,1345-0
2233,What is birth name of A. R. Rahman?,Q108560,A. R. Rahman,A. S. Dileep Kumar,A. S. Dileep Kumar,infobox,A. S. Dileep Kumar,music,744-3
4568,Which actor plays the role as psychologist in Mindhunter?,Q25340152,Mindhunter,Q1368141,Holt McCallany,kb,Holt McCallany,tvseries,1546-3
4619,What was the name of Jennifer Lopez's first album?,Q40715,Jennifer Lopez,Q526575,On the 6,text,On the 6,music,1564-0
4620,What was the number of songs on that album?,Q526575,On the 6,Q526575,On the 6,table,14,music,1564-1
4224,What's the second book she's featured in?,Q2071301,Katniss Everdeen,Q837140,Catching Fire,text,Catching Fire,books,1430-2
4806,What is the run time of the movie The King of Pigs?,Q7744577,The King of Pigs,97 minutes,97 minutes,infobox,97 minutes,tvseries,1626-3
2600,What is the Name of the Production company for the tv series Hellbound?,Q108773803,Climax Studio,Q100934044,Hellbound,infobox,Climax Studio,tvseries,876-3
2402,Who is the director of the movie lord of the rings?,Q190214,The Lord of the Rings trilogy,Q4465,Peter Jackson,table,Peter Jackson,movies,802-0
522,What is Selena Gomez's voice type?,Q83287,Selena Gomez,Q186506,Mezzo-soprano,infobox,mezzo-soprano,music,174-0
1225,Luis Suárez made his Liverpool debut against which club?,Q26517,Luis Su\u00E1rez,Q18736,Stoke City F.C.,table,Stoke City F.C.,soccer,408-1
1298,Who was One Flew Over the Cuckoo's Nest distributed by?,Q171669,One Flew Over the Cuckoo's Nest,Q219400,United Artists Corporation,infobox,United Artists,movies,432-2
787,When was Virginia Madsen born?,Q229784,Virginia Madsen,1961-09-11T00:00:00Z,11 September 1961,kb,11 September 1961,movies,262-2
3511,What novel did Charles Dickens wrote that preceded Oliver Twist?,Q5686,Charles Dickens,Q460583,The Pickwick Papers,table,The Pickwick Papers,books,1191-0
483,Who is the writer of the novel Native son?,Q165599,Native Son,Q319820,Richard Wright,text,Richard Wright,books,160-3
2016,Is the film Shazam! won National Film and Television Awards won or not?,Q23685878,Shazam!,Q24867519,Won,table,Won,movies,672-1
2681,who is the costume designer of The Witches movie?,Q63630439,The Witches,Q3329792,Joanna Johnston,kb,Joanna Johnston,movies,913-0
3811,Who played his younger part Alan Parrish in Jumanji?,Q222939,Jumanji,Q349649,Adam Hann-Byrd,text,Adam Hann-Byrd,movies,1292-2
3295,Position played by Robert Lewandowski?,Q280658,forward,Q151269,Robert Lewandowski,text,forward,soccer,1119-0
4296,What is the length of the Brutal song of Sour album?,Q106316694,Sour,2:23,2:23,table,2:23,music,1454-4
1112,what is the genre of  The Last Thing he told me ?,Q106823028,The Last Thing he told me,"Mystery, Thriller","Mystery, Thriller",infobox,"Mystery, Thriller",books,370-2
3231,The film Everything Sucks belongs to which country?,Q39070182,Everything Sucks!,Q39070182,Everything Sucks!,table,United States,tvseries,1096-4
1366,Which US record label released Tom Tom Club?,Q756270,Tom Tom Club,Q843402,Warner Bros. Records,infobox,Warner Bros. Records,music,454-4
1653,Who is the author  of the book Lord of the Flies?,Q271764,Lord of the Flies,Q44183,William Golding,infobox,William Golding,books,550-4
2022,What is the length of album Promises?,Q106318794,Promises,46:33,46:33,infobox,46:33,music,674-1
1454,Which is the fourth album by Fugazi?,Q277865,Fugazi,Q971672,Red Medicine,table,Red Medicine,music,484-3
4114,"Which artists collaborated on the song ""Empire State of Mind""?",Empire State of Mind,Empire State of Mind,Q62766,Jay-Z,kb,Jay-Z;Alicia Keys,music,1394-0
1184,What is the location of formation of the Aerosmith band?,Q126826,Aerosmith,Q100,Boston,infobox,Boston,music,394-2
3872,Has Anurag Kashyap won the Yash Bharati award?,Q2839609,Anurag Kashyap,Yes,Yes,text,Yes,movies,1312-3
2790,who wrote the lord of the ring book?,Q15228,The Lord of the Rings,Q892,J. R. R. Tolkien,infobox,J. R. R. Tolkien,books,950-0
3887,What is the date of birth of Andrew Robertson?,Q15915040,Andrew Robertson,1994-03-11T00:00:00Z,11 March 1994,kb,11 March 1994,soccer,1318-0
1730,Who is the director of the Mortal television series?,Q65940913,Mortal,Q2848912,Andr\u00E9 \u00D8vredal,infobox,Andre ovredal,tvseries,576-3
1400,what is the original broadcaster of the  Arrow Tv series?,Q552314,Arrow,Q212252,The CW,infobox,The CW,tvseries,466-2
1782,What is the length of the album Purple Rain?,Q253004,Purple Rain,43:51,43:51,infobox,43:51,music,594-1
1163,What year did Kröd Mändoon and the Flaming Sword of Fire start?,Q717304,Kr\u00F6d M\u00E4ndoon and the Flaming Sword of Fire,2009-01-01T00:00:00Z,2009,infobox,2009,tvseries,387-0
863,Who is the head coach of the Kansas City Wizards?,Q329812,Sporting Kansas City,Q751005,Peter Vermes,kb,Peter Vermes,soccer,288-0
2269,Who named the city?,Q968392,"Milwaukie, Oregon",Q6684596,Lot Whitcomb,text,Lot Whitcomb,tvseries,756-4
4821,Who was directed the Captain Marvel?,Q23781129,Captain Marvel,Q33093747,Anna Boden and Ryan Fleck,kb,Anna Boden and Ryan Fleck,movies,1632-0
4047,What is the origin city of Wuthering Heights?,Q202975,Wuthering Heights,Q174193,United Kingdom of Great Britain and Ireland,infobox,United Kingdom of Great Britain and Ireland,books,1370-4
4261,Venom character played in the movie Venom: Let There Be Carnage?,Q60498064,Venom: Let There Be Carnage,Q208026,Tom Hardy,text,Tom Hardy,movies,1443-0
1499,Who is the writer of the novel The Great Gatsby?,Q214371,The Great Gatsby,Q93354,F. Scott Fitzgerald,kb,F. Scott Fitzgerald,books,500-0
2699,what is the full name of FC Barcelona team?,Q7156,FC Barcelona,Futbol Club Barcelona,Futbol Club Barcelona,kb,Futbol Club Barcelona,soccer,919-0
386,Which countries will host the FIFA World Cup in 2026?,Q19317,FIFA World Cup,Q16,Canada,infobox,Canada;Mexico;United States,soccer,128-2
1386,in which year did Shazam Movie come out?,Q23685878,Shazam!,2019-01-01T00:00:00Z,2019,infobox,2019,movies,462-0
4845,What year is the first year of the book series Dragonriders of Pern published?,Q1254342,Dragonriders of Pern,1968-01-01T00:00:00Z,1968,infobox,1968,books,1640-0
4041,who is the  shirt sponsors sponsor of RB Leipzig  team?,Q702455,RB Leipzig,Q231784,Red Bull,table,Red Bull,soccer,1368-4
4244,What team won the MLS cup in 2021?,Q577698,MLS Cup,Q13361030,New York City FC,table,New York City FC,soccer,1438-0
873,Where was the book The Immortals of Meluha published?,Q6488199,The Immortals of Meluha,Q668,India,kb,India,books,290-4
3073,When was John Williams born?,Q131285,John Williams,1932-02-08T00:00:00Z,8 February 1932,kb,8 February 1932,music,1044-2
2839,"Who was the main character of the series ""Breaking Bad""?",Q1079,Breaking Bad,Q23547,Bryan Cranston,text,Bryan Cranston,tvseries,966-2
4614,What was the first film directed by Andrew Davis?,Q504461,Andrew Davis,Q7619570,Stony Island,text,Stony Island,movies,1562-1
2841,"Where the series ""Breaking Bad"" film?",Q1079,Breaking Bad,Q34804,Albuquerque,infobox,Albuquerque,tvseries,966-4
2091,"The host of Good Eats, Alton Brown, attended which culinary school?",Q4736872,Alton Brown,Q14711929,New England Culinary Institute,kb,New England Culinary Institute,tvseries,696-4
384,What country won the FIFA World Cup in 2010?,Q19317,FIFA World Cup,Q42267,Spain national association football team,infobox,Spain,soccer,128-0
1353,"Which empire did Miguel de Cervantes, the author of Don Quixote, lived in at the time of the book's publication?",Q5682,Miguel de Cervantes,Q600093,Habsburg Spain,infobox,Habsburg Spain,books,450-3
2795,Fantasy novel the lord of the ring book was written by?,Q15228,The Lord of the Rings,Q892,J. R. R. Tolkien,infobox,J. R. R. Tolkien,books,951-0
187,What was the name of the character played by the actress Lindsay Lohan in the movie Mean Girls?,Q44903,Lindsay Lohan,Q51596897,Cady Heron,kb,Cady Heron,movies,62-1
2497,Who was the actor who starred as Scott Calvin in The Santa Clause?,Q24573094,Scott Calvin,Q208408,Tim Allen,text,Tim Allen,movies,833-0
84,Which club team did Virgil van Dijk represent in 2016?,Q133903,Virgil van Dijk,Q18732,Southampton F.C.,infobox,Southampton F.C.,soccer,28-0
4474,On which Nirvana album did the song Smells Like Teen Spirit appear?,Q8446,Kurt Cobain,Q17444,Nevermind,text,Nevermind,music,1514-4
2648,How many Academy awards won by Titanic movie?,Q44578,Titanic,11,11,kb,11,movies,902-2
2605,Who is the head coach in 2018 of Argentina football team?,Q79800,Argentina national football team,Q311586,Lionel Scaloni,kb,Lionel Scaloni,soccer,878-2
1476,Who wrote the book that the movie Ordinary People was based on?,Q503313,Ordinary People,Q513262,Judith Guest,text,Judith Guest,movies,492-1
4574,Date of birth of Kylian Mbappé?,Q21621995,Kylian Mbapp\u00E9,1998-12-20T00:00:00Z,20 December 1998,kb,20 December 1998,soccer,1548-3
4332,"What was the theme music of the series ""Dexter""?",Q23577,Dexter,Q860670,Rolfe Kent,infobox,Rolfe Kent,tvseries,1466-4
308,Who will save Zod and his posse?,Q2924461,DC Comics,Q1357778,Phantom Zone,kb,Phantom Zone,movies,102-2
4570,No. of episodes in Mindhunter?,Q25340152,Mindhunter,19,19,kb,19,tvseries,1547-0
1715,What does the Jaws movie based on?,Q1322449,Jaws,Q189505,Jaws,infobox,Jaws,movies,572-0
4111,What was the budget for the direct sequel Aliens?,Q104814,Aliens,$18.5 million,$18.5 million,infobox,$18.5 million,movies,1392-3
1535,What is the genre of the Rocky  movie?,Q188652,Rocky,Q188473,action film,infobox,"sport film,drama,action film",movies,512-0
4585,Who is the spouse of the Cars movie director John Lasseter?,Q182153,Cars,Nancy Lasseter,Nancy Lasseter,infobox,Nancy Lasseter,movies,1552-2
1215,Where was the drummer Tré Cool born?,Q660106,Tr\u00E9 Cool,Q1794,Frankfurt,kb,Frankfurt,music,404-3
4148,Where did Britney Spears born?,Q11975,Britney Spears,Q846178,McComb,infobox,McComb,music,1404-4
2038,On which date has Chris Kamara born?,Q1077393,Chris Kamara,1957-12-25T00:00:00Z,25 December 1957,kb,25 December 1957,soccer,679-0
2304,In what date Lionel Messi score his first goal with PSG?,Q615,Lionel Messi,2021-09-28T00:00:00Z,28 September 2021,text,28 September 2021,soccer,768-3
1916,Which club played in 2009-2010 in Aleksandr Kerzhakov?,Q201866,Aleksandr Kerzhakov,Q17497,FC Dinamo Moscow,table,FC Dinamo Moscow,soccer,638-3
1313,What was the first year the prime time soap opera Dallas was on TV?,Q168708,Dallas,1978-01-01T00:00:00Z,1978,text,1978,tvseries,437-0
3702,Which actor plays the role of Dexter Morgan in the TV series Dexter?,Q23577,Dexter,Q203268,Michael C. Hall,text,Michael C. Hall,tvseries,1256-0
4391,What year was the actor who played Gary in Are you Afraid of the Dark born?,Q1281148,Ross Hull,1975-01-01T00:00:00Z,1975,kb,1975,tvseries,1486-3
4685,How many seasons does the TV series Survivor have till 2021?,Q28856068,Survivor,41,41,infobox,41,tvseries,1586-2
2209,What is the first date when the TV series Coupling got aired?,Q1137587,Coupling,2000-05-12T00:00:00Z,12 May 2000,table,12 May 2000,tvseries,736-2
3093,Who was the first to review If Beale Street Could Talk?,Q60388749,If Beale Street Could Talk,Q11148,The Guardian,text,The Guardian,books,1050-4
2040,On what subject does the book The Underground Railroad deal with?,Q27957817,The Underground Railroad,Q118382,Slavery in the United States,kb,slavery in the United States,books,680-1
4805,Did Yeon Sang-ho wrote and directed the animated film The King of Pigs?,Q19947205,Yeon Sang-ho,Yes,Yes,table,Yes,tvseries,1626-2
4492,Which university employs Robert Langdon?,Q210548,Robert Langdon,Q13371,Harvard University,kb,Harvard University,books,1520-4
591,What is the genre of the TV series Hanna?,Q343782,action television series,Q48102683,Hanna,infobox,action television series,tvseries,196-4
1913,Which country team played by Aleksandr Kerzhakov?,Q201866,Aleksandr Kerzhakov,Q159,Russia,text,Russia,soccer,638-0
1983,What is the Eragon book Language?,Q185449,Eragon,Q1860,English,infobox,English,books,660-4
4310,"Who was the author of the book ""Under the Volcano""?",Q1570020,Under the Volcano,Q357120,Malcolm Lowry,kb,Malcolm Lowry,books,1460-0
4161,For which country did Xavi played?,Q17500,Xavi,Q29,Spain,text,Spain,soccer,1409-0
2019,What is the real language of the film Shazam!?,Q23685878,Shazam!,Q28224411,English,infobox,English,movies,672-4
3627,What is the genre of the book Maus?,Q59696,Maus,Q36279,biography,text,biography,books,1230-3
570,who is the publisher of the book Alice's Adventures in Wonderland?,Q92640,Alice's Adventures in Wonderland,Q2108217,Macmillan Publishers,text,Macmillan Publishers,books,190-1
3928,Author of the book the Jane Eyre?,Q127332,Charlotte Bront\u00EB,Q182961,Jane Eyre,table,Charlotte Brontë,books,1331-0
1716,What is the genre of the Jaws movie?,Q189505,Jaws,Q130232,drama film,infobox,"thriller film,film based on a novel,drama",movies,572-1
1083,Who wrote Earth's Children book series?,Q999222,Earth's Children hexalogy,Q229996,Jean M. Auel,kb,Jean M. Auel,books,360-3
485,novel Native son published on which date?,Q165599,Native Son,1940-03-01T00:00:00Z,1 March 1940,kb,1 March 1940,books,161-0
4214,Which studios made the 2018 show the Rookie?,Q48744320,The Rookie,Q287218,ABC Signature,text,ABC Studios;Entertainment One,tvseries,1426-4
479,Foundation date of Chicago Fire FC?,Q308683,Chicago Fire Soccer Club,1997-10-08T00:00:00Z,8 October 1997,infobox,"October 8, 1997",soccer,159-0
2749,Who is the narrator of the TV series RadhaKrishn?,Q56485183,RadhaKrishn,Q108347498,Q108347498,infobox,Sourabh Raaj Jain,tvseries,936-1
1796,In how many matches has Dele Alli played for England?,Q10553748,Dele Alli,4,4,table,4,soccer,598-3
322,Who is the production company behind the TV series Peaky Blinders?,Q14944179,Peaky Blinders,Q24039192,BBC Studios,infobox,BBC Studios,tvseries,106-4
2174,Who played drums in Metallica?,Q15920,Metallica,Q106193,Lars Ulrich,infobox,Lars Ulrich,music,724-3
872,Second book in the series of The Immortals of Meluha published?,Q6488199,The Immortals of Meluha,Q6982216,The Secret of the Nagas,infobox,The Secret of the Nagas,books,290-3
3436,What network broadcast this show?,Q110514458,Total Panic,Q154958,Nickelodeon,infobox,Nickelodeon,tvseries,1166-2
3192,Who was the lead singer when the album came out?,Q11895,Guns N\u2019 Roses,Q11895,Guns N\u2019 Roses,text,W. Axl Rose,music,1084-1
3720,Who Story by Passengers?,Q20962283,Passengers,Q6271612,Jon Spaihts,infobox,Jon Spaihts,movies,1262-0
4780,Who is the head coach of Orlando City SC?,Q15214308,Orlando City SC,Q4025482,\u00D3scar Pareja,table,Óscar Pareja,soccer,1618-1
3178,What is the name of the captain for the football club Chelsea in the 2012 Champions League final?,Q9616,Chelsea F.C.,Q41533,Frank Lampard,text,Frank Lampard,soccer,1079-0
2246,What is the occupation of the Florentino Pérez?,Q245207,Florentino P\u00E9rez,Q13582652,civil engineer,text,Civil engineer,soccer,748-4
2738,Which is the first movie produced by Anand Pandit?,Q64009833,Anand Pandit,Q20649396,Great Grand Masti,table,Great Grand Masti,movies,932-2
3758,What genre does this 'Led Zeppelin' band belong to?,Q2331,Led Zeppelin,Q83270,hard rock,infobox,hard rock,music,1274-3
2881,In what year was The World According to Garp published?,Q2507282,The World According to Garp,1978-01-01T00:00:00Z,1978,kb,1978,books,980-1
4618,Director of Above the Law?,Q923195,Above the Law,Q504461,Andrew Davis,kb,Andrew Davis,movies,1563-0
2496,What year was Walt Disney Pictures founded?,Q191224,Walt Disney Pictures,1929-01-01T00:00:00Z,1929,kb,1929,movies,832-4
4442,the Aerosmith band started in year?,Q126826,Aerosmith,1970-01-01T00:00:00Z,1970,table,1970,music,1504-0
2189,Who wrote the poem Divine Comedy?,Q40185,The Divine Comedy,Q1067,Dante Alighieri,text,Dante Alighieri,books,730-0
1648,What is the complete name of Roque Júnior?,Q315831,Roque J\u00FAnior,José Vítor Roque Jr.,José Vítor Roque Jr.,text,José Vítor Roque Jr.,soccer,549-0
854,What was Pink Floyd's first album?,Q2306,Pink Floyd,Q202714,The Piper at the Gates of Dawn,text,The Piper at the Gates of Dawn,music,284-3
2901,Who was the host of the first episode of Saturday Night Live?,Q13979,Saturday Night Live,Q150651,George Carlin,text,George Carlin,tvseries,986-3
1419,What year was Robert Rodriguez born?,Q47284,Robert Rodriguez,1968-01-01T00:00:00Z,1968,infobox,1968,movies,472-4
1851,Who created the American tv sitcom series Friends?,Q79784,Friends,Q237454,Marta Kauffman,infobox,Marta Kauffman;David Crane,tvseries,616-4
3575,what genre of Dolittle movie?,Q38689704,Dolittle,Q319221,adventure film,kb,adventure film,movies,1213-0
3233,Atlético Madrid belongs to which country?,Q2975407,Atl\u00E9tico Madrid C,Q29,Spain,text,Spain,soccer,1098-0
584,From which country belongs to Composer Ryuichi Sakamoto?,Q345494,Ryuichi Sakamoto,Q17,Japan,text,Japan,music,194-3
3630,What is the genre of the movie Batman: Death in the Family?,Q188473,action film,Q98537283,Batman: Death in the Family,kb,action film,movies,1232-0
3803,which year was Different Seasons released?,Q471024,Different Seasons,1982-01-01T00:00:00Z,1982,kb,1982,books,1290-0
2491,Who is Pride and Prejudice's main character?,Q170583,Pride and Prejudice,Q2223341,Elizabeth Bennet,text,Elizabeth Bennet,books,831-0
3520,"Who worked with Coldplay to produce the song ""Yellow""?",Q529026,Yellow,Q2586466,Ken Nelson,infobox,Ken Nelson,music,1194-2
4756,What year was Exodus published?,Q1384109,Exodus,1958-01-01T00:00:00Z,1958,infobox,1958,books,1610-1
2686,who is the song writer of Someone You Loved song?,Q60768202,Someone You Loved,"Lewis Capaldi,Samuel Romans,Thomas Barnes,Peter Kelleher,Benjamin Kohn","Lewis Capaldi,Samuel Romans,Thomas Barnes,Peter Kelleher,Benjamin Kohn",infobox,"Lewis Capaldi,Samuel Romans,Thomas Barnes,Peter Kelleher,Benjamin Kohn",music,914-4
294,What was the nick name of the Columbus Crew Soccer Club?,Q457163,Columbus Crew,"The Crew, The Massive, The Black & Gold","The Crew, The Massive, The Black & Gold",infobox,"The Crew, The Massive, The Black & Gold",soccer,98-0
4400,"Who is the author of ""The Hunt for Red October""?",Q5255573,The Hunt for Red October,Q105167,Tom Clancy,text,Tom Clancy,books,1490-0
3434,"Who hosted ""Where in the World Is Carmen Sandiego?""",Q1678251,Where in the World Is Carmen Sandiego?,Q5605894,Greg Lee,infobox,Greg Lee,tvseries,1166-0
2692,who is the director of True Detective series?,Q7847400,True Detective,Q512103,Cary Joji Fukunaga,text,Cary Joji Fukunaga,tvseries,916-4
61,What is the second book of The Kingkiller Chronicle?,Q2585559,The Kingkiller Chronicle,Q2016359,The Wise Man's Fear,kb,The Wise Man's Fear,books,20-1
2385,what is the original broad caster of dark series?,Q28443710,Dark,Q907311,Netflix,infobox,Netflix,tvseries,796-1
2593,Which instrument played by singer Elvis Presley?,Q303,Elvis Presley,Q6607,guitar,infobox,guitar,music,874-2
1413,What was the name of the police officer chasing Jean Valjean in Les Misérables?,Q180736,Les Mis\u00E9rables,Q2585477,Javert,text,Javert,books,470-4
3628,Where was the narrative location in the book Maus?,Q59696,Maus,Q36,Poland,kb,Poland,books,1230-4
575,Who is the director of the first part The Curse of the Black Pearl  in the flim Pirates of the Caribbean?,Q194318,Pirates of the Caribbean,Q295463,Gore Verbinski,table,Gore Verbinski,movies,192-0
4795,What is the name of Anand Kumar's son?,Q3532582,Anand Kumar,Jagat Kumar,Jagat Kumar,infobox,Jagat Kumar,movies,1622-4
2312,what was the release year of Ulysses novel?,Q6511,Ulysses,1922-01-01T00:00:00Z,1922,kb,1922,books,771-0
2904,In approximately how many countries do people play soccer?,Q2736,soccer,200,200,text,200,soccer,988-0
233,who played Detective Robert Parker in Unbelievable?,Q48743432,Unbelievable,Q1351441,Eric Lange,text,Eric Lange,tvseries,77-0
1577,Who played Mal in Firefly?,Q11622,Firefly,Q342549,Nathan Fillion,kb,Nathan Fillion,tvseries,526-0
3158,When did Robin Williams die?,Q83338,Robin Williams,2014-08-11T00:00:00Z,11 August 2014,kb,11 August 2014,movies,1072-3
4291,Who produced the film Dil?,Q905399,Dil,Q3150542,Indra Kumar,infobox,Indra Kumar; Ashok Thakeria,movies,1453-0
1484,Was the Gordon Lightfoot song Carefree Highway on the album Endless Wire?,Q359552,Gordon Lightfoot,Yes,Yes,text,yes,music,494-3
4741,What is Rob Bourdon's date of birth?,Q19205,Rob Bourdon,1979-01-20T00:00:00Z,20 January 1979,kb,20 January 1979,music,1604-4
3342,Which award has this 'The Who' band been win for?,Q93346,The Who,Q935843,Grammy Lifetime Achievement Award,infobox,Grammy Lifetime Achievement Award,music,1134-4
4813,How many total matches did Pele played for Santos FC?,Q12897,Pel\u00E9,660,660,table,660,soccer,1628-4
4128,What team did New York FC defeated to win the MLS Cup in 2021?,Q13361030,New York City FC,Q1031200,Portland Timbers,table,Portland Timbers,soccer,1398-2
1755,What year was Michael Jackson inducted into the Rock and Roll Hall of Fame?,Q17506997,featured list badge,Q1785694,list of Rock and Roll Hall of Fame inductees,table,"1997, 2001",music,584-4
1986,what is the main subject of the Alien film?,Q103569,Alien,Q181508,extraterrestrial life,infobox,extraterrestrial life,movies,662-1
1964,Was the song Let it be created by The Beatles?,Q1299,The Beatles,Yes,Yes,kb,Yes,music,654-3
1312,How many seasons was Dallas on the air?,Q168708,Dallas,14,14,infobox,14,tvseries,436-4
4830,Who are the co-song writers of the song ''deja vu''?,Q106291700,Deja Vu,Q16733381,Dan Nigro,infobox,Dan Nigro;Taylor SwiftJack;Antonoff;St. Vincent,music,1634-3
3011,What was Queen's first single?,Q15862,Queen,Q597273,Keep Yourself Alive,text,Keep Yourself Alive,music,1024-0
1003,What was Dove Cameron's first single as a featured artist?,Q26186223,Dove Cameron discography,Q20553371,Taste of You,table,Taste of You,music,334-2
1466,Who is married to the football player Steven Gerrard?,Q459830,Steven Gerrard,Q531057,Alex Curran,kb,Alex Curran,soccer,488-3
1151,Which actress played Thena in Eternals?,Q23894629,Eternals,Q13909,Angelina Jolie,kb,Angelina Jolie,movies,383-0
4149,What instrument Britney Spears played?,Q11975,Britney Spears,Q5994,piano,kb,piano,music,1405-0
1972,Who was Sherlock Holmes in Sherlock (TV series)?,Q192837,Sherlock,Q244674,Benedict Cumberbatch,kb,Benedict Cumberbatch,tvseries,657-0
761,"Who originally sang ""A Pirate Looks at Forty""?",Q4658841,A Pirate Looks at Forty,Q726071,Jimmy Buffett,text,Jimmy Buffett,music,254-0
2780,What is the actor's name from the TV series The Big Bang Theory who also starred in the movie School for Scoundrels?,Q8539,The Big Bang Theory,Q190972,Jim Parsons,table,Jim Parsons,tvseries,946-2
1745,How many James Bond Films have been produced by Eon Productions?,Q17437798,good article,Q95686467,production of the James Bond films,text,25,movies,582-0
3499,what genre of The Umbrella Academy series?,Q44535025,The Umbrella Academy,Q1366112,drama television series,kb,"Black comedy, Drama ,Science fiction, Superhero ,Fantasy",tvseries,1187-0
4258,What is the genre of the movie Venom: Let There Be Carnage?,Q188473,action film,Q60498064,Venom: Let There Be Carnage,infobox,action film,movies,1442-2
1540,What genre does the Rocky  film belong to?,Q188652,Rocky,Q188473,action film,infobox,"sport film,drama,action film",movies,513-0
2884,Who starred as T.S. Garp in the 1982 motion picture adaptation of the novel?,Q2507282,The World According to Garp,Q83338,Robin Williams,kb,Robin Williams,books,980-4
3114,Who is the youngest player playing for Germany National Football Team?,Q43310,Germany national association football team,Q27310755,Kai Havertz,table,Kai Havertz,soccer,1058-1
943,What is the pseudonym of the singer Joe Elliot?,Q541573,Joe Elliott,Q23673608,Zeff,kb,Zeff,music,314-2
3992,Who gave the music of the film Swades?,Q1759650,Swades,Q108560,A. R. Rahman,infobox,A. R. Rahman,movies,1352-3
1922,Where is Frodo heading in The Two Towers?,Q332388,The Two Towers,Q202886,Mordor,text,Mordor,books,640-3
512,Who director of Little Women?,Q523076,Little Women,Q271967,Greta Gerwig,infobox,Greta Gerwig,books,170-2
3882,Who composed the TV series Mithai?,Q105095232,Mithai,Suvam Moitra,Suvam Moitra,infobox,Suvam Moitra,tvseries,1316-1
2245,Who is the president of Real Madrid CF?,Q131234,Toni Kroos,Q245207,Florentino P\u00E9rez,infobox,Florentino Pérez,soccer,748-3
1205,Which is the final book in the trilogy His Dark Materials?,Q129240,His Dark Materials trilogy,Q129929,The Amber Spyglass,kb,The Amber Spyglass,books,401-0
1917,Where did Aleksandr Kerzhakov born?,Q201866,Aleksandr Kerzhakov,Q15270,Kingisepp,infobox,Kingisepp,soccer,638-4
3400,What is the rating on Entertainment Weekly of the album Funeral?,Q526196,Funeral,Q4833641,B+,table,B+,music,1154-2
2616,Who directed the film Who Framed Roger Rabbit?,Q379873,Who Framed Roger Rabbit,Q187364,Robert Zemeckis,kb,Robert Zemeckis,movies,882-1
2728,Who was the kit sponsor for Atlanta United FC in 2016 to present?,Q16836317,Atlanta United FC,Q4033399,Adidas,table,Adidas,soccer,928-4
1446,What is the title of the fourth film in the Star Wars film series?,Q21527419,list of Star Wars films,Q165713,Star Wars: Episode I \u2013 The Phantom Menace,table,Star Wars: Episode I – The Phantom Menace,movies,482-1
4194,In Matilda what is the main characters full name?,Q1426188,Matilda,Q6787521,Matilda Wormwood,text,Matilda Wormwood,books,1420-2
3367,Who is the director for the 1998 science fiction movie Armageddon?,Q208344,Armageddon,Q59259,Michael Bay,kb,Michael Bay,movies,1143-0
2302,When did Lionel Messi make his competitive debut in F.C. Barcelona?,Q615,Lionel Messi,Q615,Lionel Messi,text,October 2004,soccer,768-1
2630,What actor played the father of George Costanza in the sitcom Seinfeld?,Q2777013,George Costanza,Q106471752,Frank Costanza,kb,Jerry Stiller,tvseries,886-3
1921,What book followed the Fellowship of the Ring in the Lord of the Rings series?,Q208002,The Fellowship of the Ring,Q332388,The Two Towers,infobox,The Two Towers,books,640-2
791,What was Alexandra Stan's first album?,Q579607,Alexandra Stan discography,Q1933848,Saxobeats,table,Saxobeats,music,264-0
2598,Who is the director of tv series Hellbound?,Q100934044,Hellbound,Q19947205,Yeon Sang-ho,text,Yeon Sang-ho,tvseries,876-1
4450,What is the name of the original broadcaster in Better Call Saul?,Q14925221,Better Call Saul,Q294660,AMC,infobox,AMC,tvseries,1506-2
529,Who is the director of the second season of Elite?,Q53000974,Elite,Q3929980,Ram\u00F3n Salazar,infobox,Ramón Salazar,tvseries,176-1
673,in which award won the best song of MTV Europe music awards in 2021?,Q107341752,Bad Habits,Q4840323,Bad Habits,table,Bad Habits,music,224-2
3309,"What was the genre of the song ""I'm Your Angel""?",Q4922282,I'm Your Angel,"R&B,pop,soul,gospel","R&B,pop,soul,gospel",infobox,"R&B,pop,soul,gospel",music,1124-1
3278,Who is the director of film Black Beauty?,Q85747484,Black Beauty,Q52274421,Ashley Avis,text,Ashley Avis,movies,1113-0
1605,What is the name of the singer Prince's child?,Q7542,Prince,Q108716488,Amiir Gregory Nelson,kb,Amiir Gregory Nelson,music,534-4
4517,What year was the novel Emma written?,Q223880,Emma,1815-01-01T00:00:00Z,1815,kb,1815,books,1530-0
2158,What terminology is used as a more formalized name for the sport of soccer?,Q17437796,featured article,Q2736,soccer,kb,Association football,soccer,719-0
1640,Who played the role of Mohan Rao?,Q110174250,Parampara,Q6122194,Jagapati Babu,text,Jagapathi Babu,tvseries,546-3
4656,What is the number of episodes of the TV series Money Heist?,Q29647346,Money Heist,41,41,table,41,tvseries,1576-3
919,What is the genre of the tv series Loki?,Q188473,action film,Q64349029,Loki,infobox,action film,tvseries,306-2
3601,Which was is They Shall Not Grow Old about?,Q57414487,They Shall Not Grow Old,Q361,World War I,text,World War I,movies,1222-1
3346,The distributed  company of Picket Fences ​tv series was?,Q1247248,Picket Fences,Q2814799,20th Television,infobox,20th Television,tvseries,1136-2
2376,who is the director of photography in avatar movie?,Q24871,Avatar,Q926054,Mauro Fiore,infobox,Mauro Fiore,movies,792-3
1442,In which year was Les Secrets de la princesse de Cadignan published?,Q3235378,Les Secrets de la princesse de Cadignan,1839-01-01T00:00:00Z,1839,text,1839,books,480-3
2764,What is the name of Oscar Wilde's wife?,Q30875,Oscar Wilde,Q445095,Constance Lloyd,kb,Constance Lloyd,books,940-4
2860,Actor Behind Joseph Cooper in Interstellar?,Q13417189,Interstellar,Q188955,Matthew McConaughey,table,Matthew McConaughey,movies,973-0
2574,What is Chicago Fire's home stadium?,Q308683,Chicago Fire Soccer Club,Q1132413,Soldier Field,text,Soldier Field,soccer,868-1
1722,What is the location of formation of the cream band?,Q203736,Cream,Q84,London,infobox,London,music,574-1
1714,What is the major theme of the book Black Beauty?,Q4920353,Black Beauty,Q726,Horse,kb,horse,books,571-0
3854,creator of the TV series Gilmore Girls?,Q193462,Gilmore Girls,Q436780,Amy Sherman-Palladino,kb,Amy Sherman-Palladino,tvseries,1306-3
54,where was the headquarters location of Rayo Vallecano?,Q10300,Rayo Vallecano,Q2807,Madrid,kb,Madrid,soccer,18-0
251,Who is the director of the movie Panga?,Q61995311,Panga,Q28012317,Ashwiny Iyer Tiwari,kb,Ashwiny Iyer Tiwari,movies,83-0
4563,What is the first Hollywood movie A. R. Rahman scored music?,Q108560,A. R. Rahman,Q1462222,Couples Retreat,text,Couples Retreat,music,1544-4
1564,What was the first book by Dr. Seuss?,Q298685,Dr. Seuss,Q7757551,The Pocket Book of Boners,text,The Pocket Book of Boners,books,521-0
4607,"What company originally published the 1973 novel ""The Taking of Pelham One Two Three?""",Q14752446,The Taking of Pelham One Two Three,Q3093062,G. P. Putnam's Sons,text,G. P. Putnam's Sons,books,1560-0
1034,What is the full name of the singer Demi Lovato?,Q41173,Demi Lovato,Demetria Devonne Lovato,Demetria Devonne Lovato,text,Demetria Devonne Lovato,music,344-3
231,Which character in the TV series Better call saul was played by Maximino Arciniega?,Maximino Arciniega,Maximino Arciniega,Q14925221,Better Call Saul,text,Domingo Molina,tvseries,76-3
3841,What is the title of the movie that is sequel to Iron Man 2?,Q205028,Iron Man 2,Q209538,Iron Man 3,text,Iron Man 3,movies,1302-2
3917,Which European team did Neymar represent in 2016?,Q142794,Neymar,Q7156,FC Barcelona,text,FC Barcelona,soccer,1328-0
2514,Who is currently the head coach of the Spanish Olympic football team?,Q2637337,Spain national under-23 football team,Q3840425,Luis de la Fuente,infobox,Luis de la Fuente,soccer,838-4
501,How many seasons are there of the TV series Riverdale?,Q23001951,Riverdale,6,6,infobox,6,tvseries,166-3
2104,Release year of last Percy Jackson & the Olympians book?,Q213167,Percy Jackson & the Olympians,2009-01-01T00:00:00Z,2009,infobox,2009,books,701-0
1607,What comic is the show Riverdale based on?,Q23001951,Riverdale,Q20715415,Archie,infobox,Archie,tvseries,536-0
752,"What genre does The Long Way to a Small, Angry Planet belong to?",Q41663451,"The Long Way to a Small, Angry Planet",Q24925,science fiction,infobox,Science fiction,books,250-3
2803,who performed without me song?,Q57903096,Without Me,Q57393247,Without Me,text,Halsey,music,954-1
860,What was the last year The Oprah Winfrey Show was on the air?,Q694106,The Oprah Winfrey Show,2011-01-01T00:00:00Z,2011,text,2011,tvseries,286-3
1871,Who was the lead singer of the band Queen?,Q15862,Queen,Q15869,Freddie Mercury,text,Freddie Mercury,music,624-0
1680,Which author wrote The Adventures of Tom Sawyer and Adventures of Huckleberry Finn?,Q215410,Adventures of Huckleberry Finn,Q7245,Mark Twain,infobox,Mark Twain,books,560-1
1404,hich place did the N'Golo Kanté's  birthplace?,Q16665941,N'Golo Kant\u00E9,Q84907994,Paris,infobox,Paris,soccer,468-1
2136,What costume designer received an Oscar nomination for working on the film Airport?,Q409022,Airport,Q234961,Edith Head,table,Edith Head,movies,712-1
1515,Which is the country of origin of RCA records?,Q202585,RCA Records,Q64146392,United States,infobox,United States,music,504-4
3497,How many seasons of The Umbrella Academy series?,Q44535025,The Umbrella Academy,2,2,infobox,2,tvseries,1186-3
65,Release year of The Kingkiller Chronicle?,Q2585559,The Kingkiller Chronicle,2007-01-01T00:00:00Z,2007,infobox,2007,books,21-0
2097,What year did Inter Milan win their first FIFA Club World Cup?,Q631,Inter Milan,2010-01-01T00:00:00Z,2010,table,2010,soccer,698-4
1948,How many players does a soccer team have?,Q2736,soccer,11,11,infobox,11,soccer,649-0
2938,Which football club did Robert Lewandowski play for in the year 2020?,Q151269,Robert Lewandowski,Q15789,FC Bayern Munich,table,FC Bayern Munich,soccer,998-4
3248,What is the release date of the movie Newton?,Q28914754,Newton,2017-09-22T00:00:00Z,22 September 2017,kb,22 September 2017,movies,1102-3
4503,Did Beck ever work with DGC records?,Q11901,Beck,Yes,Yes,kb,Yes,music,1524-4
1870,Who was the titular character in the first Superman movie?,Q213053,Superman,Q174311,Christopher Reeve,text,Christopher Reeve,movies,623-0
3961,"What was character name of Scarlett Johansson in the movie ""Black Widow""?",Q23894626,Black Widow,Q23895063,Natasha Romanoff,text,Natasha Romanoff,movies,1342-2
414,Where do the Portland Timbers play their home games?,Q1031200,Portland Timbers,Q262291,Providence Park,infobox,https://www.Q262291,soccer,138-0
1426,What city is the band Styx originally from?,Q590102,Styx,Q1297,Chicago,infobox,Chicago,music,475-0
4611,What is the Knickerbocker Building's currently being used for?,Q6422047,Knickerbocker Building,Q6422047,Knickerbocker Building,text,Residential lofts,books,1560-4
818,"Who was the composer of the movie ""The Matrix""?",Q83495,The Matrix,Q207859,Don Davis,kb,Don Davis,movies,272-3
2933,What is the Spanish name of the TV series Money Heist?,Q29647346,Money Heist,La casa de papel,La casa de papel,text,La casa de papel,tvseries,997-0
3943,Who is the screenwriter of the tv series Hospital Playlist?,Q83625648,Hospital Playlist,Q16091037,Lee Woo-jung,text,Lee Woo-jung,tvseries,1336-2
4121,Who created Star Trek: The Next Generation the tv series?,Q16290,Star Trek: The Next Generation,Q191716,Gene Roddenberry,infobox,Gene Roddenberry,tvseries,1396-1
2225,Who is the spouse of the Hardik Mehta?,Q35488479,Hardik Mehta,Akanksha Tewari,Akanksha Tewari,text,Akanksha Tewari,movies,742-1
4180,From which series was Joey a spin-off?,Q319817,Joey,Q79784,Friends,text,Friends,tvseries,1416-0
3668,What is the rating of album Punisher on The A.V. Club?,Q96419213,Punisher,Q30308828,A-,table,A-,music,1244-2
3467,Name the actor playing the role of Ethan Burke in the TV series Wayward Pines?,Q16867394,Wayward Pines,Q193070,Matt Dillon,table,Matt Dillon,tvseries,1176-3
2006,What is the date of birth of the Alisson ?,Q18237361,Alisson,1992-10-02T00:00:00Z,2 October 1992,infobox,2 October 1992,soccer,668-3
3330,What is the origin city of Don Quixote?,Q480,Don Quixote,Q29,Spain,infobox,Spain,books,1130-4
43,which date releasing the Netherlands country Save Your Tears song?,Q96405034,Save Your Tears,2020-08-09T00:00:00Z,9 August 2020,table,"August 9, 2020",music,14-1
3098,Which artist created the most memorable song on the Juice soundtrack?,Q6305167,Juice,Q785051,Naughty by Nature,table,Naughty by Nature,movies,1052-3
2680,who is the composer of The Witches movie?,Q63630439,The Witches,Q313537,Alan Silvestri,infobox,Alan Silvestri,movies,912-4
3690,Which actor was once married to Angelina Jolie and Jennifer Aniston?,Q13909,Angelina Jolie,Q35332,Brad Pitt,text,Brad Pitt,movies,1252-0
2707,"Who won the Best Film Music award in the 26th British Academy Film Awards for the movie ""The Godfather""?",Q47703,The Godfather,Q214665,Nino Rota,table,Nino Rota,movies,922-1
2765,What is the publication year of the book The Picture of Dorian Gray?,Q82464,The Picture of Dorian Gray,1890-01-01T00:00:00Z,1890,kb,1890,books,941-0
4259,Who is the director of the movie Venom: Let There Be Carnage?,Q60498064,Venom: Let There Be Carnage,Q206922,Andy Serkis,infobox,Andy Serkis,movies,1442-3
1676,What is the award received in 2017 by Alessandro Del Piero?,Q624,Alessandro Del Piero,Q1847685,Italian Football Hall of Fame,kb,Italian Football Hall of Fame,soccer,558-3
2545,Which country has the most world cup titles in soccer?,Q19317,FIFA World Cup,Q155,Brazil,text,Brazil,soccer,849-0
80,What was Kelly Overton date of birth?,Q461131,Kelly Overton,1978-08-28T00:00:00Z,28 August 1978,kb,28 August 1978,tvseries,26-2
1864,Who joined the Three Musketeers in the novel Three Musketeers?,Q140527,The Three Musketeers,Q12306805,D'Artagnan,text,D'Artagnan,books,621-0
3715,When was Enola Holmes?,Q65032692,Enola Holmes,2020-09-23T00:00:00Z,23 September 2020,table,23 September 2020,books,1260-1
1734,What is the family name of the Memphis Depay?,Q1894,Memphis Depay,Q106465633,Depay,infobox,Depay,soccer,578-1
1024,Novel Train to Pakistan published in year?,Q3764753,Train to Pakistan,1956-01-01T00:00:00Z,1956,infobox,1956,books,341-0
3684,Who wrote Romeo and Juliet?,Q83186,Romeo and Juliet,Q692,William Shakespeare,kb,https://www.Q692,books,1250-0
2578,in which year was Chicago Fire formed?,Q308683,Chicago Fire Soccer Club,1997-01-01T00:00:00Z,1997,infobox,1997,soccer,869-0
2918,When was Clint Eastwood born?,Q43203,Clint Eastwood,1930-05-31T00:00:00Z,31 May 1930,kb,31 May 1930,movies,992-2
4447,The year this Aerosmith band began?,Q126826,Aerosmith,1970-01-01T00:00:00Z,1970,table,1970,music,1505-0
1638,How many seasons are there in Parampara?,Q110174250,Parampara,1,1,infobox,1,tvseries,546-1
3055,What is the position played on team by Harry Kane born?,Q280658,forward,Q969725,Harry Kane,text,forward,soccer,1038-2
4422,Who created Tony Soprano in The Sopranos?,Q1049580,Tony Soprano,Q381982,David Chase,infobox,David Chase,tvseries,1496-4
3252,What is the release date of the music album Aap Kaa Surroor?,Q4661623,Aap Kaa Surroor,2007-06-29T00:00:00Z,29 June 2007,text,29 June 2007,music,1104-1
2869,Who Played of Royal Mint?,Q733486,Royal Mint of Spain,Q29,Spain,infobox,Spain,tvseries,976-1
4102,Who wrote the science fiction novel The Martian?,Q17111624,The Martian,Q18590295,Andy Weir,kb,Andy Weir,books,1390-0
3847,Which NSYNC band member married Jessica Biel?,Q154454,NSYNC,Q43432,Justin Timberlake,kb,Justin Timberlake,music,1304-2
1282,Which is the debut movie of Nathan Barr?,Q111777,Nathan Barr,Q5639568,Hairshirt,text,Hairshirt,tvseries,426-4
4062,Narrative location of 'Downton Abbey' ​series?,Q83071,Downton Abbey,Q163,Yorkshire,infobox,Yorkshire,tvseries,1376-1
1859,What character joined the titular Three Musketeers in their adventures?,Q140527,The Three Musketeers,Q12306805,D'Artagnan,text,D'Artagnan,books,620-0
4216,What year did soccer join the olympics?,Q2736,soccer,1900-01-01T00:00:00Z,1900,table,1900,soccer,1428-0
4882,Who is the director of Baahubali movie?,Q21001674,Baahubali 2: The Conclusion,Q3521531,S. S. Rajamouli,infobox,S. S. Rajamouli,movies,1652-1
4661,For which club is Lionel Messi playing now?,Q615,Lionel Messi,Q483020,Paris Saint-Germain F.C.,infobox,Paris Saint-Germain F.C.,soccer,1578-2
3545,"Who won the best director award in Saturn award for""Jurassic Park""?",Q167726,Jurassic Park,Q8877,Steven Spielberg,table,Steven Spielberg,movies,1202-3
3048,Which comics based on the tv series Riverdale?,Q23001951,Riverdale,Q4786600,Archie,text,Archie,tvseries,1036-1
2391,From witch date kylian mbappe work period start?,Q21621995,Kylian Mbapp\u00E9,2015-12-02T00:00:00Z,2 December 2015,infobox,2 December 2015,soccer,798-1
2867,Who is country madonna?,Q1744,Madonna,Q857880,French Canadian,text,French Canadian;Italian American,music,975-1
2628,What actor played George Costanza in the sitcom Seinfeld?,Q2777013,George Costanza,Q311754,Jason Alexander,kb,Jason Alexander,tvseries,886-1
2672,who wrote the Homeland Elegies novel?,Q105082070,Homeland Elegies,Q4830797,Ayad Akhtar,infobox,Ayad Akhtar,books,910-2
2958,Who is the editor of the TV series Made in Heaven?,Q62059534,Made in Heaven,Q4782324,Apurva Asrani,kb,Apurva Asrani,tvseries,1006-0
3667,What is the rating of album Punisher on Metacritic?,Q96419213,Punisher,90/100,90/100,table,90/100,music,1244-1
936,What is the name of the director of the movie The Terminator?,Q162255,The Terminator,Q42574,James Cameron,text,James Cameron,movies,312-1
1725,The cream music band was influenced by?,Q203736,Cream,Q1407424,The Jimi Hendrix Experience,infobox,The Jimi Hendrix Experience,music,574-4
4452,Narrative location of 'Better Call Saul' ​series?,Q14925221,Better Call Saul,Q1522,New Mexico,infobox,New Mexico,tvseries,1506-4
2406,What is the original language of the movie lord of the rings?,Q190214,The Lord of the Rings trilogy,Q1860,English,kb,English,movies,802-4
2351,What is the date of birth of the Singer Jagjit Singh?,Q25094800,Sajda,1941-02-08T00:00:00Z,8 February 1941,text,8 February 1941,music,784-2
2871,Which charecter in the tv series Money Heist was Played By Professor?,Q55194580,Professor,Q37563031,Marquina,kb,Professor,tvseries,976-3
3984,Which is the second last novel of the book series Millennium?,Q847022,Millennium,Q41103935,The Girl Who Takes an Eye for an Eye,table,The Girl Who Takes an Eye for an Eye,books,1350-1
992,Where is Hampshire?,Q23204,Hampshire,Q48015,South East England,kb,South East England,books,330-3
3034,Charlotte's Web genre?,Q45735,Charlotte's Web,Q21615367,children's novel,infobox,children's novel,books,1031-0
22,Who produces the tv series Lucifer?,Q19520525,Lucifer,Q443919,Karen Gaviola,kb,Karen Gaviola,tvseries,6-4
4039,who is the head coach of Domenico Tedesco team?,Q702455,RB Leipzig,Q28916689,Domenico Tedesco,infobox,Domenico Tedesco,soccer,1368-2
3904,Actress behind the Savannah in Whitney Houston?,Q736254,Waiting to Exhale,Q34389,Whitney Houston,text,Whitney Houston,movies,1323-0
2472,This eagles band has how many members?,Q189635,Eagles,7,7,infobox,7,music,824-4
3125,Who directed Raiders of the Lost Ark?,Q174284,Raiders of the Lost Ark,Q8877,Steven Spielberg,infobox,Steven Spielberg,movies,1062-0
3294,What is the award received in 2020 by Robert Lewandowski?,Q311830,Footballer of the Year,Q151269,Robert Lewandowski,text,Footballer of the Year,soccer,1118-3
90,Who wrote the book Wuthering Heights?,Q202975,Wuthering Heights,Q80137,Emily Bront\u00EB,infobox,Emily Brontë,books,30-0
3128,Where does Raiders of the Lost Ark take place?,Q174284,Raiders of the Lost Ark,Q98039362,Indiana Jones universe,kb,Indiana Jones Universe,movies,1062-3
4908,What is the name of the author of The Eye of the World from the Wheel of Time book series?,Q477994,The Eye of the World,Q166351,Robert Jordan,text,Robert Jordan,books,1660-2
2590,Movie name of the first part of Spider man?,Q484442,Spider-Man,Q18636789,Spider-Man trilogy,text,Spider-Man trilogy,movies,873-0
2049,What number of children does the actress Cate Blanchett have?,Q80966,Cate Blanchett,4,4,kb,4,movies,682-4
911,Which instrument played by the Composer Ennio Morricone?,Q23848,Ennio Morricone,Q8338,trumpet,text,trumpet,music,304-0
2840,"Who was the composer of the series ""Breaking Bad""?",Q1079,Breaking Bad,Q16734639,Dave Porter,kb,Dave Porter,tvseries,966-3
3375,Who is Kiefer Sutherland's father?,Q103946,Kiefer Sutherland,Q103784,Donald Sutherland,kb,Donald Sutherland,tvseries,1146-1
1634,Which is the previous album in chronology?,Q96054303,RTJ4,Q28127628,Run the Jewels 3,infobox,Run the Jewels 3,music,544-3
51,How many total episodes in Mindhunter  series?,Q25340152,Mindhunter,19,19,table,19,tvseries,16-3
3177,What is Christine Bleakley's occupation?,Q5110936,Christine Bleakley,Q947873,television presenter,kb,television presenter,soccer,1078-4
4646,What is the date of birth of the director Peter Jackson?,Q4465,Peter Jackson,1961-10-31T00:00:00Z,31 October 1961,infobox,31 October 1961,movies,1572-4
4339,Inception year of the soccer club New England Revolution?,Q309095,New England Revolution,1995-01-01T00:00:00Z,1995,kb,1995,soccer,1469-0
845,Who is the author of the book the movie Kramer vs. Kramer is based on?,Q193577,Kramer vs. Kramer,Q352325,Avery Corman,text,Avery Corman,movies,282-0
1150,What year did The Rage: Carrie 2 come out?,Q532461,The Rage: Carrie 2,1999-01-01T00:00:00Z,1999,infobox,1999,movies,382-4
437,Name of the singer who acted in the 1997 film Selena?,Q751130,Selena,Q40715,Jennifer Lopez,text,Jennifer Lopez,music,145-0
2613,Who was the daughter of Alexandre Manette in A Tale of Two Cities?,Q308918,A Tale of Two Cities,Q6696983,Lucie Manette,text,Lucie Manette,books,880-4
447,What is the founding year of Everton F.C.?,Q5794,Everton F.C.,1878-01-01T00:00:00Z,1878,kb,1878,soccer,148-3
4461,Who directed the 1981 motion picture adaptation of Peter Straub's novel Ghost Story?,Q5557174,Ghost Story,Q1700561,John Irvin,text,John Irvin,books,1510-3
4838,"Seasons of ""The Walking Dead""?",Q232737,The Walking Dead,11,11,kb,11,tvseries,1637-0
1781,What is the release date of the album Purple Rain?,Q253004,Purple Rain,1984-06-25T00:00:00Z,25 June 1984,kb,25 June 1984,music,594-0
4009,What is the postal code of Drongen?,Q1260195,Drongen,9031-01-01T00:00:00Z,9031,infobox,9031,soccer,1358-2
3003,Who was the city named after?,Q1184857,Wilkinsburg,Q6264040,"John Wilkins, Jr.",text,John Wilkins Jr.,books,1020-4
1237,Which actor portrayed Miguel Bain's target in the 1995 film Assassins?,Q739498,Assassins,Q40026,Sylvester Stallone,text,Sylvester Stallone,movies,412-1
607,What is the origin city of The Silence movie?,Q50418548,The Silence,Q183,Germany,infobox,Germany,movies,202-2
618,What is The Following television series' producing company?,Q1189631,The Following,Q126399,Warner Bros.,infobox,Warner Bros,tvseries,206-1
1573,What neighborhood is the musical In the Heights set?,Q12810054,In the Heights,Q1370292,"Washington Heights, Manhattan",text,"Washington Heights, Manhattan",music,524-2
4630,What show were the Olsen twins first on?,Q208415,Mary-Kate and Ashley Olsen,Q465472,Full House,text,Full House,tvseries,1567-0
3094,Who created the book If Beale Street Could Talk?,Q60388749,If Beale Street Could Talk,Q273210,James Baldwin,infobox,James Baldwin,books,1051-0
4453,What is the main topic of the television series Better Call Saul?,Q14925221,Better Call Saul,Q53094,black comedy,infobox,black comedy,tvseries,1507-0
674,who is the performer of Bad Habits song?,Q107341752,Bad Habits,Q47447,Ed Sheeran,text,Ed Sheeran,music,224-3
416,What team won that game?,Q16191936,Soccer Bowl '77,Q646135,New York Cosmos,infobox,New York Cosmos,soccer,138-2
2984,what is the length of the dance monkey song?,Q65071242,Dance Monkey,3:29,3:29,infobox,3:29,music,1014-3
4849,What is the genre of Dragonriders of Pern book series?,Q1254342,Dragonriders of Pern,Q1080374,science fantasy,kb,science fantasy,books,1640-4
775,Who scored the most goals on the Portland Thorns in 2018?,Q1446672,Portland Thorns FC,Q6552885,Lindsey Horan,table,Lindsey Horan,soccer,258-2
1343,Who played as Simone Andersen in The Rain Tv series?,Q48855569,The Rain,Q16159216,Alba August,infobox,Alba August,tvseries,447-0
3822,Who played the part Sam Winchester Supernatural?,Q130585,Supernatural,Q215757,Jared Padalecki,,Jared Padalecki,tvseries,1296-1
4721,Which national team Mohamed Salah playing for?,Q1354960,Mohamed Salah,Q28089,Egypt national football team,infobox,Egypt national football team,soccer,1598-2
3139,How many daily views did the Rachael Ray Show get on average during its first season?,Q2299337,Rachael Ray,2.6 million,2.6 million,text,2.6 million,tvseries,1066-2
2138,"Who was the author of the novel Airport, the source material for the 1970 film of the same name?",Q409022,Airport,Q249544,Arthur Hailey,infobox,Arthur Hailey,movies,712-3
2469,What city did they create their 'eagles' band?,Q189635,Eagles,Q65,Los Angeles,infobox,Los Angeles,music,824-1
3170,Who is Victoria Coren Mitchell's husband?,Q292973,Victoria Coren Mitchell,Q457134,David Mitchell,kb,David Mitchell,tvseries,1076-3
4071,What is Bruno Fernandes height?,Q1912,Karim Benzema,185 centimetre,185 centimetre,infobox,185 centimetre,soccer,1379-0
4942,Who played the lead astronaut role in the movie The Martian?,Q18547944,The Martian,Q175535,Matt Damon,kb,Matt Damon,movies,1672-0
638,Which was the first award won by the movie The Matrix?,Q83495,The Matrix,Q19020,Academy Awards,table,Academy Awards,movies,212-3
4903,Who is the main sponser of Neymer?,Q142794,Neymar,Q51482,Red Bull,infobox,Red Bull,soccer,1658-3
3798,What was Bob Bradley's previous job before he took the job as the head coach of the United States men's national soccer team?,Q442325,Bob Bradley,Q642433,C.D. Chivas USA,table,Head coach of Chivas USA,soccer,1288-1
2528,What is the professional name of the popular rapper also known as Slim Shady?,Q19929372,Slim Shady,Q5608,Eminem,text,Eminem,music,844-0
2880,What is the title of John Irving's fourth novel?,Q310379,John Irving,Q2507282,The World According to Garp,text,The World According to Garp,books,980-0
3091,Where is If Beale Street Could Talk street Beale Street?,Q60388749,If Beale Street Could Talk,Q5303503,Downtown Memphis,text,Downtown Memphis TN,books,1050-2
1234,Who was the first editor for the newspaper The Times?,Q50008,The Times,Q322295,John Walter,table,John Walter,books,410-4
1095,which orchestra performed Ilaiyaraaja's first symphony score?,Q2720141,Ilaiyaraaja,Q856125,Royal Philharmonic Orchestra,infobox,Royal Philharmonic Orchestra,music,364-3
784,Year of Mirrorshades first publication?,Q2085020,Mirrorshades,1986-01-01T00:00:00Z,1986,kb,1986,books,261-0
2079,The type of car driven by James Dean when he was killed in an automobile accident?,Q83359,James Dean,Q1134282,Porsche 550,text,Porsche 550,movies,692-4
974,What is the name of Justin Bieber spouse?,Q34086,Justin Bieber,Q20983703,Hailey Baldwin,infobox,Hailey Baldwin,music,324-3
2853,Is Sirius Black a member of Prisoner of Azkaban in harry potter?,Q713701,Sirius Black,Yes,Yes,table,Yes,books,970-4
4314,"What was the genre of the book ""Under the Volcano""?",Q1570020,Under the Volcano,Q3056541,autobiographical novel,kb,autobiographical novel,books,1460-4
1892,Who is the narrator of the book The Name of the Rose?,Q172850,The Name of the Rose,Q3605841,Adso of Melk,kb,Adso of Melk,books,630-3
4747,In what year was Alexander Skarsgård born?,Q310637,Alexander Skarsg\u00E5rd,1976-01-01T00:00:00Z,1976,kb,1976,tvseries,1606-4
516,What Story by 12 Years a Slave?,Q3023357,12 Years a Slave,Q362930,John Ridley,kb,John Ridley,movies,172-0
3871,Who is the brother of Anurag Kashyap?,Q2839609,Anurag Kashyap,Q4667435,Abhinav Kashyap,infobox,Abhinav Kashyap,movies,1312-2
4342,Who was the creator of the character of Jeeves?,Q521812,Jeeves,Q207515,P. G. Wodehouse,kb,P.G. Wodehouse,books,1470-2
1053,"How many pages in the book ""Little Women""?",Q523076,Little Women,759,759,infobox,759,books,350-4
2822,"What was the publishing country of the book ""To Kill a Mockingbird""?",Q212340,To Kill a Mockingbird,Q30,United States of America,kb,United States of America,books,960-2
1797,How many goals has Dele Alli scored for England?,Q10553748,Dele Alli,3,3,table,3,soccer,598-4
1897,Who distributes the film Smallfoot?,Q30607974,Smallfoot,Q126399,Warner Bros.,text,Warner Bros.,movies,632-2
4709,Drummer of Fleetwood Mac band?,Q106648,Fleetwood Mac,Q508439,Mick Fleetwood,kb,Mick Fleetwood,music,1594-2
4543,What member of the San Jose Earthquakes won the Landon Donovan MVP Award in 201?,Q575370,San Jose Earthquakes,Q1077877,Chris Wondolowski,table,Chris Wondolowski,soccer,1538-2
3039,Who distributed the film series The Chronicles of Narnia?,Q1211909,The Chronicles of Narnia,Q1323594,Walt Disney Studios Motion Pictures,infobox,Walt Disney Studios Motion Pictures,movies,1032-4
3352,which citizenship Bruno Fernandes have?,Q4979316,Bruno Fernandes,Q45,Portugal,infobox,Portugal,soccer,1138-2
2711,Running time of the movie The Godfather?,Q47703,The Godfather,177 minutes,177 minutes,infobox,177 minutes,movies,923-0
1844,Which music channel bought the right to broadcast the ARIA Hall of Fame ceremony in 2006?,Q4653736,ARIA Hall of Fame,Q6718671,MTV Classic Australia,text,VH1 Australia,music,614-3
636,How many sequels was there in The Matrix film series?,Q83495,The Matrix,Q24212918,Three,text,Three,movies,212-1
4753,What is the name of Fabio Cannavaro's brother?,Q102027,Fabio Cannavaro,Q311956,Paolo Cannavaro,kb,Paolo Cannavaro,soccer,1608-4
3332,What is the genre of the film Skyfall?,Q4941,Skyfall,Q3990883,action thriller,infobox,action thriller,movies,1132-0
4354,Who was the inspiration of the song Drops of Jupiter (Tell Me)?,Q2521798,Drops of Jupiter,Patricia Ann (née Timon) Monahan,Patricia Ann (née Timon) Monahan,text,Patricia Ann (née Timon) Monahan,music,1474-2
1427,What year did Warehouse 13 come out?,Q595889,Warehouse 13,2009-01-01T00:00:00Z,2009,infobox,2009,tvseries,476-0
3264,Who is the captain of the Belgium national football team?,Q166776,Belgium national football team,Q214204,Eden Hazard,infobox,Eden Hazard,soccer,1108-3
4936,What year was the first book of Discworld the comic fantasy book series released?,Q3257270,Discworld books,1983-01-01T00:00:00Z,1983,kb,1983,books,1670-0
2479,What is the main topic of the HBO television series Game of Thrones?,Q23572,Game of Thrones,Q21015762,Iron Throne,text,Iron Throne,tvseries,827-0
3084,How many International goals did Robert Lewandowski scored?,Q151269,Robert Lewandowski,74,74,text,74,soccer,1048-1
2823,"Who was the publisher of the book ""To Kill a Mockingbird""?",Q212340,To Kill a Mockingbird,Q15077094,J. B. Lippincott & Co.,kb,J. B. Lippincott & Co.,books,960-3
3090,Where is James Baldwin from?,Q273210,James Baldwin,Q60388749,If Beale Street Could Talk,kb,Harlem,books,1050-1
2433,Who was the cinematographer on A Wrinkle in Time?,Q24301388,A Wrinkle in Time,Q2437689,Tobias A. Schliessler,table,Tobias A. Schliessler,movies,812-1
3415,What is the birth date of Serge Gnabry?,Q59490,Serge Gnabry,1995-07-14T00:00:00Z,14 July 1995,kb,14 July 1995,soccer,1159-0
4625,On what TV show did the Olsen twins first appear?,Q208415,Mary-Kate and Ashley Olsen,Q465472,Full House,text,Full House,tvseries,1566-0
4004,Which is the debut movie of Kevin Alejandro?,Q1282510,Kevin Alejandro,Q30513003,Purgatory Flats,table,Purgatory Flats,tvseries,1356-3
956,What date was the football club Juventus F.C. found?,Q1422,Juventus F.C.,1897-11-01T00:00:00Z,1 November 1897,kb,1 November 1897,soccer,318-3
4042,Which country of RB Leipzig team?,Q702455,RB Leipzig,Q183,Germany,kb,Germany,soccer,1369-0
1553,What is the country of citizenship of the player Harry Kane ?,Q969725,Harry Kane,Q145,United Kingdom,infobox,United Kingdom,soccer,518-0
700,Actor behind the role Victoria Olsen in Oblivion movie?,Q638544,Oblivion,Q289545,Andrea Riseborough,kb,Andrea Riseborough,movies,233-0
2052,What is the name of the lead singer who sang My Generation?,Q8353114,My Generation,Q311672,Roger Daltrey,text,Roger Daltrey,music,684-1
2232,Who is the main singer of the album Vande Mataram?,Q12452104,Vande Mataram,Q108560,A. R. Rahman,text,A. R. Rahman,music,744-2
1753,What year was Michael Jackson born?,Q17437796,featured article,1958-01-01T00:00:00Z,1958,infobox,1958,music,584-2
3357,"When was Angels & Demons, the first book in the Robert Landon series, published?",Q83561430,Robert Langdon series,2000-05-01T00:00:00Z,1 May 2000,table,01 May 2000,books,1140-1
1241,"Antonio Banderas played an assassin, Miguel Bain, in which 1995 action thriller film?",Q41548,Antonio Banderas,Q739498,Assassins,table,Assassins,movies,413-0
4921,When was the album Garlands by Cocteau Twins released?,Q3758381,Garlands,1982-07-10T00:00:00Z,10 July 1982,infobox,10 July 1982,music,1664-3
1523,What is the full name of Salif Diao?,Q350785,Salif Diao,Salif Alassane Diao,Salif Alassane Diao,kb,Salif Alassane Diao,soccer,508-0
3414,What is the Dialling code of Stuttgart?,Q1022,Stuttgart,0711-01-01T00:00:00Z,0711,infobox,0711,soccer,1158-4
2645,No. of books in Earth's Children series?,Q999222,Earth's Children hexalogy,6,6,kb,6,books,901-0
1729,What is the publication date of the Mortal television series?,Q65940913,Mortal,2020-01-01T00:00:00Z,2020,infobox,2020,tvseries,576-2
352,Who distributes the tv series Alice in Borderland?,Q103967305,Alice in Borderland,Q907311,Netflix,kb,Netflix,tvseries,116-4
3374,Who played the central character Jack Bauer in the action drama tv series 24?,Q56194,24,Q103946,Kiefer Sutherland,infobox,Kiefer Sutherland,tvseries,1146-0
1616,What stadium is the home venue of the club Inter Milan?,Q631,Inter Milan,Q133566,Stadio Giuseppe Meazza,infobox,Stadio Giuseppe Meazza,soccer,538-3
1643,What is the full name of Roque Júnior?,Q315831,Roque J\u00FAnior,José Vítor Roque Jr.,José Vítor Roque Jr.,text,José Vítor Roque Jr.,soccer,548-0
389,Which country was the winner of the FIFA World Cup in 2010?,Q19317,FIFA World Cup,Q42267,Spain national association football team,infobox,Spain,soccer,129-0
1456,The music band Fugazi formed in which year?,Q277865,Fugazi,1986-01-01T00:00:00Z,1986,infobox,1986,music,485-0
4470,"Which groundbreaking ""grunge"" musician committed suicide in 1994?",Q11365,grunge,Q8446,Kurt Cobain,text,Kurt Cobain,music,1514-0
2572,What British sitcom is Three's Company an adaptation of?,Q245996,Three's Company,Q2265954,Man About the House,infobox,Man About the House,tvseries,867-0
4837,"What was the country of origin of ""The Walking Dead"" TV series?",Q232737,The Walking Dead,Q64146392,United States,infobox,United States,tvseries,1636-4
4073,What is the second book of The Farseer Trilogy?,Q2512889,The Farseer Trilogy,Q2500981,Assassin's Quest,infobox,Assassin's Quest,books,1380-1
2855,Who played Joseph Cooper in Interstellar?,Q13417189,Interstellar,Q188955,Matthew McConaughey,table,Matthew McConaughey,movies,972-0
2008,What country does Alisson have citizenship in?,Q18237361,Alisson,Q155,Brazil,infobox,Brazil,soccer,669-0
331,who is the publisher of the book the Tale of peter Rabbit?,Q214565,Beatrix Potter,Q580463,The Tale of Peter Rabbit,text,Frederick Warne & Co,books,110-1
3774,Which actor played Carl Lee Hailey in the 1996 movie adaptation of A Time to Kill?,Q1213715,A Time to Kill,Q172678,Samuel L. Jackson,text,Samuel L. Jackson,books,1280-1
3851,Who played the role of Lorelai's daughter in Gilmore Girls?,Q193462,Gilmore Girls,Q192887,Alexis Bledel,text,Alexis Bledel,tvseries,1306-0
450,"Who was the writer of the novel ""Nineteen Eighty-Four""?",Q208460,Nineteen Eighty-Four,Q3335,George Orwell,kb,George Orwell,books,150-0
4829,What was the genre of the song ''deja vu''?,Q106291700,Deja Vu,Psychedelic pop,Psychedelic pop,infobox,Psychedelic pop;pop rock;art pop;indie pop,music,1634-2
3932,Who is the screen writer of the flim Ratatouille?,Q170035,Ratatouille,Q310960,Brad Bird,text,Brad Bird,movies,1332-3
948,What is the name of the actor playing the character role of Harvey Specter in the TV series Suits?,Q18509256,Harvey Specter,Q320651,Gabriel Macht,kb,Gabriel Macht,tvseries,316-1
2865,Names of married partner madonna?,Q1744,Madonna,Q192990,Guy Ritchie,table,Guy Ritchie;Sean Penn,music,974-4
879,When was the TV series The Mummy telecasted?,Q1214882,The Mummy,2001-09-29T00:00:00Z,29 September 2001,infobox,29 September 2001,movies,292-4
4659,What is the date of birth of the soccer player Lionel Messi?,Q615,Lionel Messi,1987-06-24T00:00:00Z,24 June 1987,kb,24 June 1987,soccer,1578-0
3570,what is genre of Dolittle movie?,Q38689704,Dolittle,Q319221,adventure film,kb,adventure film,movies,1212-0
2367,Who wrote Jurassic park?,Q756866,Jurassic Park,Q172140,Michael Crichton,kb,Michael Crichton,books,790-0
1067,"What was the genre of the song ""I am not a woman, I'm a god""?",Q108822278,"I Am Not a Woman, I'm a God","Rock,Pop","Rock,Pop",infobox,"Rock,Pop",music,355-1
2110,Actor behind the role Forrest Gump?,Q134773,Forrest Gump,Q2263,Tom Hanks,kb,Tom Hanks,movies,703-0
1422,What year did the band Styx form?,Q590102,Styx,1972-01-01T00:00:00Z,1972,kb,1972,music,474-1
2427,Who is the author of The Bluest Eye?,Q1069956,The Bluest Eye,Q72334,Toni Morrison,text,Toni Morrison,books,810-1
2025,Has Ron Sexsmith worked with Exclaim!?,Q664232,Exclaim!,Yes,Yes,text,Yes,music,674-4
4573,What is Kylian Mbappé position?,Q21621995,Kylian Mbapp\u00E9,Q280658,forward,kb,forward,soccer,1548-2
4237,Initial album released by Simon & Garfunkel?,Q484918,Simon & Garfunkel,Q769180,"Wednesday Morning, 3 A.M.",table,"Wednesday Morning, 3 A.M.",music,1435-0
2013,What is the number of hardcover edition pages?,Q1069956,The Bluest Eye,224,224,infobox,224,books,670-4
391,What award was he selected for in 2016?,Q18590295,Andy Weir,Q958630,Astounding Award for Best New Writer,text,John W. Campbell Award for Best New Writer,books,130-1
2010,Who is the author of the novel Beloved?,Q971767,Beloved,Q72334,Toni Morrison,infobox,Toni Morrison,books,670-1
1424,What label was Man of Miracles released under?,Q3844222,Man of Miracles,Q8032582,Wooden Nickel Records,text,Wooden Nickel Records,music,474-3
17,Location of the Queen Band?,Q15862,Queen,Q84,London,infobox,London,music,5-0
4754,What nation did Fabio Cannavaro represent in soccer?,Q102027,Fabio Cannavaro,Q38,Italy,table,Italy,soccer,1609-0
3074,What are the music instruments John Williams play?,Q131285,John Williams,Q5994,piano,kb,piano;harpsichord;bass clarinet;baritone saxophone;bass,music,1044-3
3121,What years does The Thorn Birds span?,Q606465,The Thorn Birds,1915 to 1969,1915 to 1969,text,1915 to 1969,books,1060-2
4928,What was the name of Lucille Ball's character on I Love Lucy?,Q209662,Lucille Ball,Q17379228,Lucy,text,Lucy Ricardo,tvseries,1666-4
827,"What was the main subject of the series ""The Wire""?",Q478360,The Wire,Q7163,politics,kb,"politics, Crime",tvseries,276-0
4329,"What was the country of origin of the series ""Dexter""?",Q23577,Dexter,Q30,United States of America,kb,United States,tvseries,1466-1
5,author of book The Velveteen Rabbit?,Q168351,The Velveteen Rabbit,Q948301,Margery Williams,infobox,Margery Williams,books,1-0
3350,what is the height of Bruno Fernandes?,Q4979316,Bruno Fernandes,179 centimetre,179 centimetre,infobox,179 centimetre,soccer,1138-0
4405,"Who wrote ""The Hunt for Red October""",Q5255573,The Hunt for Red October,Q105167,Tom Clancy,text,Tom Clancy,books,1491-0
1176,In which year was the Godzilla vs. Kong released ?,Q56307503,Godzilla vs. Kong,2021-01-01T00:00:00Z,2021,infobox,2021,movies,392-0
4371,What year was Roald Dahl's The Gremlins published,Q2578646,The Gremlins,1943-01-01T00:00:00Z,1943,infobox,1943,books,1480-1
372,What was Arcade Fire's first album?,Q58608,Arcade Fire,Q526196,Funeral,text,Funeral,music,124-0
2926,Was the song Risingson featured in the album Mezzanine?,Q844258,Mezzanine,Yes,Yes,text,Yes,music,994-4
887,Who played Patrick Jane in The Mentalist?,Q204228,The Mentalist,Q192021,Simon Baker,text,Simon Baker,tvseries,296-0
2318,Mank movie was directed by whom?,Q73093591,Mank,Q73093591,Mank,text,David Fincher,movies,773-0
4458,Which novel was Peter Straub's first critical and commercial success as an author?,Q364189,Peter Straub,Q5557174,Ghost Story,kb,Ghost Story,books,1510-0
3503,who is the CEO of Borussia Dortmund team?,Q41420,Borussia Dortmund,Q1306609,Hans-Joachim Watzke,text,Hans-Joachim Watzke,soccer,1188-3
2886,Which 1974 film directed by Mel Brooks lampoons the Western movie genre?,Q104266,Mel Brooks,Q957323,Blazing Saddles,text,Blazing Saddles,movies,982-0
1920,What year was The Fellowship of the Rings published?,Q208002,The Fellowship of the Ring,1954-01-01T00:00:00Z,1954,infobox,1954,books,640-1
1420,What was the second Star Trek movie called?,Q1102217,Star Trek,Q465478,Star Trek II: The Wrath of Khan,text,Star Trek II: The Wrath of Khan,movies,473-0
402,"What band performs ""Best Song Ever?""",Q14180932,Best Song Ever,Q146027,One Direction,infobox,One Direction,music,134-0
3752,What is Steven Yeun's date of birth?,Q552176,Steven Yeun,1983-12-21T00:00:00Z,21 December 1983,infobox,21 December 1983,movies,1272-3
4668,What year did Harper Lee die?,Q182658,Harper Lee,2018-01-01T00:00:00Z,2018,kb,2018,books,1580-3
4851,Who played as boy role in Boyhood movie?,Q4103201,Boyhood,Q16728806,Ellar Coltrane,kb,Ellar Coltrane,movies,1642-0
127,Which actors played Dumbledore in the Harry Potter films?,Q216930,Harry Potter film series,Q106775,Richard Harris,text,Richard Harris;Michael Gambon,movies,42-1
1691,On which social media platform did the pop rock band OneRepublic got their start before being signed?,Q1438730,OneRepublic,Q40629,Myspace,text,Myspace,music,564-0
3291,Which position did Robert Lewandowski?,Q280658,forward,Q151269,Robert Lewandowski,text,forward,soccer,1118-0
3054,Where did Harry Kane born?,Q969725,Harry Kane,Q2321784,Walthamstow,infobox,Walthamstow,soccer,1038-1
2532,What is Eminem's height?,Q5608,Eminem,1.74 metre,1.74 metre,kb,1.74 metre,music,844-4
4431,"When will the novel ""Ulysses"" be released?",Q6511,Ulysses,1922-02-02T00:00:00Z,2 February 1922,infobox,2 February 1922,books,1500-1
1950,Name the first book in which the character Sherlock Holmes appeared.,Q4653,Sherlock Holmes,Q223131,A Study in Scarlet,infobox,A Study in Scarlet,books,650-1
4674,Where was Studio Ghibli formed?,Q182950,Studio Ghibli,Q1490,Tokyo,kb,Tokyo,movies,1582-3
3424,What's the name of the producer of the movie?,Q1141504,The Last House on the Left,Q709325,Sean S. Cunningham,infobox,Sean S. Cunningham,movies,1162-2
4206,What current member of Iron Maiden is a founding member?,Q42482,Iron Maiden,Q192094,Steve Harris,text,Steve Harris,music,1424-2
1314,What league does Paris Saint-Germain F.C. compete in?,Q483020,Paris Saint-Germain F.C.,Q13394,Ligue 1,text,Ligue 1,soccer,438-0
1507,What is the language of Chhorii?,Q104879238,Chhorii,Q1568,Hindi,infobox,Hindi,movies,502-2
3112,What is the source material for the TV show Shooter?,Q24262082,Shooter,Q1659347,Point of Impact,kb,Point of Impact,tvseries,1057-0
2931,Which country's citizenship does Álvaro Morte hold?,Q17566714,\u00C1lvaro Morte,Q29,Spain,kb,Spain,tvseries,996-3
3997,What is the date of birth of Biddu?,Q4904074,Biddu,1944-02-08T00:00:00Z,8 February 1944,kb,8 February 1944,music,1354-2
1157,In what year did the band Blind Guardian come together?,Q152540,Blind Guardian,1984-01-01T00:00:00Z,1984,text,1984,music,385-0
1051,"What was the media type of ""Little Women""?",Q523076,Little Women,Q59520170,Print,infobox,Print,books,350-2
3574,which awards win Favorite Movie Actor	in Dolittle  movie?,Q38689704,Dolittle,Kids' Choice Awards,Kids' Choice Awards,table,Kids' Choice Awards,movies,1212-4
4164,What is the total number of novels that feature Perry Mason?,Q377529,Perry Mason,82,82,text,82,books,1410-2
1069,"What was the character name of Matt Bomer in the series ""White Collar""?",Q31915,White Collar,Q3337567,Neal Caffrey,text,Neal Caffrey,tvseries,356-1
3761,What is the central theme of the Boston Public television series?,Q894582,Boston Public,Q1366112,drama television series,infobox,drama television series,tvseries,1276-0
1378,Did Gareth Bale play for Tottenham Hotspur before joining Real Madrid?,Q184586,Gareth Bale,Yes,Yes,text,Yes,soccer,458-4
1307,What was the year of the breakup of Simon & Garfunkel?,Q484918,Simon & Garfunkel,1970-01-01T00:00:00Z,1970,text,1970,music,435-0
1206,When did the film Jumanji release?,Q222939,Jumanji,December 15 1995,December 15 1995,kb,December 15 1995,movies,402-0
839,Who wrote To Kill a Mockingbird?,Q212340,To Kill a Mockingbird,Q182658,Harper Lee,text,Harper Lee,books,280-0
2647,What is the box office collection of Titanic?,Q44578,Titanic,$2.202 billion,$2.202 billion,text,$2.202 billion,movies,902-1
3670,What is the duration of song Kyoto of the album Punisher?,Q96419213,Punisher,3:04,3:04,table,3:04,music,1244-4
3243,Which is the latest book of Robin Sharma?,Q2604952,Robin Sharma,The Everyday Hero Manifesto,The Everyday Hero Manifesto,table,The Everyday Hero Manifesto,books,1100-4
400,What country was he born in?,Q963628,Vilmos Zsigmond,Q600018,Kingdom of Hungary,infobox,Hungary,movies,132-4
3981,who is competition class of United States men's national soccer team?,Q21621995,Kylian Mbapp\u00E9,Q35554451,Q35554451,kb,men's association football,soccer,1348-4
409,What show was that transformed into?,Q639023,"Good Morning, Miss Bliss",Q1026823,Saved by the Bell,text,Saved by the Bell,tvseries,136-1
1954,Name the author who created the character Sherlock Holmes.,Q4653,Sherlock Holmes,Q4653,Sherlock Holmes,kb,Arthur Conan Doyle,books,651-0
1177,What is the plot of the Godzilla vs. Kong movie?,Q56307503,Godzilla vs. Kong,Q216810,King Kong,infobox,"Godzilla,King Kong",movies,392-1
4307,Who is the owner of the Vissel Kobe?,Q844271,Vissel Kobe,Q973054,Rakuten,infobox,Rakuten,soccer,1458-3
2586,Who is the director of photography of the film Spider Man?,Q484442,Spider-Man,Q484980,Don Burgess,kb,Don Burgess,movies,872-1
3077,Who is the actor played as the team's leader in Travelers series?,Q24705137,Travelers,Q436686,Eric McCormack,kb,Eric McCormack,tvseries,1046-0
4414,"""You're Beautiful"" was released under which record labels?",Q65622067,You're Beautiful,Q202440,Atlantic Records,infobox,Atlantic Records;Custard Records,music,1494-2
2597,Which country of origin for the tv series Hellbound?,Q100934044,Hellbound,Q884,South Korea,infobox,South Korea,tvseries,876-0
4219,Who is the current captain of the United States women's national soccer team?,Q334526,United States women's national soccer team,Q445344,Carli Lloyd,kb,Carli Lloyd,soccer,1428-3
141,How many Emmys did Alex Trebek earn working on Jeopardy!?,Q929985,Alex Trebek,8,8,text,8,tvseries,46-3
3490,what is the publication date of Bad Blood song?,Q19892111,Bad Blood,2015-05-17T00:00:00Z,17 May 2015,infobox,17 May 2015,music,1184-2
4003,Who played role of Jayce Talis in Arcane?,Q85518571,Arcane,Q1282510,Kevin Alejandro,table,Kevin Alejandro,tvseries,1356-2
832,Main subject of the series The Wire?,Q478360,The Wire,Q7163,politics,kb,"politics, Crime",tvseries,277-0
842,What is the name of the father of the narrator in To Kill a Mockingbird?,Q212340,To Kill a Mockingbird,Q525777,Atticus Finch,text,Atticus Finch,books,280-3
1009,When was Peter Chung born?,Q489286,Peter Chung,1961-04-19T00:00:00Z,19 April 1961,kb,19 April 1961,tvseries,336-2
4075,In which city Robin Hobb was born?,Q234403,Robin Hobb,Q484678,Berkeley,kb,Berkeley,books,1380-3
1572,The stage musical for In the Heights came to Broadway what year?,Q12810054,In the Heights,2008-01-01T00:00:00Z,2008,kb,2008,music,524-1
4746,Where was Alexander Skarsgård born?,Q310637,Alexander Skarsg\u00E5rd,Q2559389,V\u00E4llingby,kb,Vällingby,tvseries,1606-3
4006,Who created the TV series Arcane?,Q85518571,Arcane,"Christian Linke, Alex Yee","Christian Linke, Alex Yee",infobox,"Christian Linke, Alex Yee",tvseries,1357-0
270,"Who was the author of the book ""Wuthering Heights ""?",Q202975,Wuthering Heights,Q80137,Emily Bront\u00EB,infobox,Emily Brontë,books,90-0
2720,"What was the theme music of the series ""Peaky Blinders""?",Q14944179,Peaky Blinders,Q4048118,Red Right Hand,kb,Red Right Hand,tvseries,926-2
2186,How tall is Cristiano Ronaldo?,Q11571,Cristiano Ronaldo,6 ft 2 in,6 ft 2 in,infobox,6 ft 2 in,soccer,728-3
816,"What was the character role of Thomas Anderson/Neo in the movie ""The Matrix""?",Q83495,The Matrix,A computer programmer,A computer programmer,text,A computer programmer,movies,272-1
1488,What television network was The Cosby Show on?,Q463999,The Cosby Show,Q13974,NBC,infobox,NBC,tvseries,496-1
4467,Who wrote the book upon which the film Kramer vs. Kramer was based?,Q193577,Kramer vs. Kramer,Q352325,Avery Corman,infobox,Avery Corman,movies,1512-3
2418,Who is the composer of the tv series Squid Game?,Q106582931,Squid Game,Q19941076,Jung Jae-il,text,Jung Jae-il,tvseries,806-4
269,What is the complete name of the soccer player Eden Hazard?,Q214204,Eden Hazard,Eden Michael Hazard,Eden Michael Hazard,kb,Eden Michael Hazard,soccer,89-0
191,What is the name of the actress who played the leading role in the film Mean Girls?,Q631103,Mean Girls,Q44903,Lindsay Lohan,text,Lindsay Lohan,movies,63-0
4227,"Who is the director of ""Psycho?""",Q163038,Psycho,Q7374,Alfred Hitchcock,infobox,Alfred Hitchcock,movies,1432-0
277,"How much review score for ""Joker"" movie by Rotten Tomatoes in percentage?",Q42759035,Joker,68%,68%,kb,68%,movies,92-1
2854,Author Of Harry Potter?,Q8337,Harry Potter,Q34660,J. K. Rowling,kb,J. K. Rowling,books,971-0
174,What is the date of birth of the soccer player Freddy Adu?,Q310369,Freddy Adu,1989-06-02T00:00:00Z,2 June 1989,infobox,2 June 1989,soccer,58-0
4002,Who played the character of Sevika in Arcane?,Q85518571,Arcane,Q33084199,Amirah Vann,table,Amirah Vann,tvseries,1356-1
2635,In what city was the Final Match of the 1982 Men's World Cup played?,Q46934,1982 FIFA World Cup,Q2807,Madrid,text,"Madrid, Spain",soccer,888-2
3590,who is the president of Al Hilal SFC team?,Q73965,Al-Hilal SFC,Fahad Al Otaibi,Fahad Al Otaibi,infobox,Fahad Al Otaibi,soccer,1218-2
566,How many matches has Joshua Kimmich played for Germany national football team?,Q13865408,Joshua Kimmich,64,64,infobox,64,soccer,188-3
3687,To what genre does the book The Merchant of Venice belong?,Q206400,The Merchant of Venice,Q192881,tragicomedy,kb,tragicomedy,books,1250-3
126,Who played Ron in the Harry Potter movies?,Q216930,Harry Potter film series,Q19190,Rupert Grint,text,Rupert Grint,movies,42-0
117,What is the pseudonym of the soccer player Raúl González?,Q11576,Ra\u00FAl,El que nunca hace nada,El que nunca hace nada,kb,El que nunca hace nada,soccer,38-3
4688,Who was the creator of the TV series Survivor?,Q28856068,Survivor,Q5085360,Charlie Parsons,infobox,Charlie Parsons,tvseries,1587-0
580,Director of the first part The Curse of the Black Pearl  in the flim Pirates of the Caribbean?,Q194318,Pirates of the Caribbean,Q295463,Gore Verbinski,table,Gore Verbinski,movies,193-0
1412,Where did Jean Valjean go to prison in Les Misérables?,Q180736,Les Mis\u00E9rables,Q2879092,Bagne of Toulon,text,Bagne of Toulon,books,470-3
3731,How many band members does beyoncé have?,Q36153,Beyonc\u00E9,9,9,kb,9,music,1265-0
2547,in what year did the Eagles band start?,Q189635,Eagles,1971-01-01T00:00:00Z,1971,text,1971,music,855-0
436,What are the names of Jennifer Lopez and Marc Anthony's children?,Q40715,Jennifer Lopez,Q40484771,Maximilian David Anthony,kb,Maximilian David Anthony;Emme Muñiz‎,music,144-4
458,"Who was the director of the movie ""Die Hard""?",Q105598,Die Hard,Q270639,John McTiernan,kb,John McTiernan,movies,152-2
110,When did the TV series Breaking Bad end?,Q1079,Breaking Bad,2013-09-29T00:00:00Z,29 September 2013,kb,29 September 2013,tvseries,36-2
134,Which year did Fergie start collaborating with the Black Eyed Peas?,Q180004,Fergie,2002-01-01T00:00:00Z,2002,text,2002,music,44-2
3441,Who is the owner of the team?,Q16836317,Atlanta United FC,Q2865008,Arthur Blank,infobox,Arthur Blank,soccer,1168-1
702,In which year did Jonas Brothers band formed?,Q134233,Jonas Brothers,2005-01-01T00:00:00Z,2005,kb,2005,music,234-1
3689,Who is the writer of Romeo and Juliet?,Q83186,Romeo and Juliet,Q692,William Shakespeare,kb,https://www.Q692,books,1251-0
318,Who Created by Peaky Blinders Tv Series?,Q14944179,Peaky Blinders,Q1337354,Steven Knight,infobox,Steven Knight,tvseries,106-0
2397,Who is the author of the book Hamlet?,Q41567,Hamlet,Q692,William Shakespeare,text,William Shakespeare,books,800-1
2550,What magazine was Oliver Twist published in before it was published as a book?,Q164974,Oliver Twist,Q2896754,Bentley's Miscellany,text,Bentley's Miscellany,books,860-1
4299,Who is the main actor of Ghoul?,Q48673879,Ghoul,Q7280241,Radhika Apte,text,Radhika Apte,tvseries,1456-1
868,Who coaches the Kansas City Wizards?,Q329812,Sporting Kansas City,Q751005,Peter Vermes,kb,Peter Vermes,soccer,289-0
3232,which platform released Mindhunter web-series?,Q25340152,Mindhunter,Q907311,Netflix,infobox,Netflix,tvseries,1097-0
1260,Which is the native country of Moby-Dick?,Q174596,Moby-Dick,Q30,United States of America,kb,United States,books,420-0
2336,Neymar belongs to which country?,Q142794,Neymar,Q142794,Neymar,text,Brazil,soccer,779-0
3996,Who produced the music album Made in India?,Q18127630,Made in India,Q4904074,Biddu,infobox,Biddu,music,1354-1
4137,genre of the book Thumbelina?,Q699,fairy tale,Q11870,Thumbelina,infobox,Fairy tale,books,1401-0
1790,Which popular TV show Sidharth Sengupta also directed?,Q102314326,Sidharth Sengupta,Q2003502,Balika Vadhu,text,Balika Vadhu,tvseries,596-3
108,Who is the creator of the TV series Breaking Bad?,Q1079,Breaking Bad,Q4500,Vince Gilligan,infobox,Vince Gilligan,tvseries,36-0
4628,Where was William T. Orr burried?,Q8019110,William T. Orr,Q1302545,Forest Lawn Memorial Park,text,Forest Lawn Memorial Park,tvseries,1566-3
2857,Who Played Amelia Brand in Interstellar?,Q13417189,Interstellar,Q36301,Anne Hathaway,kb,Anne Hathaway,movies,972-2
3536,"Who was the author of the book ""Sons and Lovers""?",Q80771,Sons and Lovers,Q34970,D. H. Lawrence,kb,D. H. Lawrence,books,1200-0
1933,What was the first album released by Elvis Presley?,Q610926,Elvis Presley,Q303,Elvis Presley,text,Elvis Presley,music,644-2
4157,Where did Xavi born?,Q17500,Xavi,Q13939,Terrassa,infobox,Terrassa,soccer,1408-1
2196,Who was the composer of music for the movie The Lion King?,Q27044293,The Lion King,Q76364,Hans Zimmer,infobox,Hans Zimmer,movies,732-1
2724,When was founded the Atlanta United FC?,Q16836317,Atlanta United FC,2014-04-16T00:00:00Z,16 April 2014,infobox,"April 16, 2014",soccer,928-0
2837,Singer of the song Love Me Like You Do?,Q18758167,Love Me Like You Do,Q31164,Ellie Goulding,kb,Ellie Goulding,music,965-0
2583,What was the genre of the book Dune?,Q905770,soft science fiction,Q190192,Dune,text,Science fiction,books,870-4
1554,What is the country for sport of the player Harry Kane ?,Q969725,Harry Kane,Q21,England,infobox,England,soccer,518-1
979,who is the Breaking Bad series' creator?,Q1079,Breaking Bad,Q4500,Vince Gilligan,infobox,Vince Gilligan,tvseries,326-2
2462,What is the genre of the film Inception?,Q25188,Inception,Q496523,heist film,infobox,Heist film,movies,822-0
1345,How many teams participated in the inaugural UEFA European Championship?,Q260858,UEFA European Championship,4,4,table,4,soccer,448-1
1592,How many pages did the novel Nineteen Eighty-Four have?,Q208460,Nineteen Eighty-Four,328,328,infobox,328,books,530-3
786,Who was the actress who played Princess Irulan in the first Dune film?,Q114819,Dune,Q229784,Virginia Madsen,kb,Virginia Madsen,movies,262-1
1338,Who is the actor behind the role Simone Andersen in The Rain series?,Q48855569,The Rain,Q16159216,Alba August,infobox,Alba August,tvseries,446-0
3056,Which award received by Harry Kane?,Q969725,Harry Kane,Q12201526,Member of the Order of the British Empire,text,Member of the Order of the British Empire,soccer,1038-3
3410,What is the date of birth of Serge Gnabry?,Q59490,Serge Gnabry,1995-07-14T00:00:00Z,14 July 1995,kb,14 July 1995,soccer,1158-0
830,"What was the picture format of the series ""The Wire""?",Q478360,The Wire,Q185796,NTSC,text,NTSC,tvseries,276-3
3046,Instrument played by the composer Benjamin Britten?,Q150767,Benjamin Britten,Q5994,piano,kb,piano,music,1035-0
3967,who is discography for music  Avenged Sevenfold?,Q165193,Avenged Sevenfold,Q3709423,Avenged Sevenfold discography,kb,Avenged Sevenfold discography,music,1344-2
3903,Spouse of Dennis Haysbert?,Q350208,Dennis Haysbert,Q17479151,Lynn B. Griffith,text,Lynn B. Griffith,movies,1322-4
4697,who wrote A Song of Ice and Fire novels?,Q45875,A Song of Ice and Fire,Q181677,George R. R. Martin,kb,George R. R. Martin,books,1590-2
62,what is the genre of The Kingkiller Chronicle series?,Q2585559,The Kingkiller Chronicle,Q2585559,The Kingkiller Chronicle,kb,fantasy,books,20-2
4689,Who was the manager of the soccer Manchester United F.C. in 2017?,Q18656,Manchester United F.C.,Q79983,Jos\u00E9 Mourinho,table,José Mourinho,soccer,1588-0
349,Who is the director tv series Alice in Borderland?,Q103967305,Alice in Borderland,Q7497770,Shinsuke Sato,table,Shinsuke Sato,tvseries,116-1
888,Who played the part Teresa Lisbon in The Mentalist?,Q204228,The Mentalist,Q209094,Robin Tunney,text,Robin Tunney,tvseries,296-1
2629,What was George Costanza's Father's name in the sitcom Seinfeld?,Q2777013,George Costanza,Q106471752,Frank Costanza,text,Frank,tvseries,886-2
1210,What is the name of Dwayne Johnson's daughter?,Q10738,Dwayne Johnson,Q27051227,Simone Johnson,kb,Simone Johnson,movies,402-4
4758,What is the genre of Exodus?,Q1384109,Exodus,Q192239,historical novel,kb,historical novel,books,1610-3
2143,What album by Hanson contains the 1996 hit called MMMBop?,Q768621,Hanson,Q1766359,Boomerang,kb,Boomerang,music,714-2
3579,who is the producer of Blinding Lights song?,Q76566134,Blinding Lights,Q318223,Max Martin,infobox,"Max Martin,Oscar Holter,The Weeknd",music,1214-3
2808,what is the original language of Downton Abbey web series?,Q83071,Downton Abbey,Q10526033,Downton Abbey,text,English,tvseries,956-0
1786,On which date the album Purple Rain released?,Q253004,Purple Rain,1984-06-25T00:00:00Z,25 June 1984,kb,25 June 1984,music,595-0
2782,What is the name of the character Jim Parsons plays in the TV series The Big Bang Theory?,Q190972,Jim Parsons,Q629583,Sheldon Cooper,kb,Sheldon Cooper,tvseries,946-4
4943,When did Matt Damon born?,Q175535,Matt Damon,1970-10-08T00:00:00Z,8 October 1970,kb,8 October 1970,movies,1672-1
2604,Which is the Home venue of Argentina football team?,Q79800,Argentina national football team,Q276354,Estadio Monumental Antonio Vespucio Liberti,kb,Estadio Monumental Antonio Vespucio Liberti,soccer,878-1
1089,Which category 2001: A Space Odyssey received Academy Award?,Q103474,2001: A Space Odyssey,Q393686,Academy Award for Best Visual Effects,kb,Academy Award for Best Visual Effects,movies,362-3
215,Release year of first The Kent Family Chronicles book?,Q7715785,The Bastard,1974-01-01T00:00:00Z,1974,text,1974,books,71-0
2915,Who is the author of the book series The Vampire Chronicles?,Q840516,The Vampire Chronicles,Q184785,Anne Rice,text,Anne Rice,books,991-0
1078,Who was the head coach of the Charlotte Football Club?,Q78944434,Charlotte FC,Miguel Ángel Ramírez,Miguel Ángel Ramírez,table,Miguel Ángel Ramírez,soccer,358-4
4477,From which country did SCTV originate?,Q1767756,Second City Television,Q16,Canada,kb,Canada,tvseries,1516-1
3070,Actor played as Mary Epps in 12 Years a Slave?,Q3023357,12 Years a Slave,Q57147,Michael Fassbender,kb,Michael Fassbender,movies,1043-0
1374,What year did Gareth Bale get his first cap with the Wales national team?,Q184586,Gareth Bale,2006-01-01T00:00:00Z,2006,infobox,2006,soccer,458-0
4338,Where the New England Revolution soccer club headquarters located?,Q309095,New England Revolution,Q9262005,Foxborough,kb,Foxborough,soccer,1468-4
158,Who is the spouse of the The Body's director Jeethu Joseph?,Q85532356,The Body,Linta Jeethu,Linta Jeethu,text,Linta Jeethu,movies,52-2
2637,In how many Men's World Cups did Paul Breitner play in?,Q19317,FIFA World Cup,Q44458,Paul Breitner,text,Two,soccer,888-4
951,When did the show Suits first broadcast?,Q370185,Suits,2011-06-23T00:00:00Z,23 June 2011,kb,23 June 2011,tvseries,316-4
1070,"Which production produce the series ""White Collar""?",Q31915,White Collar,Q8962119,Touchstone Television,kb,Touchstone Television,tvseries,356-2
431,Name of the actor who played James Bond first?,Q2009573,James Bond,Q4573,Sean Connery,text,Sean Connery,movies,143-0
925,Josep Guardiola in which tournament participated in 2000?,Q164038,Pep Guardiola,Q131239,UEFA Euro 2000,kb,UEFA Euro 2000,soccer,308-2
718,For which team did Kevin De Bruyne playing now?,Q357984,Kevin De Bruyne,Q50602,Manchester City F.C.,infobox,Manchester City F.C.,soccer,239-0
1853,How many appearance did the American goalkeeper Sean Johnson make with the US men's national soccer team in 2011?,Q2458826,Sean Johnson,1,1,table,1,soccer,618-0
2685,which date released Someone You Loved song in united states?,Q60768202,Someone You Loved,2019-04-16T00:00:00Z,16 April 2019,table,16 April 2019,music,914-3
3038,"Who is the screen writer of The Chronicles of Narnia: The Lion, the Witch and the Wardrobe?",Q1211909,The Chronicles of Narnia,Q5112818,Christopher Markus,table,Christopher Markus,movies,1032-3
329,What is the current soccer team of Neymar?,Q142794,Neymar,Q483020,Paris Saint-Germain F.C.,table,Paris Saint-Germain F.C,soccer,109-0
3638,Where did Zhou Long born?,Q2382001,Zhou Long,Q956,Beijing,kb,Beijing,music,1234-2
4857,What film was Hans Zimmer's first solo score?,Q76364,Hans Zimmer,Q7702661,Terminal Exposure,text,Terminal Exposure,music,1644-0
1788,Who is the spouse of Sidharth Sengupta?,Q102314326,Sidharth Sengupta,Sujata Sengupta,Sujata Sengupta,kb,Sujata Sengupta,tvseries,596-1
1536,What is the country of origin of the Rocky movie?,Q188652,Rocky,Q30,United States of America,infobox,United States of America,movies,512-1
26,Whick position played on team by Paul Pogba?,Q129027,Paul Pogba,Q193592,midfielder,text,midfielder,soccer,8-2
3919,Is Arsenal F.C. playing in the highest league in Germany,Q9617,Arsenal F.C.,Yes,Yes,text,Yes,soccer,1328-2
3993,Is A. R. Rahman having 3 children?,Q108560,A. R. Rahman,Yes,Yes,text,Yes,movies,1352-4
1957,Who is the writer of the movie Bruce Almighty?,Q207816,Bruce Almighty,Q6769075,Mark O'Keefe,text,"Steve Koren, Mark O'Keefe and Steve Oedekerk",movies,652-2
4888,What is the name referred to the musician bismillah khan?,Q379707,Bismillah Khan,Q289585,Ustad,text,Ustad,music,1654-0
2966,How many goals did Eden Hazard scored for Belgium national football team?,Q214204,Eden Hazard,33,33,table,33,soccer,1008-3
4808,Who wrote the TV series Hellbound?,Q100934044,Hellbound,Q2964330,Choi Kyu-sok,infobox,Choi Kyu-sok,tvseries,1627-0
2563,Who was Carly Simon's first husband?,Q181683,Carly Simon,Q310300,James Taylor,infobox,James Taylor,music,864-2
1229,The soccer player Luis Suárez plays in which position?,Q26517,Luis Su\u00E1rez,Q280658,forward,kb,forward,soccer,409-0
261,Who played the character of Hannah Kahnwald as Adult in Dark?,Q28443710,Dark,Q1262836,Maja Sch\u00F6ne,table,Maja Schöne,tvseries,86-3
1267,Which is the first film as director?,Q7500450,Shoojit Sircar,Q3571306,Yahaan,table,Yahaan,movies,422-1
2083,For which street racing anime did M.O.V.E make openings and endings songs?,Q285547,Move,Q164883,Initial D,text,Initial D,music,694-2
715,No. of goals did Kevin De Bruyne scored for Belgium national football team?,Q357984,Kevin De Bruyne,23,23,table,23,soccer,238-2
2511,What team won the silver medal for men's soccer in the 2020 Summer Olympics?,Q61056311,football at the 2020 Summer Olympics \u2013 men's tournament,Q2637337,Spain national under-23 football team,infobox,Spain,soccer,838-1
3331,"Author of ""Don Quixote"" novel?",Q480,Don Quixote,Q5682,Miguel de Cervantes,kb,Miguel de Cervantes,books,1131-0
1700,Which That '70s Show actor was Demi Moore married to?,Q43044,Demi Moore,Q164782,Ashton Kutcher,infobox,Ashton Kutcher,tvseries,566-3
2627,In what year did Seinfeld debut?,Q23733,Seinfeld,1989-01-01T00:00:00Z,1989,infobox,1989,tvseries,886-0
4965,For which national team Romelu Lukaku plays for?,Q313316,Romelu Lukaku,Q31,Belgium,kb,Belgium,soccer,1679-0
2076,Which RoboCop original trilogy movies featured Peter Weller as Robocop?,Q2080591,RoboCop,Q372514,RoboCop,table,RoboCop;RoboCop 2,movies,692-1
2632,What year did Seinfeld debut?,Q23733,Seinfeld,1989-01-01T00:00:00Z,1989,infobox,1989,tvseries,887-0
2490,Which Jane Austen book was published next after Mansfield Park?,Q36322,Jane Austen,Q223880,Emma,infobox,Emma,books,830-4
2122,Who played as Marina Nunier in Elite series?,Q53000974,Elite,Q51280886,Mar\u00EDa Pedraza,infobox,María Pedraza,tvseries,707-0
817,"What was the character name of Carrie-Anne Moss in the movie ""The Matrix""?",Q83495,The Matrix,Q246835,Trinity,text,Trinity,movies,272-2
3462,Which is the birth place of Annette Zilinskas?,Q4769131,Annette Zilinskas,Q769446,Van Nuys,kb,Van Nuys,music,1174-4
582,Which award received by the Composer Ryuichi Sakamoto?,Q345494,Ryuichi Sakamoto,Q488651,Academy Award for Best Original Score,text,Academy Award for Best Original Score,music,194-1
3770,What is the Mohamed Salah's date of birth?,Q1354960,Mohamed Salah,1992-06-15T00:00:00Z,15 June 1992,infobox,15 June 1992,soccer,1278-3
2690,how many total episodes of True Detective series ?,Q7847400,True Detective,24,24,table,24,tvseries,916-2
2256,What building was originally reused for it?,Q3330641,Columbia River Maritime Museum,Q4811100,Old Astoria City Hall,text,Old Astoria City Hall,movies,752-2
2509,What was House's theme song called?,Q23558,House,Q1027829,Teardrop,infobox,Teardrop,tvseries,837-0
50,who is the director of Mindhunter  series?,Q25340152,Mindhunter,Q184903,David Fincher,text,David Fincher,tvseries,16-2
429,Year of publication of the movie The Untouchables?,Q108525,The Untouchables,1987-01-01T00:00:00Z,1987,kb,1987,movies,142-3
4420,Which actor played the role of Tony Soprano in The Sopranos?,Q23628,The Sopranos,Q308722,James Gandolfini,infobox,James Gandolfini,tvseries,1496-2
4155,Which language did tv series Luna Nera had played?,Q652,Italian,Q82300697,Luna Nera,infobox,Italian,tvseries,1407-0
652,The American television sitcom created by?,Q79784,Friends,Q237454,Marta Kauffman,infobox,David Crane and Marta Kauffman,tvseries,217-0
973,what is the father name of Justin Bieber?,Q34086,Justin Bieber,Q27801058,Jeremy Bieber,infobox,Jeremy Bieber,music,324-2
3899,Who played the Savannah in Whitney Houston?,Q736254,Waiting to Exhale,Q34389,Whitney Houston,text,Whitney Houston,movies,1322-0
1662,What is the instrument used by Vanessa Paradis?,Q51023,Vanessa Paradis,Q6607,guitar,kb,guitar,music,554-1
103,When was the song Du Hast published?,Q753118,Du hast,1997-07-19T00:00:00Z,19 July 1997,kb,19 July 1997,music,34-1
2177,Who created the HBO anthology crime series True Detective?,Q7847400,True Detective,Q7024302,Nic Pizzolatto,text,Nic Pizzolatto,tvseries,726-0
252,What is the release date of the album demi?,Q9343810,Demi,2013-05-10T00:00:00Z,10 May 2013,text,10 May 2013,music,84-0
4636,Which is the first book of the novel series The Chronicles of Narnia?,Q483412,The Chronicles of Narnia,Q485093,"The Lion, the Witch and the Wardrobe",kb,"The Lion, the Witch and the Wardrobe",books,1570-0
4621,"What was the first single released from the album ""On the 6?""",Q526575,On the 6,Q848739,If You Had My Love,infobox,If You Had My Love,music,1564-2
3581,what is the genre of Blinding Lights song?,Q76566134,Blinding Lights,Q19938910,synthwave,kb,"synthwave,electropop",music,1215-0
1017,When did Fernando Torres first win the UEFA Euro?,Q42731,Fernando Torres,Q241864,UEFA Euro 2008,text,UEFA Euro 2008,soccer,338-4
2018,How much is the Box office collection of film Shazam!?,Q23685878,Shazam!,$366 million,$366 million,infobox,$366 million,movies,672-3
4567,Which actor plays as Holden Ford FBI agent in Mindhunter?,Q25340152,Mindhunter,Q556644,Jonathan Groff,kb,Jonathan Groff,tvseries,1546-2
2120,How many episodes in Elite Tv series?,Q53000974,Elite,32,32,kb,32,tvseries,706-3
2465,What is Leonardo DiCaprio's mother's name?,Q38111,Leonardo DiCaprio,Q22984557,Irmelin DiCaprio,infobox,Irmelin DiCaprio,movies,822-3
1817,Who hosts most of the show America's Next Top Model?,Q31426,America's Next Top Model,Q172303,BanX,infobox,Tyra Banks,tvseries,606-0
2369,When was Jurassic park The lost world  released?,Q200873,The Lost World: Jurassic Park,1997-05-23T00:00:00Z,23 May 1997,table,23 May 1997,books,790-2
2644,When was Jean M. Auel born?,Q229996,Jean M. Auel,1936-02-18T00:00:00Z,18 February 1936,kb,18 February 1936,books,900-4
2435,What production company produced A Wrinkle In Time the film?,Q24301388,A Wrinkle in Time,Q191224,Walt Disney Pictures,infobox,Walt Disney Pictures,movies,812-3
1434,Liverpool F.C. got what position in the 2020-2021 Premier league season?,Q1130849,Liverpool F.C.,3,3,infobox,3,soccer,478-1
3672,How many episodes are in the TV series The Flash?,Q15711398,The Flash,156,156,infobox,156,tvseries,1246-0
3362,Who directed the 1998 science fiction movie Armageddon?,Q208344,Armageddon,Q59259,Michael Bay,kb,Michael Bay,movies,1142-0
2641,Which book was published last in Earth's Children series?,Q999222,Earth's Children hexalogy,Q2267961,The Land of Painted Caves,kb,The Land of Painted Caves,books,900-1
4675,Who owns Studio Ghibli?,Q182950,Studio Ghibli,Q1372258,Tokuma Shoten,kb,Tokuma Shoten,movies,1582-4
47,how many duration time of Save Your Tears song?,Q96405034,Save Your Tears,215 second,215 second,kb,215 second,music,15-0
3775,How much was the movie's budget for A Time To Kill?,Q498867,A Time to Kill,$40 million,$40 million,infobox,$40 million,books,1280-2
3324,"What the award received the ""New York Red Bulls"" soccer team?",Q204220,New York Red Bulls,Q1065079,Supporters' Shield,kb,"Supporters' Shield,La Manga Cup,Emirates Cup",soccer,1128-4
4438,What is Tom Cruise's date of birth?,Q37079,Tom Cruise,1962-07-03T00:00:00Z,3 July 1962,text,3 July 1962,movies,1502-2
1104,Which team is N'Golo Kanté's first senior club team?,Q16665941,N'Golo Kant\u00E9,Q309400,US Boulogne,infobox,US Boulogne,soccer,368-0
3203,Which organization is responsible for governing soccer in the USA?,Q610674,soccer in the United States,Q610674,soccer in the United States,text,The United States Soccer Federation,soccer,1088-0
2725,How many stars in the Atlanta United FC logo?,Q16836317,Atlanta United FC,3,3,kb,3,soccer,928-1
592,Who Directs the TV series Hanna?,Q48102683,Hanna,Q60399091,Sarah Adina Smith,table,Sarah Adina Smith,tvseries,197-0
2614,Who wrote A Tale of Two Cities?,Q308918,A Tale of Two Cities,Q5686,Charles Dickens,kb,Charles Dickens,books,881-0
260,What is the date of birth of the Louis Hofmann?,Q1871731,Louis Hofmann,1997-06-03T00:00:00Z,3 June 1997,infobox,3 June 1997,tvseries,86-2
392,Who was the first author selected for this award?,Q958630,Astounding Award for Best New Writer,Q578031,Jerry Pournelle,table,Jerry Pournelle,books,130-2
1846,"In 1980 which band recorded the song ""Down Under""?",Q1253170,Down Under,Q831111,Men at Work,text,Men at Work,music,615-0
3488,what is genre of Bad Blood song?,Q19892111,Bad Blood,Q37073,pop music,kb,pop music,music,1184-0
2897,Name the Los Angeles rock and roll band known for hits like November Rain and Sweet Child o' Mine which came together in 1985.,Q11399,rock music,Q11895,Guns N\u2019 Roses,text,Guns N' Roses,music,985-0
997,What was the full name at birth of Ellen Page?,Q173399,Elliot Page,Ellen Grace Philpotts-Page,Ellen Grace Philpotts-Page,kb,Ellen Grace Philpotts-Page,movies,332-2
4737,Linkin Park was started in what year?,Q261,Linkin Park,1996-01-01T00:00:00Z,1996,infobox,1996,music,1604-0
57,who is the manager of Rayo Vallecano team?,Q10300,Rayo Vallecano,Q317216,Andoni Iraola,table,Andoni Iraola,soccer,18-3
4798,In which year was the band Queen formed?,Q15862,Queen,1970-01-01T00:00:00Z,1970,text,1970,music,1624-1
649,How many major characters where there in Frineds?,Q79784,Friends,Q24056547,Six,infobox,Six,tvseries,216-2
1945,How long can the goalkeeper handle the ball in soccer?,Q201330,goalkeeper,6 seconds,6 seconds,kb,6 seconds,soccer,648-2
3393,Who directed the movie Lagaan?,Q843949,Lagaan,Q281249,Ashutosh Gowariker,text,Ashutosh Gowariker,movies,1152-1
4511,Which country did David Beckham represent?,Q10520,David Beckham,Q21,England,infobox,England,soccer,1528-0
4651,Who is the lead drummer of the band U2?,Q396,U2,Q814065,Larry Mullen Jr.,table,Larry Mullen Jr.,music,1574-3
4719,Which club team did Mohamed Salah playing at present?,Q1354960,Mohamed Salah,Q1130849,Liverpool F.C.,infobox,Liverpool F.C.,soccer,1598-0
547,Which is the Debut movie of Anaita Shroff Adajania?,Q4750942,Anaita Shroff Adajania,Q849343,Dilwale Dulhania Le Jayenge,table,Dilwale Dulhania Le Jayenge,movies,182-2
2412,What is the native language of the composer Olivier Messiaen?,Q151593,Olivier Messiaen,Q150,French,kb,French,music,804-4
1233,"Who honored George Orwell as one of ""The 50 greatest British writers since 1945""?",Q208460,Nineteen Eighty-Four,Q50008,The Times,text,The Times,books,410-3
2390,Witch europen team did mbappe represents in 2018 fifa ?,Q21621995,Kylian Mbapp\u00E9,Q170645,2018 FIFA World Cup,infobox,France,soccer,798-0
1692,Which city did the pop rock band OneRepublic originate from?,Q1438730,OneRepublic,Q49258,"Colorado Springs, Colorado",infobox,Colorado Springs,music,564-1
4173,What is the name of the first James Bond movie with Daniel Craig in the lead role?,Q2009573,James Bond,Q151904,Casino Royale,text,Casino Royale,movies,1413-0
3796,South Park was created by who?,Q16538,South Park,Q44414,Trey Parker,kb,Trey Parker;Matt Stone,tvseries,1287-0
4704,In which year Bong Joon-ho started working?,Q495980,Bong Joon-ho,1999-01-01T00:00:00Z,1999,kb,1999,movies,1592-3
2142,"What number of brothers comprise the ""boy band"" known as Hanson?",Q768621,Hanson,3,3,kb,3,music,714-1
435,What is the number of children Jennifer Lopez and Marc Anthony together have?,Q40715,Jennifer Lopez,2,2,kb,2,music,144-3
1244,How many tracks were on side two of The Police's debut album Outlandos d'Amour?,Q862386,Outlandos d'Amour,5,5,table,5,music,414-2
1453,What record company did Joe Lally find?,Q939445,Joe Lally,Q7814573,Tolotta Records,text,Tolotta Records,music,484-2
2322,who is the singer of Starboy song?,Q27000439,Starboy,Q26980835,Starboy,table,The Weeknd,music,774-3
10,What is the Genre of the film Encanto?,Q103372692,Encanto,Q157394,fantasy film,kb,fantasy film,movies,2-4
3602,What was the first movie directed by Peter Jackson?,Q4465,Peter Jackson,Q605204,Bad Taste,text,Bad Taste,movies,1222-2
91,What pen name did Emily Brontë use while writing the book Wuthering Heights?,Q80137,Emily Bront\u00EB,Ellis Bell,Ellis Bell,text,Ellis Bell,books,30-1
186,Who played the lead role in the movie Mean Girls?,Q631103,Mean Girls,Q44903,Lindsay Lohan,text,Lindsay Lohan,movies,62-0
2675,What is the publication date of the Homeland Elegies novel?,Q105082070,Homeland Elegies,2020-09-15T00:00:00Z,15 September 2020,kb,15 September 2020,books,911-0
2508,Who was the original author who created the character Bertie Wooster?,Q828530,Bertie Wooster,Q207515,P. G. Wodehouse,kb,P. G. Wodehouse,tvseries,836-4
930,Who is the writer of the novel Gone with the Wind?,Q2870,Gone with the Wind,Q173540,Margaret Mitchell,infobox,Margaret Mitchell,books,310-1
2000,What is the country of origin of the bones tv series?,Q207803,Bones,Q30,United States of America,infobox,United States of America,tvseries,666-3
540,Who is the author of the novel Revolution 2020?,Q7318662,Revolution 2020,Q46926,Chetan Bhagat,kb,Chetan Bhagat,books,180-1
195,Whom did the singer Chris Martin marry in the year 2003?,Q712860,Chris Martin,Q34460,Gwyneth Paltrow,text,Gwyneth Paltrow,music,64-3
4050,What is the name of the The Next Three Days film director?,Q263930,The Next Three Days,Q314935,Paul Haggis,infobox,Paul Haggis,movies,1372-1
3852,What was the location where Alexis Bledel was born?,Q192887,Alexis Bledel,Q16555,Houston,kb,Houston,tvseries,1306-1
4797,What is origin place of the music band Queen?,Q15862,Queen,Q84,London,text,London,music,1624-0
1770,Who is the author of novel Disgrace?,Q958560,Disgrace,Q43293,J. M. Coetzee,text,J. M. Coetzee,books,590-1
2562,What year was Carly Simon born?,Q181683,Carly Simon,1945-01-01T00:00:00Z,1945,infobox,1945,music,864-1
2523,Who is the director of the film Titanic?,Q44578,Titanic,Q42574,James Cameron,text,James Cameron,movies,842-1
1191,Who is the Riverdale tv series editor?,Q23001951,Riverdale,Q72587777,Marvin Matyka,infobox,Marvin Matyka,tvseries,396-3
4333,Developer the series Dexter?,Q23577,Dexter,Q1110157,"James Manos, Jr.",infobox,James Manos Jr.,tvseries,1467-0
907,Who is the producer of the flim The Princess Bride?,Q506418,The Princess Bride,Q507189,Andrew Scheinman,infobox,Andrew Scheinman,movies,302-2
3948,Which place did Gareth Bale born?,Q184586,Gareth Bale,Q10690,Cardiff,kb,Cardiff,soccer,1338-1
4028,what is the length of Blank Space song?,Q18441355,Blank Space,3:52,3:52,infobox,3:52,music,1364-3
7,Who is the screenwriter of the film Encanto?,Q103372692,Encanto,Q29652833,Charise Castro Smith,infobox,Charise Castro Smith,movies,2-1
3002,What city was it founded in?,Q1155729,Scholastic Corporation,Q1184857,Wilkinsburg,infobox,"Wilkinsburg, PA",books,1020-3
1280,Who are the creators of the Hollywood series?,Q85712059,Hollywood,Q316844,Ryan Murphy,text,Ryan Murphy;Ian Brennan,tvseries,426-2
2718,"What was the founding location of the series ""Peaky Blinders""?",Q14944179,Peaky Blinders,Q2256,Birmingham,infobox,"Birmingham, England",tvseries,926-0
4672,Who created the film Howl's Moving Castle?,Q29011,Howl's Moving Castle,Q55400,Hayao Miyazaki,kb,Hayao Miyazaki,movies,1582-1
3797,Who was the head coach of the United States men's national soccer team during the 2010 World Cup?,Q164134,United States men's national soccer team,Q442325,Bob Bradley,text,Bob Bradley,soccer,1288-0
1270,What are the zip codes of Gwalior?,Q158467,Gwalior,474001 to 474055,474001 to 474055,infobox,474001 to 474055,movies,422-4
1038,What is the date of birth of the Blake Neely?,Q881273,Blake Neely,1969-04-28T00:00:00Z,28 April 1969,infobox,28 April 1969,tvseries,346-1
2113,What influenced Joe Hisaishi's career?,Q275900,Joe Hisaishi,watched 300 movies a year with his father at age of four,watched 300 movies a year with his father at age of four,text,watched 300 movies a year with his father at age of four,music,704-2
3358,"Who directed the first Dan Brown novel adaptation, The da Vinci Code in 2006?",Q160560,The Da Vinci Code,Q103646,Ron Howard,infobox,Ron Howard,books,1140-2
1213,What month was the birth month of the singer Billie Joe Armstrong?,Q712592,Billie Joe Armstrong,Q79973765,February,kb,February,music,404-1
197,The band Coldplay includes how many members?,Q45188,Coldplay,5,5,infobox,5,music,65-0
3045,Where did the Benjamin Britten died?,Q150767,Benjamin Britten,Q2077402,Aldeburgh,text,Aldeburgh,music,1034-4
2520,What is Mark Twain's religion?,Q7245,Mark Twain,Q7066,atheism,kb,atheism,books,840-4
723,What is the place of birth of the author Holly Black?,Q266173,Holly Black,Q1408,New Jersey,kb,New Jersey,books,240-4
942,Is Joe Elliot the singer a member of the band Def Leppard?,Q182890,Def Leppard,Yes,Yes,text,Yes,music,314-1
4934,What were the names of the first two Major League Soccer expansion teams?,Q18543,Major League Soccer,Q862647,Miami Fusion,text,Miami Fusion;Chicago Fire FC,soccer,1668-4
333,who is the illustrator of the book the Tale of peter Rabbit?,Q580463,The Tale of Peter Rabbit,Q214565,Beatrix Potter,infobox,Beatrix Potter,books,110-3
3131,What year was Madonna born in?,Q1744,Madonna,1958-01-01T00:00:00Z,1958,text,1958,music,1064-0
1355,Don Quixote was written by someone of what nationality?,Q480,Don Quixote,Q160894,Spaniards,text,Spaniards,books,451-0
1475,Who directed the movie Ordinary People?,Q503313,Ordinary People,Q59215,Robert Redford,text,Robert Redford,movies,492-0
598,For which country team did Thomas Müller play?,Q43666,Thomas M\u00FCller,Q183,Germany,text,Germany,soccer,199-0
2364,Which is the Current team of the soccer player Gareth Bale?,Q184586,Gareth Bale,Q8682,Real Madrid C.F.,infobox,Real Madrid CF,soccer,788-3
1511,What is the release date of the album Surrealistic Pillow?,Q913092,Surrealistic Pillow,1967-02-01T00:00:00Z,1 February 1967,infobox,1 February 1967,music,504-0
4918,Who was the singer for Cocteau Twins?,Q588820,Cocteau Twins,Q289569,Elizabeth Fraser,text,Elizabeth Fraser,music,1664-0
3938,Where did music director Yuvan Shankar Raja born on?,Q1387724,Yuvan Shankar Raja,Q1352,Chennai,kb,Chennai,music,1334-3
1521,Who is the partner of Peter Morgan?,Q948122,Peter Morgan,Q485298,Gillian Anderson,text,Gillian Anderson,tvseries,506-4
3267,Which book is followed by The book Ulysses?,Q6511,Ulysses,Q6507,Finnegans Wake,infobox,Finnegans Wake,books,1110-0
3022,"Which actor portrayed Uncle Phil on the ""Fresh Prince of Bel-Air?""",Q309063,The Fresh Prince of Bel-Air,Q493077,James Avery,table,James Avery,tvseries,1027-0
1614,How many goals did Nicolò Barella score for Italy?,Q20090225,Nicol\u00F2 Barella,7,7,table,7,soccer,538-1
3699,When was Aretha Franklin's album Amazing Grace released?,Q3613741,Amazing Grace,1972-06-01T00:00:00Z,1 June 1972,text,"June 1, 1972",music,1254-3
2579,Who is the author of the book series Dune?,Q190192,Dune,Q7934,Frank Herbert,text,Frank Herbert,books,870-0
4522,Which year was the novel Emma written?,Q223880,Emma,1815-01-01T00:00:00Z,1815,kb,1815,books,1531-0
1032,Who is the singer of the music album Unbroken?,Q249113,Unbroken,Q41173,Demi Lovato,text,Demi Lovato,music,344-1
428,What movie fetched the actor Sean Connery an Academy Award?,Q4573,Sean Connery,Q108525,The Untouchables,table,The Untouchables,movies,142-2
2821,"What was the main subject of the book ""To Kill a Mockingbird""?",Q212340,To Kill a Mockingbird,Q8461,Racism,kb,racism,books,960-1
4836,"Who were the main protagonist in ""The Walking Dead"" TV series?",Q232737,The Walking Dead,Andrew Lincoln as Rick Grimes,Andrew Lincoln as Rick Grimes,text,Andrew Lincoln as Rick Grimes,tvseries,1636-3
2135,What movie started the air disaster series of films in 1970?,Q409022,Airport,Q409022,Airport,text,Airport,movies,712-0
2274,What league does the team participate in?,Q212819,V\u00E5lerenga Fotball,Q201671,Eliteserien,infobox,Eliteserien,soccer,758-3
1855,Sean Johnson was the second choice goalkeeper behind which player during the 2013 CONCACAF Gold Cup?,Q2458826,Sean Johnson,Q1356730,Nick Rimando,text,Nick Rimando,soccer,618-2
1473,"How many copies of The Hunger Games were sold by February, 2010?",Q11678,The Hunger Games,"800,000","800,000",text,"800,000",books,490-4
3515,What was the name of Ghostbusters' sequel?,Q108745,Ghostbusters,Q492214,Ghostbusters II,text,Ghostbusters II,movies,1192-3
3611,What record come out in 2005 from the band Augustana?,Q765947,Augustana,Q2837622,All the Stars and Boulevards,table,All the Stars and Boulevards,music,1225-0
198,Who created the TV show Modern Family?,Q16756,Modern Family,Q983238,Christopher Lloyd,infobox,Christopher Lloyd;Steven Levitan,tvseries,66-0
2173,Was the song Fade to Black on Metallica's Ride the Lightning?,Q190989,Ride the Lightning,Yes,Yes,text,Yes,music,724-2
3146,In what year did the El Salvador national football team win the CCCF Championship?,Q188228,El Salvador national football team,1943-01-01T00:00:00Z,1943,table,1943,soccer,1068-3
4539,What is the genre of Mork & Mindy?,Q988037,Mork & Mindy,Q336059,science fiction television series,kb,science fiction television series,tvseries,1536-4
1082,How many books published in Earth's Children series?,Q999222,Earth's Children hexalogy,6,6,kb,6,books,360-2
4604,How many goals did Paul Pogba scored for France national under-18 football team?,Q129027,Paul Pogba,1,1,table,1,soccer,1558-3
3722,When will the film Passengers be released?,Q20962283,Passengers,2015-12-21T00:00:00Z,21 December 2015,kb,21 December 2015,movies,1262-2
691,In which year the last book of the series The Expanse released?,Q19610143,The Expanse,2021-01-01T00:00:00Z,2021,kb,2021,books,230-2
1543,location of formation of the gang of four band?,Q1130624,Gang of Four,Q39121,Leeds,infobox,Leeds,music,514-2
3966,what is genre the music  Avenged Sevenfold ?,Q165193,Avenged Sevenfold,Q105789,heavy metal,kb,heavy metal,music,1344-1
2783,Who are the creators of the TV show The Big Bang Theory?,Q8539,The Big Bang Theory,Q430844,Chuck Lorre,infobox,Chuck Lorre;Bill Prady,tvseries,947-0
1139,country of Brazil national football team?,Q83459,Brazil national football team,Q155,Brazil,kb,Brazil,soccer,379-0
2607,Which Confederation belongs to Argentina football team?,Q79800,Argentina national football team,Q58733,CONMEBOL,infobox,CONMEBOL,soccer,878-4
4270,Who played the Hanna character role in the series Hanna?,Q61473527,Esm\u00E9 Creed-Miles,Q48102683,Hanna,text,Esmé Creed-Miles,tvseries,1446-2
4512,What position does David Beckham play in?,Q10520,David Beckham,Q193592,midfielder,infobox,midfielder,soccer,1528-1
4751,In which place was Fabio Cannavaro born?,Q102027,Fabio Cannavaro,Q2634,Naples,kb,Naples,soccer,1608-2
4172,Has Keanu Reeves got an Academy award?,Q43416,Keanu Reeves,No,No,text,No,movies,1412-4
150,Who is the author of the novel series Redwall?,Q1247790,Redwall,Q468851,Brian Jacques,kb,Brian Jacques,books,50-0
3853,What is the number of seasons in Gilmore Girls?,Q193462,Gilmore Girls,7,7,infobox,7,tvseries,1306-2
1306,Where are Simon & Garfunkel from?,Q484918,Simon & Garfunkel,Q60,New York City,infobox,New York City,music,434-4
972,What is the birth place of Justin Bieber?,Q34086,Justin Bieber,Q92561,London,table,London,music,324-1
2072,Who was the winner of the Nobel Prize in Literature the year Brave New World was published?,Q191949,Brave New World,Q82248,John Galsworthy,table,John Galsworthy,books,690-3
2522,Which 1997 film has also won 11 Academy Awards?,Q19020,Academy Awards,Q44578,Titanic,text,Titanic,movies,842-0
1076,Where is the Charlotte Football Club stadium located?,Q78944434,Charlotte FC,Q806673,Bank of America Stadium,kb,"Bank of America Stadium, Charlotte",soccer,358-2
2424,Mohamed Salah is which religion belongs to?,Q1354960,Mohamed Salah,Q47740,Muslim,kb,Muslim,soccer,808-4
4771,What album is the Imagine Dragons song Believer on?,Q391348,Imagine Dragons,Q29868187,Evolve,kb,Evolve,music,1614-4
1966,How many band member did The Beatles have?,Q1299,The Beatles,Q76440535,Four,kb,Four,music,655-0
2057,What TV series did Michael Hirst write in 2013?,Q2580228,Michael Hirst,Q2579463,Vikings,text,Vikings,tvseries,686-0
1041,"What is the elevation of the Paris, Texas?",Q830149,Paris,600 ft,600 ft,text,600 ft,tvseries,346-4
588,What is the original language of the TV series Hanna?,Q48102683,Hanna,Q1860,English,text,English,tvseries,196-1
1869,Who did Terence Stamp play in Star Wars: Episode I – The Phantom Menace?,Q77298,Terence Stamp,Q51805,list of Star Wars characters,table,Finis Valorum,movies,622-4
4191,Total number of goals scored by Franz Beckenbauer for Bayern Munich?,Q4457,Franz Beckenbauer,75,75,table,75,soccer,1419-0
1126,who is the producer of love me like you do song?,Q18758167,Love Me Like You Do,Q318223,Max Martin,infobox,"Max Martin,Ali Payami",music,374-4
2513,How many times has Spain's Olympic football team played in the Olympics?,Q2637337,Spain national under-23 football team,5,5,infobox,5,soccer,838-3
1326,Who played as chemist in Rise of the Planet of the Apes?,Q243983,Rise of the Planet of the Apes,Q306403,James Franco,text,James Franco,movies,442-0
4243,What actor portrayed Sam Malone?,Q732063,Cheers,Q381203,Ted Danson,text,Ted Danson,tvseries,1437-0
1033,What is the birth place of the singer Demi Lovato?,Q41173,Demi Lovato,Q34804,Albuquerque,infobox,"Albuquerque, New Mexico",music,344-2
3097,Which actor in Juice was a rapper?,Q642419,Juice,Q6107,Tupac Shakur,text,Tupac Shakur,movies,1052-2
2500,How many Grammy awards did John Prine win?,Q520296,John Prine,5,5,table,5,music,834-2
1437,How many goals did the second place score in the 2020-2021 Premier league season?,Q69622172,2020\u201321 Premier League,22,22,table,22,soccer,478-4
3412,What is the population density of Stuttgart?,Q1022,Stuttgart,"3,000/km2","3,000/km2",infobox,"3,000/km2",soccer,1158-2
268,Who is the Mayor of the La Louvière?,Q211572,La Louvi\u00E8re,Q29871193,Jacques Gobert,infobox,Jacques Gobert,soccer,88-4
905,Who is the director of the flim The Princess Bride?,Q507189,Andrew Scheinman,Q506418,The Princess Bride,infobox,Rob Reiner,movies,302-0
2953,In which year did the album Sunoh released?,Q7640949,Sunoh,1996-01-01T00:00:00Z,1996,kb,1996,music,1004-1
3229,Squid Game TV-series was released by Netflix in which year?,Q48326845,Cobra Kai,2021-01-01T00:00:00Z,2021,kb,2021,tvseries,1096-2
2810,when was the famous TV Series The Witcher was released?,Q47500433,The Witcher,2019-01-01T00:00:00Z,2019,kb,2019,tvseries,956-2
676,How many duration time of Bad Habits song?,Q107341752,Bad Habits,231 second,231 second,kb,231 second,music,225-0
3256,Who produced the music album Aap Kaa Surroor?,Q4661623,Aap Kaa Surroor,Vijay Taneja,Vijay Taneja,kb,Vijay Taneja,music,1105-0
4680,What is the name of Steven Tyler's oldest daughter?,Q194045,Steven Tyler,Q168763,Liv Tyler,kb,Liv Tyler,music,1584-3
1179,What is the release date of the Godzilla vs. Kong movie?,Q56307503,Godzilla vs. Kong,2021-03-31T00:00:00Z,31 March 2021,infobox,31 March 2021,movies,392-3
2014,In which year was the novel Beloved published?,Q971767,Beloved,1987-01-01T00:00:00Z,1987,kb,1987,books,671-0
539,What is the publication date of the novel Revolution 2020?,Q7318662,Revolution 2020,2011-10-05T00:00:00Z,5 October 2011,kb,5 October 2011,books,180-0
793,What was the name of the next album released by Alexandra Stan after Saxobeats?,Q1933848,Saxobeats,Q17625735,Clich\u00E9 (Hush Hush),kb,Cliché (Hush Hush),music,264-2
448,Is the football club also known by the name The Toffees?,Q5794,Everton F.C.,Yes,Yes,text,Yes,soccer,148-4
3338,when was The Who band incepted?,Q93346,The Who,Q5439758,February 1964,infobox,February 1964,music,1134-0
2836,"What movie name of the song ""Love Me Like You Do"" placed?",Q18758167,Love Me Like You Do,Q19000387,Fifty Shades of Grey \u2013 Original Motion Picture Soundtrack,text,Fifty Shades of Grey,music,964-4
2998,which time period of using Adidas kits in Manchester united ?,Q18656,Manchester United F.C.,2015;2021,2015;2021,table,2015;2021,soccer,1019-0
2515,What team won the gold medal for men's soccer during the 2020 Summer Olympics?,Q61056311,football at the 2020 Summer Olympics \u2013 men's tournament,Q899189,Brazil Olympic football team,infobox,Brazil,soccer,839-0
271,"What was primary language of the novel ""Wuthering Heights ""?",Q202975,Wuthering Heights,Q28224411,English,infobox,English,books,90-1
3510,What was London's name when it was a Roman settlement?,Q84,London,Q927198,Londinium,infobox,Londinium,books,1190-4
105,What is the name of the lead vocalist of the music band Rammstein?,Q25177,Rammstein,Q154852,Till Lindemann,text,Till Lindemann,music,34-3
557,Who is the creator of the TV series Dark Desire?,Q85809906,Dark Desire,Leticia López Margalli,Leticia López Margalli,infobox,Leticia López Margalli,tvseries,186-0
3212,The book Moby-Dick was written by Herman Melville in which year?,Q174596,Moby-Dick,1851-01-01T00:00:00Z,1851,infobox,1851,books,1090-3
2673,who is the publisher of Homeland Elegies book?,Q105082070,Homeland Elegies,Q552959,"Little, Brown and Company",infobox,"Little, Brown and Company",books,910-3
1547,What is the The tunnel tv series based on?,Q15104549,The Tunnel,Q1211796,The Bridge,infobox,The Bridge,tvseries,516-0
2064,What position does Hugo Lloris play in the field?,Q1907,Hugo Lloris,Q201330,goalkeeper,kb,goalkeeper,soccer,688-1
3080,Total number of episodes in Travelers series?,Q24705137,Travelers,34,34,kb,34,tvseries,1046-3
222,D12 had how many band members?,Q154543,D12,8,8,text,8,music,74-0
327,Who is Neymar's official sponsor?,Q142794,Neymar,Q51482,Red Bull,infobox,Red Bull,soccer,108-3
4255,Which book was followrd by Tarzan of the Apes?,Q655296,Tarzan of the Apes,Q2441302,The Return of Tarzan,infobox,The Return of Tarzan,books,1441-0
4213,"What year did the show the Rookies, with Nathan Filion, launch?",Q48744320,The Rookie,2018-01-01T00:00:00Z,2018,text,2018,tvseries,1426-3
3845,Which boy band had Justin Timberlake and Lance Bass as members?,Q43432,Justin Timberlake,Q154454,NSYNC,text,NSYNC,music,1304-0
1285,What is the height of Jean Makoun?,Q213119,Jean Makoun,5 ft 8 in,5 ft 8 in,infobox,5 ft 8 in,soccer,428-1
4748,Who is the creator of the TV series True Blood?,Q186219,True Blood,Q1752144,Alan Ball,infobox,Alan Ball,tvseries,1607-0
336,who is the director of the flim tom and jerry?,Q65921361,Tom & Jerry,Q2005037,Tim Story,infobox,Tim Story,movies,112-0
533,Who Is the Creator of the Elite TV Series?,Q53000974,Elite,Q42908469,Carlos Montero,table,"Carlos Montero, Darío Madrona",tvseries,177-0
3711,What is the name of the head coach Patxi Salinas's brother?,Q2606664,Patxi Salinas,Q155290,Julio Salinas,kb,Julio Salinas,soccer,1258-3
3613,What show did Leslie Jordan have a recurring role on in 2005?,Q684370,Leslie Jordan,Q308984,Boston Legal,table,Boston Legal,tvseries,1226-1
4411,Who directed Back to the Future?,Q91540,Back to the Future,Q187364,Robert Zemeckis,text,Robert Zemeckis,movies,1493-0
2691,who is the executive producer of True Detective series?,Q7847400,True Detective,Q7024302,Nic Pizzolatto,kb,Nic Pizzolatto,tvseries,916-3
2089,"Which cable channel hosted Good Eats' spin-off show, Good Eats: Reloaded?",Q5582546,Good Eats,Q2711805,Cooking Channel,text,Cooking Channel,tvseries,696-2
4382,Which year did the band Ancient Bards form?,Q3615207,Ancient Bards,2006-01-01T00:00:00Z,2006,kb,2006,music,1484-0
1810,"What movie has a longer runtime, Hamlet or Gone With the Wind?",Hamlet,Hamlet,Q898721,Hamlet,infobox,Hamlet,movies,603-0
3286,What is the Genre  of the tv series wizards of waverly place?,Q17113138,teen sitcom,Q184342,Wizards of Waverly Place,infobox,teen sitcom,tvseries,1116-1
375,Who founded Arcade Fire?,Q58608,Arcade Fire,Q1349573,Win Butler,text,Win Butler;Josh Deu,music,124-3
1496,Who founded Chelsea Football Club?,Q9616,Chelsea F.C.,Q955255,Gus Mears,text,Gus Mears,soccer,498-3
1763,Who oversees men's soccer at the highest level in the United States?,Q17437798,good article,Q18543,Major League Soccer,kb,Major League Soccer,soccer,588-0
1468,What is the name of the player who had captained Arsenal and was named its head coach in 2019?,Q9617,Arsenal F.C.,Q185572,Mikel Arteta,text,Mikel Arteta,soccer,489-0
4932,Which player scored the most goals for the D.C. United during the 1996 Major League Soccer season?,Q238593,D.C. United,Q2035466,Ra\u00FAl D\u00EDaz Arce,table,Raúl Díaz Arce,soccer,1668-2
3728,What ethnic group does Beyoncé belong to?,Q36153,Beyonc\u00E9,Q49085,African American,infobox,African Americans,music,1264-2
438,Who created the series Peaky Blinders?,Q14944179,Peaky Blinders,Q1337354,Steven Knight,infobox,Steven Knight,tvseries,146-0
1639,Who composed Parampara?,Q110174250,Parampara,Naresh Kumaran,Naresh Kumaran,infobox,Naresh Kumaran,tvseries,546-2
1938,What was Saved by the Bell originally called?,Q1026823,Saved by the Bell,Q639023,"Good Morning, Miss Bliss",text,"Good Morning, Miss Bliss",tvseries,646-1
3319,"Director of ""Mare of Easttown""",Q61040213,Mare of Easttown,Q5181627,Craig Zobel,kb,Craig Zobel,tvseries,1127-0
4432,"What is the name of the ""Ulysses"" novel's publisher?",Q6511,Ulysses,Q1503157,Shakespeare and Company,infobox,Shakespeare and Company,books,1500-2
3426,What year was this movie released in?,Q12101263,The Art of Marriage,1970-01-01T00:00:00Z,1970,text,1970,movies,1162-4
1877,Who played Captain Kirk in the original Star Trek series?,Q1077,Star Trek: The Original Series,Q16297,William Shatner,text,William Shatner,tvseries,626-0
3354,What is the Bruno Fernandes sport number?,Q4979316,Bruno Fernandes,18,18,infobox,18,soccer,1138-4
3194,When was G N' R Lies released?,Q834994,G N' R Lies,1988-01-01T00:00:00Z,1988,text,1988,music,1084-3
2533,What is the rap name of the rapper who also is famous as Slim Shady?,Q19929372,Slim Shady,Q5608,Eminem,text,Eminem,music,845-0
3127,What is Raiders of the Lost Ark named after?,Q174284,Raiders of the Lost Ark,Q131316,Ark of the Covenant,kb,Ark of the Covenant,movies,1062-2
3646,distribution format of the tv series High Seas?,Q723685,Video on demand,Q59591953,High Seas,kb,video on demand,tvseries,1236-4
963,When will the To Kill a Mockingbird book be released?,Q212340,To Kill a Mockingbird,1960-07-11T00:00:00Z,11 July 1960,infobox,11 July 1960,books,320-4
4179,What year did The Pussycat Dolls start?,Q102385,The Pussycat Dolls,2003-01-01T00:00:00Z,2003,infobox,2003,music,1415-0
2004,What is the birth name of the Alisson ?,Q18237361,Alisson,Alisson Ramses Becker,Alisson Ramses Becker,infobox,Alisson Ramses Becker,soccer,668-1
2534,On what channel was the TV show Entourage first aired?,Q253205,Entourage,Q23633,HBO,text,HBO,tvseries,846-0
4304,What is the date of birth of the Bojan Krkić?,Q179172,Bojan Krki\u0107,1990-08-28T00:00:00Z,28 August 1990,kb,28 August 1990,soccer,1458-0
95,Who is the author of the book Wuthering Heights?,Q202975,Wuthering Heights,Q80137,Emily Bront\u00EB,infobox,Emily Brontë,books,31-0
4541,What year was San Jose Earthquakes founded?,Q575370,San Jose Earthquakes,1994-01-01T00:00:00Z,1994,text,1994,soccer,1538-0
1795,What is the height of Dele Alli?,Q10553748,Dele Alli,6 ft 2 in,6 ft 2 in,text,6 ft 2 in,soccer,598-2
4175,What was the name of the second album by The Pussycat Dolls?,Q102385,The Pussycat Dolls,Q1047959,Doll Domination,text,Doll Domination,music,1414-1
3930,Who distributes the flim Ratatouille?,Q1005887,F\u00F3rum Hungary,Q170035,Ratatouille,kb,Fórum Hungary,movies,1332-1
1505,What is the release date of Chhorii?,Q104879238,Chhorii,2021-11-26T00:00:00Z,26 November 2021,kb,26 November 2021,movies,502-0
2698,who is the director of FC Barcelona team?,Q7156,FC Barcelona,Q11936183,Mateu Alemany,table,Mateu Alemany,soccer,918-4
1594,Who was the author of the book Animal Farm?,Q1396889,Animal Farm,Q3335,George Orwell,infobox,George Orwell,books,531-0
4673,Which studio animated the film Howl's Moving Castle?,Q29011,Howl's Moving Castle,Q182950,Studio Ghibli,text,Studio Ghibli,movies,1582-2
1020,Who is the writer of the novel Train to Pakistan?,Q3764753,Train to Pakistan,Q1740716,Khushwant Singh,text,Khushwant Singh,books,340-1
2386,who is the director of the The dark series?,Q28443710,Dark,Q2883803,Baran bo Odar,infobox,Baran bo Odar,tvseries,796-2
1262,Who wrote the Moby-Dick?,Q174596,Moby-Dick,Q4985,Herman Melville,kb,Herman Melville,books,420-2
4220,What year was Carli Lloyd born?,Q445344,Carli Lloyd,1982-01-01T00:00:00Z,1982,kb,1982,soccer,1428-4
4303,Who created the Ghoul?,Q48673879,Ghoul,Q7146590,Patrick Graham,infobox,Patrick Graham,tvseries,1457-0
1254,Keisuke Honda started his professional soccer career with which club?,Q202054,Keisuke Honda,Q249662,Nagoya Grampus,infobox,Nagoya Grampus,soccer,418-0
3187,"When did John Wick 2, the sequel come out in the US?",Q21451640,John Wick: Chapter 2,2017-01-01T00:00:00Z,2017,kb,2017,movies,1082-2
2568,Who does John Ritter play in Three's Company?,Q314812,John Ritter,Q6115540,Jack Tripper,text,Jack Tripper,tvseries,866-1
4945,Spouse of Matt Damon?,Q175535,Matt Damon,Q17118995,Luciana Boz\u00E1n Barroso,kb,Luciana Bozán Barroso,movies,1672-3
3799,Did the United States men's national team coached by Bob Bradley made it to the World Cup knockout stage?,Q164134,United States men's national soccer team,Yes,Yes,text,Yes,soccer,1288-2
4145,What is the notable work by Britney Spears in 2004?,Q11975,Britney Spears,Q379751,Toxic,text,Toxic,music,1404-1
3827,What is Ronaldinho full name?,Q39444,Ronaldinho,Q19819804,Ronaldo,infobox,Ronaldo de Assis Moreira,soccer,1298-0
1596,Which movie has the longest run time in the Bridget Jones film series?,Q27657001,Bridget Jones,Q11909982,Bridget Jones's Baby,infobox,Bridget Jones's Baby,movies,532-1
4852,Where did Ellar Coltrane born?,Q16728806,Ellar Coltrane,Q16559,Austin,kb,Austin,movies,1642-1
1327,When did James Franco born?,Q306403,James Franco,1978-04-19T00:00:00Z,19 April 1978,kb,19 April 1978,movies,442-1
4929,On what date was the first episode of I Love Lucy shown?,Q181943,I Love Lucy,1951-10-15T00:00:00Z,15 October 1951,infobox,15 October 1951,tvseries,1667-0
3787,When was Behind the Front released?,Q290548,Behind the Front,1998-06-30T00:00:00Z,30 June 1998,infobox,30 June 1998,music,1284-2
3828,What is the date of birth of Ronaldinho?,Q39444,Ronaldinho,1980-03-21T00:00:00Z,21 March 1980,infobox,21 March 1980,soccer,1298-1
2753,creative director of the TV series RadhaKrishn?,Q56485183,RadhaKrishn,Nitin Mathura Gupta,Nitin Mathura Gupta,kb,Nitin Mathura Gupta,tvseries,937-0
3102,Where was Maurice White when he passed?,Q1295870,Maurice White,Q65,Los Angeles,kb,Los Angeles California,music,1054-1
3450,Which genre does N. K. Jemisin write in?,Q2427544,N. K. Jemisin,Q9326077,speculative fiction,kb,speculative fiction,books,1170-4
2303,In what league is playing Lionel Messi in 2021?,Q615,Lionel Messi,Q13394,Ligue 1,text,Ligue 1,soccer,768-2
3620,Who coached the Los Angeles Salsa?,Q2841062,Los Angeles Salsa,Q38794,Rildo da Costa Menezes,infobox,Rildo da Costa Menezes,soccer,1228-2
168,Who is the director of the TV series Imlie?,Q104572703,Imlie,Q59626429,Atif Khan,infobox,Atif Khan,tvseries,56-0
788,What were the box office numbers of the original Dune film?,Q114819,Dune,"30,925,690 United States dollar","30,925,690 United States dollar",kb,"30,925,690 United States dollar",movies,262-3
3675,Who played the character of the flash in The Flash?,Q15711398,The Flash,Q713820,Grant Gustin,text,Grant Gustin,tvseries,1246-3
3340,What genre does this 'The Who' band belong to?,Q93346,The Who,Q217467,art rock,infobox,art rock,music,1134-2
2969,Author of The Scarlet Letter?,Q907568,The Scarlet Letter,Q69339,Nathaniel Hawthorne,kb,Nathaniel Hawthorne,books,1010-0
1011,What channel was Æon Flux on?,Q127310,\u00C6on Flux,Q43359,MTV,kb,MTV,tvseries,336-4
612,What genre does this 'Queen' band belong to?,Q15862,Queen,Q49451,Progressive rock,infobox,progressive rock,music,204-1
504,What is the date of birth of the soccer player Jadon Sancho?,Q30148558,Jadon Sancho,2000-03-25T00:00:00Z,25 March 2000,kb,25 March 2000,soccer,168-0
1471,What trilogy is The Hunger Games in?,Q11679,The Hunger Games,Q11678,The Hunger Games,text,The Hunger Games,books,490-2
3824,How many seasons was there in Supernatural?,Q130585,Supernatural,Q50661865,Fifteen,table,Fifteen,tvseries,1296-3
640,Release year of the movie The Matrix?,Q83495,The Matrix,1999-01-01T00:00:00Z,1999,kb,1999,movies,213-0
2121,Who is the director of Elite(TV series)?,Q53000974,Elite,Q3929980,Ram\u00F3n Salazar,kb,Ramón Salazar,tvseries,706-4
4735,Who was Nicole Kidman's husband in 2006?,Q37459,Nicole Kidman,Q315547,Keith Urban,kb,Keith Urban,movies,1602-4
170,Who developed the TV series Imlie?,Q104572703,Imlie,Q79965217,Leena Gangopadhyay,infobox,Leena Gangopadhyay,tvseries,56-2
4189,What is the name of the CEO of FC Bayern Munich?,Q15789,FC Bayern Munich,Q131261,Oliver Kahn,infobox,Oliver Kahn,soccer,1418-3
2315,Blade Runner Movie was released in which year?,Q184843,Blade Runner,1982-01-01T00:00:00Z,1982,table,1982,movies,772-2
3978,who is Association of United States men's national soccer team?,Q21621995,Kylian Mbapp\u00E9,Q222131,United States Soccer Federation,infobox,United States Soccer Federation,soccer,1348-1
1937,Who played Zack Morris in Saved by the Bell?,Q1026823,Saved by the Bell,Q719330,Mark-Paul Gosselaar,kb,Mark-Paul Gosselaar,tvseries,646-0
3396,Which is the Debut movie as producer of Ashutosh Gowariker?,Q281249,Ashutosh Gowariker,Q1759650,Swades,table,Swades,movies,1152-4
803,When was the Maracanazo played?,Q754483,Uruguay v Brazil 1950,1950-07-16T00:00:00Z,16 July 1950,kb,16 July 1950,soccer,268-0
3466,What TV series did the Duffer Brothers write for in 2015?,Q26097618,Duffer Brothers,Q16867394,Wayward Pines,table,Wayward Pines,tvseries,1176-2
2517,What genre is the book Adventures of Huckleberry Finn?,Q215410,Adventures of Huckleberry Finn,Q44563,picaresque novel,infobox,picaresque novel,books,840-1
1656,Who distributes the film The Secret Life of Pets?,Q168383,Universal Studios,Q18844656,The Secret Life of Pets,infobox,Universal Pictures,movies,552-1
4906,What's the name of the first book in the Wheel of Time series?,Q4470,The Wheel of Time,Q477994,The Eye of the World,table,The Eye of the World,books,1660-0
909,who is the composer of the flim The Princess Bride?,Q506418,The Princess Bride,Q185343,Mark Knopfler,text,Mark Knopfler,movies,302-4
4599,What is the audio format of The 100 TV series?,Q13098946,The 100,Q622624,Dolby Digital,infobox,Dolby Digital 5.1,tvseries,1556-4
4330,"How many number of seasons in the series ""Dexter""?",Q23577,Dexter,8,8,infobox,8,tvseries,1466-2
2622,In what state did the band Slipknot form?,Q254138,Slipknot,Q1546,Iowa,infobox,Iowa,music,884-1
656,What is the full name of Lionel Messi?,Q615,Lionel Messi,Q615,Lionel Messi,kb,Lionel Andrés Messi Cuccittini,soccer,218-3
3923,Who writes the book the Jane Eyre?,Q127332,Charlotte Bront\u00EB,Q182961,Jane Eyre,table,Charlotte Brontë,books,1330-0
3377,Who was the director for The World Ten Times Over?,Q7776051,The World Ten Times Over,Q329438,Wolf Rilla,infobox,Wolf Rilla,tvseries,1146-3
4710,who was the vocalist of Fleetwood Mac?,Q106648,Fleetwood Mac,Q283796,Christine McVie,kb,Christine McVie,music,1594-3
4372,Who published Roald Dahl's The Gremlins?,Q2578646,The Gremlins,Q7414,The Walt Disney Company,infobox,Walt Disney Company,books,1480-2
2917,In what place was the actor Clint Eastwood born?,Q43203,Clint Eastwood,Q62,San Francisco,kb,San Francisco,movies,992-1
3703,What is the name of the role played by Michael C. Hall in the TV show Six Feet Under?,Q203268,Michael C. Hall,Q5233661,David Fisher,table,David Fisher,tvseries,1256-1
4520,Who published Emma?,Q223880,Emma,Q1232629,John Murray,infobox,John Murray,books,1530-3
4127,Who was the head coach for New York FC when they won the MLS Cup in 2021?,Q13361030,New York City FC,Q1784080,Ronny Deila,text,Ronny Deila,soccer,1398-1
2606,Who owned by Argentina football team?,Q79800,Argentina national football team,Q496548,Argentine Football Association,text,Argentine Football Association,soccer,878-3
4177,Who influenced Nicole Scherzinger the most?,Q167696,Nicole Scherzinger,Q34389,Whitney Houston,text,Whitney Houston,music,1414-3
218,who played Captain McKenna in 21 bridges?,Q58411015,21 Bridges,Q150482,J. K. Simmons,text,J.K. Simmons,movies,72-2
1288,What are some other names of Lille OSC?,Q19516,Lille OSC,"Les Dogues, The Mastiffs","Les Dogues, The Mastiffs",infobox,"Les Dogues, The Mastiffs",soccer,428-4
1977,How many international game di Neymar play for Brazil?,Q142794,Neymar,12,12,table,12,soccer,658-4
4017,how many pages of Ulysses book?,Q6511,Ulysses,730,730,infobox,730,books,1360-4
3429,What was the second single released from this album?,Q65090802,Amala,Q86603333,Candy,infobox,Candy,music,1164-1
518,Who was inspired by the film 12 Years a Slave?,Q3023357,12 Years a Slave,Q7857661,Twelve Years a Slave,infobox,Twelve Years a Slave,movies,172-2
4964,Who is the owner of Chelsea F.C.?,Q9616,Chelsea F.C.,Q171428,Roman Abramovich,kb,Roman Abramovich,soccer,1678-4
3956,what is the language of Crime and Punishment book?,Q165318,Crime and punishment,Q7737,Russian,table,Russian,books,1340-3
3723,Who is the distributor of the film Passengers?,Q186941,Columbia Pictures,Q907311,Netflix,infobox,"Columbia Pictures, InterCom, Netflix",movies,1262-3
3244,Who published the book The Monk Who Sold His Ferrari?,Q17069725,The Monk Who Sold His Ferrari,Q95149,HarperCollins,infobox,HarperCollins,books,1101-0
3296,"Who was the author of the book ""To the Lighthouse""?",Q478016,To the Lighthouse,Q40909,Virginia Woolf,kb,Virginia Woolf,books,1120-0
3086,Where did Robert Lewandowski born?,Q151269,Robert Lewandowski,Q270,Warsaw,kb,Warsaw,soccer,1048-3
2009,What is the publication year of the novel Beloved?,Q971767,Beloved,1987-01-01T00:00:00Z,1987,kb,1987,books,670-0
1571,Lin-Manuel Miranda won his first grammy for what musical?,Q1646482,Lin-Manuel Miranda,Q12810054,In the Heights,kb,In the Heights,music,524-0
4112,"Was Sigourney Weaver's character, Ripley, alive at the end of Aliens?",Q104814,Aliens,Yes,Yes,text,Yes,movies,1392-4
274,"When was the book ""Wuthering Heights "" published?",Q202975,Wuthering Heights,Q16630526,December 1847,infobox,December 1847,books,90-4
3735,Locke & Key was filmed in what location?,Q649250,Royal Ontario Museum,Q172,Toronto,,"Toronto, Royal Ontario Museum",tvseries,1266-3
4532,How many Grammy Awards did Michael Jackson win?,Q41254,Grammy Award,15,15,text,15,music,1534-3
662,who is the publisher of The Mirror and the Light novel?,Q7751674,The Mirror and the Light,Q3132837,Henry Holt and Company,infobox,"HarperCollins,  Henry Holt and Company",books,220-3
3788,Which Black Eyed Peas member sang vocal on all the tracks for Behind the Front?,Q290548,Behind the Front,Q185610,will.i.am,text,will.i.am,music,1284-3
1425,Was Siegel–Schwall Band under the Wooden Nickel Records label?,Q8032582,Wooden Nickel Records,Yes,Yes,infobox,Yes,music,474-4
597,Where did Thomas Müller born?,Q43666,Thomas M\u00FCller,Q535674,Weilheim in Oberbayern,text,Weilheim in Oberbayern,soccer,198-4
4345,in what year was the first appearance of the character Jeeves in a book?,Q521812,Jeeves,1915-01-01T00:00:00Z,1915,kb,1915,books,1471-0
4779,Where is Orlando City SC from?,Q15214308,Orlando City SC,Q49233,Orlando,text,"Orlando, FL",soccer,1618-0
3019,What network originally ran this series?,Q948828,Tales of the Gold Monkey,Q169889,American Broadcasting Company,infobox,ABC,tvseries,1026-2
4460,Which publishing house released Peter Straub's novel Ghost Story?,Q5557174,Ghost Story,Q3093062,G. P. Putnam's Sons,kb,G. P. Putnam's Sons,books,1510-2
2548,which citizenship  Cristiano Ronaldo have?,Q11571,Cristiano Ronaldo,Q45,Portugal,infobox,Portugal,soccer,858-1
2346,Which is the first movie directed by Rohit Shetty?,Q6716074,Rohit Shetty,Q3574720,Zameen,table,Zameen,movies,782-3
364,What video game did Rhianna Pratchett work on that was released in 2013?,Q444174,Rhianna Pratchett,Q1757876,Tomb Raider,text,Tomb Raider,books,120-4
4369,Which soccer player won the European Golden shoe in the year 2005-2006?,Q233454,European Golden Shoe,Q186478,Luca Toni,table,Luca Toni,soccer,1479-0
3726,beyoncé has how many band members?,Q36153,Beyonc\u00E9,9,9,kb,9,music,1264-0
3303,"What was the running time of the movie ""The Irishman""?",Q29057443,The Irishman,209 minutes,209 minutes,infobox,209 minutes,movies,1122-1
2624,What is the fourth track on the album Slipknot by the band Slipknot?,Q743725,Slipknot,Q929774,Wait and Bleed,table,Wait and Bleed,music,884-3
583,What award did nominated for the Composer Ryuichi Sakamoto?,Q345494,Ryuichi Sakamoto,Q4376972,Grammy Award for Best Score Soundtrack for Visual Media,kb,Grammy Award for Best Score Soundtrack for Visual Media,music,194-2
2259,"What band performs ""Shut Up and Dance?""",Q18786700,Shut Up and Dance,Q3653206,Walk the Moon,kb,Walk the Moon,music,754-0
211,what is the second book of The Kent Family Chronicles?,Q642883,The Kent Family Chronicles,Q7759756,The Rebels,kb,The Rebels,books,70-1
60,What year was the first book of The Kingkiller Chronicle published?,Q2585559,The Kingkiller Chronicle,2007-01-01T00:00:00Z,2007,infobox,2007,books,20-0
4294,Which awards are won by Sour in 2021?,Q106316694,Sour,Q501058,People's Choice Awards,table,People's Choice Awards;Apple Music Awards,music,1454-2
665,who is the screen writter of Tenet?,Q63985561,Tenet,Q25191,Christopher Nolan,kb,Christopher Nolan,movies,222-0
3166,Which guitarist replaced Top Topham from the band The Yardbirds?,Q457160,Top Topham,Q48187,Eric Clapton,text,Eric Clapton,music,1075-0
3925,What is the genre of the book the Jane Eyre?,Q182961,Jane Eyre,Q223945,Bildungsroman,text,Bildungsroman,books,1330-2
4822,Which year the Captain Marvel film released?,Q23781129,Captain Marvel,2019-01-01T00:00:00Z,2019,text,2019,movies,1632-1
3873,Who is the first spouse of Anurag Kashyap?,Q4667435,Abhinav Kashyap,Q4662642,Aarti Bajaj,infobox,Aarti Bajaj,movies,1312-4
2366,soccer player Gareth Bale born on?,Q184586,Gareth Bale,1989-07-16T00:00:00Z,16 July 1989,kb,16 July 1989,soccer,789-0
1663,What is the music genre of Vanessa Paradis?,Q51023,Vanessa Paradis,Q37073,pop music,text,pop music,music,554-2
4462,Which novelist collaborated with Peter Straub on two different books?,Q364189,Peter Straub,Q39829,Stephen King,text,Stephen King,books,1510-4
3360,"Is Bryce Dallas Howard a filmmaker like her father, Ron Howard?",Q229775,Bryce Dallas Howard,Yes,Yes,text,Yes,books,1140-4
4635,Winners of the 2018 FIFA World cup?,Q170645,2018 FIFA World Cup,Q47774,France national association football team,infobox,France National Football Team,soccer,1569-0
1735,ate of birth of the player Memphis Depay?,Q1894,Memphis Depay,1994-02-13T00:00:00Z,13 February 1994,infobox,13 February 1994,soccer,578-2
641,In what year was the band Coldplay formed?,Q45188,Coldplay,1996-01-01T00:00:00Z,1996,text,1996,music,214-0
4267,Genre played by Eminem?,Q11401,hip hop music,Q5608,Eminem,text,hip hop music,music,1445-0
1778,On which channel Bring On the Night premiered on?,Q17023347,Bring on the Night,Q756445,MTV India,text,MTV,movies,592-3
24,Which country team did Paul Pogba play?,Q129027,Paul Pogba,Q142,France,kb,France,soccer,8-0
834,Where is the headquarters located of D.C. United soccer club?,Q238593,D.C. United,Q61,"Washington, D.C.",kb,"Washington, D.C.",soccer,278-1
1658,Who is the directorof the film The Secret Life of Pets?,Q18844656,The Secret Life of Pets,Q351884,Chris Renaud,kb,Chris Renaud,movies,552-3
2982,who is the writer of Dance Monkey song?,Q65071242,Dance Monkey,Q62887629,Tones and I,text,Tones and I,music,1014-1
1600,Which movie is the second in the Bridget Jones' series?,Q27657001,Bridget Jones,Q843612,Bridget Jones: The Edge of Reason,table,Bridget Jones: The Edge of Reason,movies,533-0
807,How many group points did Uruguay have after winning the Maracanazo?,Q754483,Uruguay v Brazil 1950,5,5,table,5,soccer,268-4
2639,"Britney Spears was a pianist, but who was she?",Q11975,Britney Spears,Q30903,Soprano,infobox,soprano,music,894-4
1490,Who provided the vocals for the theme song of The Cosby Show?,Q463999,The Cosby Show,Q213512,Bill Cosby,text,Bill Cosby,tvseries,496-3
3285,What is the award nominated for the tv series wizards of waverly place in year 2008?,Q5280671,Directors Guild of America Award for Outstanding Directing \u2013 Children's Programs,Q184342,Wizards of Waverly Place,table,Directors Guild of America Award for Outstanding Directing – Children's Programs,tvseries,1116-0
4040,who is the owner of RB Leipzig team?,Q702455,RB Leipzig,Q698639,Red Bull GmbH,text,Red Bull GmbH,soccer,1368-3
3539,"What was the genre of the book ""Sons and Lovers""?",Q80771,Sons and Lovers,Autobiographical novel,Autobiographical novel,infobox,Autobiographical novel,books,1200-3
74,Who was the drummer of U2 band?,Q396,U2,Q814065,Larry Mullen Jr.,text,Larry Mullen Jr.,music,24-2
1705,In 2021 which league did New England Revolution compete in?,Q309095,New England Revolution,Q18543,Major League Soccer,infobox,Major League Soccer,soccer,568-2
1696,OneRepublic achieved success on which social media platform before being signed?,Q1438730,OneRepublic,Q40629,Myspace,text,Myspace,music,565-0
1463,Which club captain was appointed as head coach by Arsenal in 2019?,Q9617,Arsenal F.C.,Q185572,Mikel Arteta,text,Mikel Arteta,soccer,488-0
3619,Which team was Kevin Grimes on in 1993?,Q6396402,Kevin Grimes,Q2841062,Los Angeles Salsa,infobox,Los Angeles Salsa,soccer,1228-1
2320,who was the vocal artist of Love Me Like You Do?,Q18758167,Love Me Like You Do,Q18758167,Love Me Like You Do,text,Ellie Goulding,music,774-1
3052,Genre of the tv series Riverdale?,Q23001951,Riverdale,Q775344,teen drama,infobox,teen drama,tvseries,1037-0
1279,How many episodes are in Hollywood?,Q85712059,Hollywood,7,7,text,7,tvseries,426-1
210,what year was the first book published of the series The Kent Family Chronicles?,Q7715785,The Bastard,1974-01-01T00:00:00Z,1974,text,1974,books,70-0
1711,What is the country of origin of the Black Beauty book?,Q4920353,Black Beauty,Q30,United States of America,table,United States of America,books,570-2
1259,Which club was Keisuke Honda's first professional soccer team?,Q202054,Keisuke Honda,Q249662,Nagoya Grampus,infobox,Nagoya Grampus,soccer,419-0
2735,Which year the book Digital Fortress got published?,Q207964,Digital Fortress,1998-01-01T00:00:00Z,1998,kb,1998,books,931-0
1160,What was Sean Maguire first show?,Q2094185,Sean Maguire,Q5595658,Grange Hill,table,Grange Hill,tvseries,386-2
1678,Where was Alessandro Del Piero born?,Q624,Alessandro Del Piero,Q47224,Conegliano,infobox,Conegliano,soccer,559-0
1110,which language of the book The Last Thing he told me?,Q106823028,The Last Thing he told me,Q28224411,English,kb,English,books,370-0
2848,Playing country of National Women's Soccer League?,Q1101443,National Women's Soccer League,Q30,United States of America,text,United States of America,soccer,969-0
1629,Who is the director of the film Jannat?,Q6155093,Jannat,Q6444153,Kunal Deshmukh,infobox,Kunal Deshmukh,movies,542-4
4898,What is the Original language of The Wheel of Time??,Q60746841,The Wheel of Time,Q1860,English,infobox,English,tvseries,1656-4
2674,What is the genre of Homeland Elegies book?,Q105082070,Homeland Elegies,Q12006952,Fiction,table,Fiction,books,910-4
373,What was Funeral's most successful single?,Q526196,Funeral,Q1606407,Rebellion (Lies),text,Rebellion (Lies),music,124-1
2187,What team was Cristiano Ronaldo on in 2010?,Q11571,Cristiano Ronaldo,Q8682,Real Madrid C.F.,infobox,Real Madrid CF,soccer,728-4
2618,Who was the spouse of Roger Rabbit in the film Who Framed Roger Rabbit?,Q2265878,Roger Rabbit,Q1631670,Jessica Rabbit,infobox,Jessica Rabbit,movies,882-3
633,What is the name of the Captain of the ship Pequod in Moby-Dick?,Q7166594,Pequod,Q2630009,Captain Ahab,text,Captain Ahab,books,210-4
2253,Ready Player One's protagonist?,Q3906523,Ready Player One,Q3906523,Ready Player One,text,Wade Watts,books,751-0
2719,"Who was the main character of the series ""Peaky Blinders""?",Q14944179,Peaky Blinders,Q202589,Cillian Murphy,kb,Cillian Murphy,tvseries,926-1
1619,Who is the writer of the novel The Kite Runner?,Q637839,The Kite Runner,Q193116,Khaled Hosseini,kb,Khaled Hosseini,books,540-0
4847,Who wrote the Dragonriders of Pern series?,Q1254342,Dragonriders of Pern,Q233046,Anne McCaffrey,kb,"Anne McCaffrey, Todd McCaffrey",books,1640-2
4397,Which Olympics did Messi compete in?,Q615,Lionel Messi,2008-01-01T00:00:00Z,2008,kb,2008,soccer,1488-3
1671,Who creates the tv series bones?,Q207803,Bones,Q570177,Hart Hanson,text,Hart Hanson,tvseries,556-4
259,Who played the role of Jonas Kahnwald as teen in Dark?,Q28443710,Dark,Q1871731,Louis Hofmann,table,Louis Hofmann,tvseries,86-1
1980,What is the genre of the Eragon book?,Q185449,Eragon,Q132311,Fantasy,text,fantasy,books,660-1
2244,Who is the head coach of Real Madrid CF?,Q8682,Real Madrid C.F.,Q174614,Carlo Ancelotti,infobox,Carlo Ancelotti,soccer,748-2
2030,For which TV series Jeff Davis is best known for?,Q1648159,Jeff Davis,Q202141,Criminal Minds,text,Criminal Minds,tvseries,676-3
3257,Who is the screenplay writer of the TV series Anupamaa?,Q86752959,Anupamaa,Q19665370,Bhavna Vyas,kb,Bhavna Vyas,tvseries,1106-0
128,What's the run time for all the movies in the Harry Potter film series combined?,Q216930,Harry Potter film series,1179 minutes,1179 minutes,infobox,1179 minutes,movies,42-2
3823,When was the sitcom Supernatural telecasted?,Q130585,Supernatural,2005-09-13T00:00:00Z,13 September 2005,infobox,13 September 2005,tvseries,1296-2
319,Who is the director of the fourth season of Peaky Blinders?,Q14944179,Peaky Blinders,Q2567853,David Caffrey,infobox,David Caffrey,tvseries,106-1
1278,What is the genre of Hollywood?,Q85712059,Hollywood,Q130232,drama film,infobox,Drama,tvseries,426-0
2543,What is the date of birth of Thiago Silva?,Q210453,Thiago Silva,1984-09-22T00:00:00Z,22 September 1984,kb,22 September 1984,soccer,848-3
4209,What was Iron Maidens year of formation?,Q42482,Iron Maiden,1975-01-01T00:00:00Z,1975,kb,1975,music,1425-0
1522,What is Category of TV series The Crown?,Q20707362,The Crown,Q19952568,historical fiction drama,infobox,Historical drama,tvseries,507-0
4524,Who wrote The Goodbye Girl?,Q679746,The Goodbye Girl,Q315808,Neil Simon,infobox,Neil Simon,movies,1532-1
1675,What is the sports team played in 2012 to 2014 by Alessandro Del Piero?,Q624,Alessandro Del Piero,Q330143,Sydney FC,table,Sydney FC,soccer,558-2
1340,What is the genre of The Rain Tv series?,Q48855569,The Rain,Q104123273,post-apocalyptic television series,kb,Drama;psychological thriller;post-apocalyptic;science fiction,tvseries,446-2
3353,What is the Bruno Fernandes's date of birth?,Q4979316,Bruno Fernandes,1994-09-08T00:00:00Z,8 September 1994,infobox,8 September 1994,soccer,1138-3
46,who is the producer of Save Your Tears song?,Q96405034,Save Your Tears,Q318223,Max Martin,infobox,Max Martin,music,14-4
3983,Which is the first novel of the book series Millennium?,Q847022,Millennium,Q678288,The Girl with the Dragon Tattoo,table,The Girl with the Dragon Tattoo,books,1350-0
4285,In which year was the novel Untouchable got published?,Q3641802,Untouchable,1935-01-01T00:00:00Z,1935,kb,1935,books,1451-0
4390,What actor played Gary in Are you Afraid of the Dark?,Q1418462,Are You Afraid of the Dark?,Q1281148,Ross Hull,kb,Ross Hull,tvseries,1486-2
2669,Who was the player Zinedine Zidane headbutts in 2006 FIFA World Cup?,Q1835,Zinedine Zidane,Q185081,Marco Materazzi,text,Marco Materazzi,soccer,909-0
4593,Who is the producer of the Dhoom album?,Q5269746,Dhoom,Roy Menezes,Roy Menezes,infobox,Roy Menezes,music,1554-4
4902,Which award nominated for Neymer?,Q142794,Neymar,Q680221,Laureus World Sports Award for Breakthrough of the Year,kb,Laureus World Sports Award for Breakthrough of the Year,soccer,1658-2
156,Who is the editor of the movie The Body?,Q85532356,The Body,Ayoob Khan,Ayoob Khan,infobox,Ayoob Khan,movies,52-0
1044,What is the full name of the soccer player Luis Suárez?,Q26517,Luis Su\u00E1rez,Luis Alberto Suárez Díaz,Luis Alberto Suárez Díaz,text,Luis Alberto Suárez Díaz,soccer,348-1
835,Who was the kit supplier for the D.C. United soccer club?,Q238593,D.C. United,Q4033399,Adidas,table,Adidas,soccer,278-2
180,Who wrote the book Lord of the Flies?,Q271764,Lord of the Flies,Q44183,William Golding,infobox,William Golding,books,60-0
4473,What was the song that catapulted Kurt Cobain and his Nirvana bandmates to fame?,Q8446,Kurt Cobain,Q485907,Smells Like Teen Spirit,text,Smells Like Teen Spirit,music,1514-3
4695,"What year was the first book of the series ""A Song of Ice and Fire' Published?",Q45875,A Song of Ice and Fire,1996-01-01T00:00:00Z,1996,infobox,1996,books,1590-0
1510,On which date the film Chhorii has released?,Q104879238,Chhorii,2021-11-26T00:00:00Z,26 November 2021,kb,26 November 2021,movies,503-0
4653,Formation year of the band U2?,Q396,U2,1976-01-01T00:00:00Z,1976,kb,1976,music,1575-0
891,How many season of The Mentalist aired?,Q204228,The Mentalist,Q11314407,Seven,table,Seven,tvseries,296-4
1432,When did Warehouse 13 come out in terms of years?,Q595889,Warehouse 13,2009-01-01T00:00:00Z,2009,infobox,2009,tvseries,477-0
2539,Which channel first premiered the TV series Entourage?,Q253205,Entourage,Q23633,HBO,text,HBO,tvseries,847-0
2906,"From what famous location did the term ""soccer"" originate?",Q2736,soccer,Q34433,University of Oxford,text,Oxford University,soccer,988-2
4752,Does Fabio Cannavaro's brother also play soccer?,Q102027,Fabio Cannavaro,Yes,Yes,text,Yes,soccer,1608-3
2611,In what year was A Tale of Two Cities published?,Q308918,A Tale of Two Cities,1859-01-01T00:00:00Z,1859,kb,1859,books,880-2
433,Where was the singer Jennifer Lopez born?,Q40715,Jennifer Lopez,Q18426,The Bronx,kb,The Bronx,music,144-1
25,Where was Paul Pogba born?,Q129027,Paul Pogba,Q9155,Lagny-sur-Marne,infobox,Lagny-sur-Marne,soccer,8-1
2722,"How many seasons in the series ""Peaky Blinders""?",Q14944179,Peaky Blinders,6,6,kb,6,tvseries,926-4
3185,Who played John Wick in the John Wick Series?,Q29554576,John Wick,Q29554576,John Wick,text,Keanu Charles Reeves,movies,1082-0
3174,What country does the football player Frank Lampard represent?,Q41533,Frank Lampard,Q21,England,kb,England,soccer,1078-1
1064,"When was the original version of the song ""I am not a woman, I’m a god"" released in USA?",Q108822278,"I Am Not a Woman, I'm a God",2021-08-31T00:00:00Z,31 August 2021,table,"August 31, 2021",music,354-3
4163,What is the occupation of Perry Mason?,Q377529,Perry Mason,Q40348,lawyer,kb,lawyer,books,1410-1
1839,Which movie did Steven Spielberg directed the same year as Catch Me If You Can?,Q8877,Steven Spielberg,Q244604,Minority Report,table,Minority Report,movies,612-4
728,What is the name of the spouse of actress Meryl Streep?,Q873,Meryl Streep,Q1271632,Don Gummer,kb,Don Gummer,movies,242-3
3547,"Who was the singer of the song ""Suddenly There's a Valley""?",Q7633654,Suddenly There's a Valley,Q162667,Glen Campbell,kb,Glen Campbell,music,1204-0
2099,What year was the last book of the series Percy Jackson & the Olympians published?,Q213167,Percy Jackson & the Olympians,2009-01-01T00:00:00Z,2009,infobox,2009,books,700-0
1524,What is the date of birth of Salif Diao?,Q350785,Salif Diao,1977-02-10T00:00:00Z,10 February 1977,text,10 February 1977,soccer,508-1
4178,"Whitney Houston sang ""I will Always Love You"" for what movie?",Q666856,I Will Always Love You,Q725946,The Bodyguard,text,The Bodyguard,music,1414-4
3809,Who directed Jumanji?,Q222939,Jumanji,Q352948,Joe Johnston,infobox,Joe Johnston,movies,1292-0
795,What music genre is the album Cliché (Hush Hush) by Alexandra Stan?,Q17625735,Clich\u00E9 (Hush Hush),Q851213,Electronic dance music,kb,electronic dance music,music,264-4
2388,when did the dark series start?,Q28443710,Dark,2017-12-01T00:00:00Z,1 December 2017,infobox,1 December 2017,tvseries,796-4
3391,What is the issue year of the novel Gaban?,Q28419570,Gaban,1931-01-01T00:00:00Z,1931,kb,1931,books,1151-0
4896,What is the Genre of TV Series The Wheel of Time?,Q60746841,The Wheel of Time,Q5434357,Fantasy television,infobox,fantasy television,tvseries,1656-2
776,Which team did Lindsey Horan play for in 2015?,Q6552885,Lindsey Horan,Q3365295,Paris Saint-Germain F\u00E9minine,text,Paris Saint-Germain Féminine,soccer,258-3
206,Where was Kylian Mbappé born?,Q21621995,Kylian Mbapp\u00E9,Q204622,19th arrondissement of Paris,kb,19th arrondissement of Paris,soccer,68-2
4912,Who directed the movie North by Northwest?,Q223139,North by Northwest,Q7374,Alfred Hitchcock,kb,Alfred Hitchcock,movies,1662-0
953,Which country does the soccer player Alessandro Del Piero represent?,Q624,Alessandro Del Piero,Q38,Italy,table,Italy,soccer,318-0
1202,What year was the book The Subtle Knife published?,Q472208,The Subtle Knife,1997-01-01T00:00:00Z,1997,text,1997,books,400-2
3591,who is the head coach of Al Hilal SFC team?,Q73965,Al-Hilal SFC,Q2162382,Leonardo Jardim,infobox,Leonardo Jardim,soccer,1218-3
165,Which is the associated label of the album LSD?,Q60741532,LSD,Q183387,Columbia Records,infobox,Columbia Records,music,54-3
4088,Name of John Barry's own musical band before composer?,Q111074,John Barry,Q7743357,The John Barry Seven,text,The John Barry Seven,music,1384-4
3745,"What is the name of the ""Jane Eyre"" novel's publisher?",Q182961,Jane Eyre,Q2295283,"Smith, Elder & Co.",infobox,"Smith, Elder & Co.",books,1270-1
1836,Which actor portrayed Frank Abagnale in the 2002 film Catch Me If You Can?,Q208108,Catch Me If You Can,Q38111,Leonardo DiCaprio,text,Leonardo DiCaprio,movies,612-1
3442,What college did he attend?,Q2865008,Arthur Blank,Q650167,Babson College,infobox,Babson College,soccer,1168-2
946,What is the year of formation of the band Def Leppard?,Q182890,Def Leppard,1977-01-01T00:00:00Z,1977,kb,1977,music,315-0
3355,What is Bruno Fernandes' height?,Q4979316,Bruno Fernandes,179 centimetre,179 centimetre,infobox,179 centimetre,soccer,1139-0
3616,How many episodes did they make of Boston Legal?,Q308984,Boston Legal,101,101,infobox,101,tvseries,1226-4
1944,What soccer player can use their hands?,Q2736,soccer,Q201330,goalkeeper,text,Goalkeeper,soccer,648-1
18,What is the genre of the tv series Lucifer?,Q19520525,Lucifer,Q9335577,crime television series,kb,crime serial,tvseries,6-0
419,Home field of Portland Timbers?,Q1031200,Portland Timbers,Q262291,Providence Park,infobox,https://www.Q262291,soccer,139-0
4497,Which is the year of publication of Inception?,Q25188,Inception,2010-01-01T00:00:00Z,2010,kb,2010,movies,1522-4
4035,How many seasons of Lucifer series?,Q19520525,Lucifer,6,6,infobox,6,tvseries,1366-4
2676,Who is the coustume designer of The Witches?,Q63630439,The Witches,Q3329792,Joanna Johnston,kb,Joanna Johnston,movies,912-0
411,What main actress joined the show after the pilot?,Q2397789,Saved by the Bell: The College Years,Q230045,Tiffani Thiessen,text,Tiffani Thiessen,tvseries,136-3
3311,"What was the label of the song ""I'm Your Angel""?",Q4922282,I'm Your Angel,Q10847018,Epic Records,kb,Epic Records,music,1124-3
4242,What city is the studio located in?,Q6107916,JC Studios,Q60,New York City,text,"New York, NY",tvseries,1436-4
947,Which role does Patrick J. Adams play in the TV series Suits?,Q370185,Suits,Q18509257,Mike Ross,text,Mike Ross,tvseries,316-0
2155,"In the sport of soccer, what the two most prestigious competitions?",Q18756,UEFA Champions League,Q18756,UEFA Champions League,kb,UEFA Champions League and UEFA Women's Champions League,soccer,718-2
2078,In 1955 which James Dean movies did Leonard Rosenman worked on?,Q1346580,Leonard Rosenman,Q1129778,East of Eden,text,East of Eden;Rebel Without a Cause,movies,692-3
1007,When was Æon Flux first aired?,Q127310,\u00C6on Flux,1991-09-01T00:00:00Z,1 September 1991,kb,1 September 1991,tvseries,336-0
1030,Movie Mimi release on which date?,Q85785582,Mimi,2021-07-26T00:00:00Z,26 July 2021,infobox,26 July 2021,movies,343-0
4135,What is the country of origin of the book Thumbelina?,Q11870,Thumbelina,Q35,Denmark,text,Denmark,books,1400-3
3950,For which club did Gareth Bale played in sports team 2006?,Q184586,Gareth Bale,Q18732,Southampton F.C.,table,Southampton F.C.,soccer,1338-3
1336,What was Pierre Boulez's last major work?,Q156193,Pierre Boulez,Dérive 2 (2006),Dérive 2 (2006),text,Dérive 2 (2006),music,444-4
4587,Is it true that John Lasseter won the Inkpot Award?,Q269214,John Lasseter,Yes,Yes,text,Yes,movies,1552-4
2368,What was the second novel of the jurassic park series?,What was the second novel of the jurassic park series?,What was the second novel of the jurassic park series?,Q200873,The Lost World: Jurassic Park,text,The Lost World,books,790-1
4526,Who directed The Goodbye Girl?,Q679746,The Goodbye Girl,Q495813,Richard Benjamin,infobox,Richard Benjamin,movies,1532-3
4603,How many matches did Paul Pogba played for France national under-18 football team?,Q129027,Paul Pogba,6,6,table,6,soccer,1558-2
4311,"Who was the publisher of the book ""Under the Volcano""?",Q1570020,Under the Volcano,Q2147178,Reynal & Hitchcock,infobox,Reynal & Hitchcock,books,1460-1
4373,Who is the current publisher of Roald Dahl's The Gremlins,Q2578646,The Gremlins,Q373933,Dark Horse Comics,infobox,Dark Horse Comcs,books,1480-3
4926,Did Vivian Vance die in California?,Q271871,Vivian Vance,Yes,Yes,infobox,Yes,tvseries,1666-2
1004,When was Taste of You featuring Dove Cameron released?,Q26186223,Dove Cameron discography,2021-01-01T00:00:00Z,2021,table,2021,music,334-3
760,"Who wrote the script for Signs, the science fiction movie?",Q22432,Signs,Q51489,M. Night Shyamalan,text,M. Night Shyamalan,movies,253-0
1013,Which club did Fernando Torres play for in 2012?,Q42731,Fernando Torres,Q9616,Chelsea F.C.,kb,Chelsea F.C.,soccer,338-0
1799,Which is William Faulkner's second novel?,Q38392,William Faulkner,Q3326411,Mosquitoes,text,Mosquitoes,books,600-0
4357,Pat Monahan is the band member of which musical group?,Q2713723,Patrick Monahan,Q282531,Train,infobox,Train,music,1475-0
1066,"Who was the singer of the song ""I Am Not a Woman, I'm a God""?",Q108822278,"I Am Not a Woman, I'm a God",Q2254254,Halsey,kb,Halsey,music,355-0
3023,What is D.C. United's home stadium?,Q238593,D.C. United,Q5203387,Audi Field,infobox,Audi Field,soccer,1028-0
4878,What is the award received by the Novel The White Tiger?,Q2301826,The White Tiger,Q160082,Man Booker Prize,text,Booker Prize,books,1650-3
1527,What is the birth place of Aliou Cissé?,Q2604671,Aliou Ciss\u00E9,Q202776,Ziguinchor,text,Ziguinchor,soccer,508-4
1096,Where did Ilaiyaraaja born?,Q2720141,Ilaiyaraaja,Q2716759,Pannaipuram,kb,Pannaipuram,music,364-4
2321,who was the singer of Sorry song?,Q21198638,Sorry,Q34086,Justin Bieber,kb,Justin Bieber,music,774-2
4479,"During its run on NBC, how many Emmy nominations did SCTV earn?",Q1767756,Second City Television,15,15,text,15,tvseries,1516-3
3911,Who is the actor of Sheldon Cooper in The Big Bang Theory?,Q8539,The Big Bang Theory,Q30605776,Jim Parsons,text,Jim Parsons,tvseries,1326-0
1203,What is the name of the writer of the book The Subtle Knife?,Q472208,The Subtle Knife,Q190220,Philip Pullman,infobox,Philip Pullman,books,400-3
3444,What county is it a part of?,Q533317,Wellesley,Q54079,Norfolk County,infobox,Norfolk,soccer,1168-4
3193,What was the name of Guns N' Roses follow up album?,Q834994,G N' R Lies,Q834994,G N' R Lies,text,G N' R Lies,music,1084-2
4360,Who played the character of Bob Saget's youngest daughter in the series Full House?,Q333544,Bob Saget,Q1151944,Mary-Kate Olsen,kb,Mary Kate Olsen;Ashley Fuller Olsen,tvseries,1476-2
3111,What is this genre for the source material for the television show Shooter?,Q1659347,Point of Impact,Q182015,thriller,kb,Thriller,tvseries,1056-4
4092,Actor behind Kublai Khan role in Marco Polo Tv series?,Q6757674,Marco Polo,Q3329808,Benedict Wong,kb,Benedict Wong,tvseries,1386-2
4336,Who was the head coach of the soccer club New England Revolution soccer club?,Q309095,New England Revolution,Q241378,Brad Friedel,infobox,Brad Friedel,soccer,1468-2
3469,Who were the directors of the episode named MADMAX of the series Stranger Things?,Q42155612,"Stranger Things, season 2",Q26097618,Duffer Brothers,table,Duffer brothers,tvseries,1177-0
2205,How tall is Harry Styles?,Q3626966,Harry Styles,1.83 metre,1.83 metre,kb,1.83 metre,music,734-4
3063,When was Stephen King born?,Q39829,Stephen King,1947-09-21T00:00:00Z,21 September 1947,kb,21 September 1947,books,1040-4
962,What is the country of origin of To Kill a Mockingbird?,Q212340,To Kill a Mockingbird,Q30,United States of America,infobox,United States of America,books,320-3
2761,Who wrote the book The Picture of Dorian Gray?,Q82464,The Picture of Dorian Gray,Q30875,Oscar Wilde,text,Oscar Wilde,books,940-1
4862,Which movie was Hans Zimmer's first solo score?,Q76364,Hans Zimmer,Q7702661,Terminal Exposure,text,Terminal Exposure,music,1645-0
2540,Which nation has the most world cup wins in football?,Q19317,FIFA World Cup,Q155,Brazil,text,Brazil,soccer,848-0
4770,What year was Imagine Dragons founded?,Q391348,Imagine Dragons,2008-01-01T00:00:00Z,2008,kb,2008,music,1614-3
1707,Which player was the top goalscorer in the 2021 MLS regular season?,Q103821894,2021 Major League Soccer season,Q51133356,Valent\u00EDn Castellanos,infobox,Valentín Castellanos,soccer,568-4
544,What is the issuing date of the novel Revolution 2020?,Q7318662,Revolution 2020,2011-10-05T00:00:00Z,5 October 2011,kb,5 October 2011,books,181-0
4854,When did the movie Boyhood released?,Q4103201,Boyhood,2014-01-19T00:00:00Z,19 January 2014,kb,19 January 2014,movies,1642-3
709,Who is the director of True Detective tv series?,Q7847400,True Detective,Q512103,Cary Joji Fukunaga,kb,Cary Joji Fukunaga,tvseries,236-2
1830,How long is the 1st edition hardback of Catch-22?,Q278208,Catch-22,453,453,infobox,453,books,610-1
2907,In what year was soccer first popular at Oxford University?,Q2736,soccer,1875-01-01T00:00:00Z,1875,kb,1875,soccer,988-3
2041,Who is the publisher of the fiction The Underground Railroad?,Q27957817,The Underground Railroad,Q1251563,Doubleday,kb,Doubleday,books,680-2
1724,What is the country of origin of the cream band?,Q203736,Cream,Q145,United Kingdom,infobox,United Kingdom,music,574-3
394,What planet did his first published story reference?,Q316610,Larry Niven,Q308,Mercury,text,Mercury,books,130-4
853,Who was the lead vocalist of Pink Floyd in 1964?,Q2306,Pink Floyd,Q173061,Syd Barrett,text,Syd Barrett,music,284-2
344,What nominated for the Composer Tan Dun?,Q314176,Tan Dun,Q488651,Academy Award for Best Original Score,kb,Academy Award for Best Original Score,music,114-2
2558,What award did The Turning Point get?,Q451558,The Turning Point,Q1966965,National Board of Review: Top Ten Films,table,National Board of Review: Top Ten Films,movies,862-3
1084,When was Jean M. Auel norn?,Q229996,Jean M. Auel,1936-02-18T00:00:00Z,18 February 1936,kb,18 February 1936,books,360-4
295,When was the Columbus Crew Soccer Club founded?,Q457163,Columbus Crew,1994-06-15T00:00:00Z,15 June 1994,infobox,"June 15, 1994",soccer,98-1
4792,The movie Super 30 is inspired by which person?,Q48674720,Super 30,Q3532582,Anand Kumar,text,Anand Kumar,movies,1622-1
3618,What team did Kevin Grimes play for in 1992?,Q6396402,Kevin Grimes,Q587541,Miami Freedom,infobox,Miami Freedom,soccer,1228-0
1747,When was Dr. No released in movie theaters?,Q17437798,good article,1962-01-01T00:00:00Z,1962,infobox,1962,movies,582-2
658,How many European Golden Shoes did Lionel Messi won?,Q615,Lionel Messi,Q3485574,six,text,six,soccer,219-0
1334,What was composer Pierre Boulez's music genre?,Q156193,Pierre Boulez,Q9730,western classical music,kb,classical music,music,444-2
2230,What is the release date of the album Vande Mataram?,Q12452104,Vande Mataram,1997-08-12T00:00:00Z,12 August 1997,kb,12 August 1997,music,744-0
2263,What was the first film that he created the music for?,Q315711,Stewart Copeland,Q845102,Rumble Fish,table,Rumble Fish,music,754-4
1973,What is Neymar full name?,Q142794,Neymar,Q142794,Neymar,kb,Neymar da Silva Santos Júnior,soccer,658-0
138,Who was the original creator of Jeopardy!?,Q499767,Jeopardy!,Q598344,Merv Griffin,text,Merv Griffin,tvseries,46-0
2660,What was the genre of House of Cards tv series?,Q3330940,House of Cards,"Political drama, Political thriller","Political drama, Political thriller",text,"Political drama, Political thriller",tvseries,906-2
265,What is the date of birth of the soccer player Eden Hazard?,Q214204,Eden Hazard,1991-01-07T00:00:00Z,7 January 1991,infobox,7 January 1991,soccer,88-1
1670,What is the main subject of the tv series bones?,Q207803,Bones,Q8333,Federal Bureau of Investigation,kb,Federal Bureau of Investigation,tvseries,556-3
1012,When was the first airing of Æon Flux?,Q127310,\u00C6on Flux,1991-09-01T00:00:00Z,1 September 1991,kb,1 September 1991,tvseries,337-0
655,How many International matches did Lionel Messi played for Argentina?,Q615,Lionel Messi,Q18413660,Twenty,table,Twenty,soccer,218-2
3083,Which club team Robert Lewandowski playing now?,Q151269,Robert Lewandowski,Q15789,FC Bayern Munich,infobox,FC Bayern Munich,soccer,1048-0
1604,Where is Warner Records headquartered?,Q67030918,Warner Records Inc.,Q65,Los Angeles,infobox,Los Angeles,music,534-3
808,What is the date of the Maracanazo?,Q754483,Uruguay v Brazil 1950,1950-07-16T00:00:00Z,16 July 1950,kb,16 July 1950,soccer,269-0
2096,Who was Serie A league champion in 2021?,Q15804,Serie A,Q631,Inter Milan,table,Inter Milan,soccer,698-3
4654,What is the Original language of the TV series Money Heist?,Q29647346,Money Heist,Q1321,Spanish,infobox,Spanish,tvseries,1576-1
2440,"Was ""Can't Tell Me Nothing"" nominated for any awards?",Q2446615,Can't Tell Me Nothing,Q41254,Grammy Award,text,A Grammy Award,music,814-2
3204,Where is the headquarters for the The United States Soccer Federation?,Q222131,United States Soccer Federation,Q222131,United States Soccer Federation,kb,Chicago,soccer,1088-1
3210,what was the name of the English writer who wrote Jane Eyre?,Q1682597,Jane Eyre,Q182961,Jane Eyre,text,Charlotte Brontë,books,1090-1
1482,What year was Gordon Lightfoot inducted into the Songwriters Hall of Fame?,Q359552,Gordon Lightfoot,2012-01-01T00:00:00Z,2012,text,2012,music,494-1
1887,What was the second place finisher at the UEFA Women's Euro 2017?,Q13846443,UEFA Women's Euro 2017,Q514498,Denmark women's national football team,infobox,Denmark women's national football team,soccer,628-4
1308,What year did the TV series Dallas first air?,Q168708,Dallas,1978-01-01T00:00:00Z,1978,text,1978,tvseries,436-0
3527,Who was Pat Weaver married to?,Q3247520,Sylvester Weaver,Q441889,Elizabeth Inglis,infobox,Elizabeth Inglis,tvseries,1196-3
1342,Who is the director of The Rain Tv series?,Q48855569,The Rain,Q12321689,Kenneth Kainz,kb,Kenneth Kainz;Natasha Arthy,tvseries,446-4
4889,Where was musician bismillah khan born?,Q379707,Bismillah Khan,Q1165,Bihar,kb,Bihar,music,1654-1
2487,Who is the author of Pride and Prejudice?,Q170583,Pride and Prejudice,Q36322,Jane Austen,text,Jane Austen,books,830-1
619,What is the origin city of The Following series?,Q1189631,The Following,Q30,United States of America,infobox,United States of America,tvseries,206-2
3165,When did Eric Clapton's son Conor Clapton die?,Q48187,Eric Clapton,1991-03-20T00:00:00Z,20 March 1991,kb,20 March 1991,music,1074-4
2834,"Who was the lyricist of the music ""Love Me Like You Do""?",Q18758167,Love Me Like You Do,Q318223,Max Martin,infobox,"Max Martin,Savan Kotecha,Ilya Salmanzadeh,Ali Payami,Tove Nilsson",music,964-2
3370,What year did Quincy Jones began working with Michael Jackson?,Q193645,Quincy Jones,1975-01-01T00:00:00Z,1975,text,1975,music,1144-2
1242,"Which English rock band made the song ""Every Breath You Take""?",Q1330171,Every Breath You Take,Q178095,The Police,kb,The Police,music,414-0
4815,In which year was the book Empire of the Moghul published?,Q5374214,Empire of the Moghul,2009-01-01T00:00:00Z,2009,text,2009,books,1630-0
3813,How many sequels was there for movie Jumanji?,Q222939,Jumanji,Q76440535,Four,text,Four,movies,1292-4
3287,Who is the creator of the tv series wizards of waverly place?,Q3081160,Todd J. Greenwald,Q184342,Wizards of Waverly Place,text,Todd J. Greenwald,tvseries,1116-2
35,which language of Writers & Lovers book published?,Q96415602,Writers & Lovers,Q1860,English,kb,English,books,11-0
749,What award did Becky Chambers win?,Q25298820,Becky Chambers,Q188914,Hugo Award,text,Hugo Award,books,250-0
4437,Who is the Vanilla Sky movie's hero?,Q110278,Vanilla Sky,Q37079,Tom Cruise,infobox,Tom Cruise,movies,1502-1
3801,What's the first professional soccer team that Landon Donovan played for?,Q202237,Landon Donovan,Q16536906,Bayer 04 Leverkusen II,infobox,Bayer 04 Leverkusen II,soccer,1288-4
543,Who are the founders Rupa Publications?,Q7380179,Rupa & Co.,D. Mehra and R. K. Mehra,D. Mehra and R. K. Mehra,text,D. Mehra and R. K. Mehra,books,180-4
2021,What is the release date of Promises?,Q106318794,Promises,2021-03-26T00:00:00Z,26 March 2021,kb,26 March 2021,music,674-0
3337,What is a Skyfall movie's genre?,Q4941,Skyfall,Q3990883,action thriller,infobox,action thriller,movies,1133-0
1761,What were the names of the spinoffs from the show?,Q245996,Three's Company,Q3790434,The Ropers,text,The Ropers; Three's a Crowd,tvseries,586-4
3741,What is Luis Suárez sport number?,Q26517,Luis Su\u00E1rez,Yes,Yes,kb,9,soccer,1268-3
4812,How many goals did Pele scored for Brazil national football team in the year 1971?,Q12897,Pel\u00E9,1,1,table,1,soccer,1628-3
3235,FC Bayern Munich team was from which country?,Q15789,FC Bayern Munich,Q423030,Germany,kb,Germany,soccer,1098-2
1583,What English football club was the first to achieve the European treble?,Q2736,soccer,Q18656,Manchester United F.C.,text,Manchester United F.C.,soccer,528-0
4168,Which was the first James Bond movie to feature Daniel Craig?,Q2009573,James Bond,Q151904,Casino Royale,text,Casino Royale,movies,1412-0
3907,Was the down home girl on Rolling stones album The Rolling Stones 2 ?,Q930757,The Rolling Stones No. 2,Yes,Yes,text,Yes,music,1324-2
4424,In 2021 what league did the LA Galaxy played in?,Q204357,Los Angeles Galaxy,Q18543,Major League Soccer,infobox,Major League Soccer,soccer,1498-0
3918,Against whom did Neymar score his first goal in 2016?,Q142794,Neymar,Q9617,Arsenal F.C.,text,Arsenal F.C.,soccer,1328-1
2930,What is the name of the actor playing the character of Professor in the TV series Money Heist?,Q29647346,Money Heist,Q17566714,\u00C1lvaro Morte,text,Álvaro Morte,tvseries,996-2
1946,What are the set of rules called in soccer?,Q2736,soccer,Q506630,Laws of the Game,text,Laws of the Game,soccer,648-3
439,What is the name of the character played by the actor Cillian Murphy in the series Peaky Blinders?,Q14944179,Peaky Blinders,Q16803320,Tommy Shelby,table,Tommy Shelby,tvseries,146-1
957,"Does the football club Juventus F.C. have the nickname, ""La Vecchia Signora""?",Q1422,Juventus F.C.,Yes,Yes,text,Yes,soccer,318-4
3383,When did the Uruguay national football team play their first recorded match?,Q134916,Uruguay national football team,1901-05-16T00:00:00Z,16 May 1901,text,16 May 1901,soccer,1148-3
99,When was the actor Gregory Peck born?,Q108366,Gregory Peck,1916-04-05T00:00:00Z,5 April 1916,kb,5 April 1916,movies,32-3
267,Where did the Eden Hazard born?,Q214204,Eden Hazard,Q211572,La Louvi\u00E8re,infobox,La Louvière,soccer,88-3
3863,What is the publication year of the album The Dark Room?,Q7728990,The Dark Room,1938-01-01T00:00:00Z,1938,infobox,1938,books,1310-0
3876,In which studio was the album Thriller recorded?,Q44320,Thriller,Q2017494,Westlake Recording Studios,text,Westlake Recording Studios,music,1314-1
2596,awarded to Elvis Presley?,Q303,Elvis Presley,Q935843,Grammy Lifetime Achievement Award,text,Grammy Lifetime Achievement Award,music,875-0
3299,"What was the country of the origin of the book ""To the Lighthouse""?",Q478016,To the Lighthouse,Q58460366,United Kingdom,infobox,United Kingdom,books,1120-3
4662,How many matches have Lionel Messi played for Paris Saint-Germain F.C.?,Q615,Lionel Messi,10,10,table,10,soccer,1578-3
4256,Who played the Venom character role in the movie Venom: Let There Be Carnage?,Q60498064,Venom: Let There Be Carnage,Q208026,Tom Hardy,text,Tom Hardy,movies,1442-0
3095,Where was Juice filmed?,Q642419,Juice,Q60,New York City,text,New York City,movies,1052-0
2955,What is the date of birth of the singer Lucky Ali?,Q3595213,Lucky Ali,1958-09-19T00:00:00Z,19 September 1958,infobox,19 September 1958,music,1004-3
4712,In which year Fleetwood Mac band founded?,Q106648,Fleetwood Mac,1967-01-01T00:00:00Z,1967,infobox,1967,music,1595-0
1218,When did the Family Guy first premier?,Q5930,Family Guy,1999-01-31T00:00:00Z,31 January 1999,text,31 January 1999,tvseries,406-0
1128,who is the writter of Peaky Blinders?,Q14944179,Peaky Blinders,Q1337354,Steven Knight,kb,"Steven Knight, Toby Finlay, Stephen Russell",tvseries,376-0
3785,Which record label signed Black Eyed Peas to their first contract?,Q134541,Black Eyed Peas,Q231694,Interscope Records,text,Interscope Records,music,1284-0
1296,Who stars in One Flew Over the Cuckoo's Nest as Randle McMurphy?,Q2089370,Randle McMurphy,Q39792,Jack Nicholson,text,Jack Nicholson,movies,432-0
2824,"What was the genre of the book ""To Kill a Mockingbird""?",Q212340,To Kill a Mockingbird,Q223945,Bildungsroman,kb,Southern Gothic and a Bildungsroman,books,960-4
2935,What is Robert Lewandowski's birth place?,Q151269,Robert Lewandowski,Q270,Warsaw,kb,Warsaw,soccer,998-1
3057,In which club did played in 2010 by harry kane?,Q969725,Harry Kane,Q18741,Tottenham Hotspur F.C.,table,Tottenham Hotspur F.C.,soccer,1038-4
4665,Who wrote the book To Kill a Mockingbird?,Q212340,To Kill a Mockingbird,Q182658,Harper Lee,infobox,Harper Lee,books,1580-0
4151,"Who directs the episode ""Liber"" ""The Book"" in tv series Luna Nera?",Q82300697,Luna Nera,Q457170,Francesca Comencini,table,Francesca Comencini,tvseries,1406-1
4924,When did the first episode of I Love Lucy air?,Q181943,I Love Lucy,1951-10-15T00:00:00Z,15 October 1951,infobox,15 October 1951,tvseries,1666-0
3906,Which album by The rolling stones was released first:The Rolling Stones No. 2 or you can't catch me?,Q11036,The Rolling Stones,Q930757,The Rolling Stones No. 2,text,The Rolling Stones No. 2,music,1324-1
3922,For which team did Neymar play in 2016?,Q142794,Neymar,Q7156,FC Barcelona,text,FC Barcelona,soccer,1329-0
1372,Stargate SG-1 the science fiction tv series ran for how many seasons?,Q187462,Stargate SG-1,10,10,infobox,10,tvseries,456-4
1115,which language of the The Last Thing He Told Me book?,Q106823028,The Last Thing he told me,Q28224411,English,kb,English,books,371-0
1486,Where does Gordon Lightfoot come from?,Q359552,Gordon Lightfoot,Q1904,Ontario,infobox,"Ontario, Canada",music,495-0
1388,who is the film editor of the  Shazam movie?,Q23685878,Shazam!,Q62015683,Michel Aller,infobox,Michel Aller,movies,462-2
4596,Has developer Jason Rothenberg wrote any episodes of the TV series The 100?,Q13098946,The 100,Yes,Yes,text,Yes,tvseries,1556-1
3680,"On 14 June 2010, Oblak signed a contract with which team?",Q2058682,Jan Oblak,Q131499,S.L. Benfica,text,S.L. Benfica,soccer,1248-2
257,What is the launch date of the album demi?,Q9343810,Demi,2013-05-10T00:00:00Z,10 May 2013,text,10 May 2013,music,85-0
3060,What is the last book of The Dark Tower?,Q280898,The Dark Tower,Q923111,The Dark Tower: The Wind Through the Keyhole,kb,The Wind Through the Keyhole,books,1040-1
4916,In which city was Tippi Hedren born?,Q142546,Tippi Hedren,Q545119,New Ulm,infobox,New Ulm,movies,1662-4
1052,"When story starts what was the age of Meg in ""Little Women""?",Q523076,Little Women,16,16,text,16,books,350-3
253,What is the gating on Entertainment Weekly of the album Demi?,Q9343810,Demi,Q1181180,C+,table,C+,music,84-1
3768,which citizenship Mohamed Salah have?,Q1354960,Mohamed Salah,Q79,Egypt,infobox,Egypt,soccer,1278-1
4841,Who was the top goal player as of 2021 in FIFA Beach Soccer World Cup?,Q610865,FIFA Beach Soccer World Cup,Q1367228,Madjer,table,Madjer,soccer,1638-2
256,What is the release date of the album Confident?,Q20886070,Confident,2015-10-16T00:00:00Z,16 October 2015,text,16 October 2015,music,84-4
4826,Direction of Captain Marvel?,Q23781129,Captain Marvel,Q33093747,Anna Boden and Ryan Fleck,kb,Anna Boden and Ryan Fleck,movies,1633-0
142,Who had the longest winning streak on Jeopardy!?,Q499767,Jeopardy!,Q186,Ken Jennings,text,Ken Jennings,tvseries,46-4
1538,Who is the director of the Rocky movie?,Q188652,Rocky,Q260125,John G. Avildsen,infobox,John G. Avildsen,movies,512-3
166,Who is the founder of the Columbia Records?,Q183387,Columbia Records,Q26440523,Edward D. Easton,infobox,Edward D. Easton,music,54-4
1657,Who is the composer of the film The Secret Life of Pets?,Q18844656,The Secret Life of Pets,Q313362,Alexandre Desplat,text,Alexandre Desplat,movies,552-2
3140,What award did The Rachael Ray Show win in 2008?,Q2299337,Rachael Ray,Q5243453,Daytime Emmy Award for Outstanding Talk Show Entertainment,table,Daytime Emmy Award for Outstanding Talk Show Entertainment,tvseries,1066-3
2561,Where was Carly Simon born?,Q181683,Carly Simon,Q18426,The Bronx,kb,The Bronx,music,864-0
4547,What year the first book of the series Fifty Shades published?,Q557867,Fifty Shades of Grey,2011-01-01T00:00:00Z,2011,infobox,2011,books,1540-0
1015,When did Fernando Torres first win the UEFA Champions League?,Q42731,Fernando Torres,Q485002,2011\u201312 UEFA Champions League,text,2011–12 UEFA Champions League,soccer,338-2
1682,"Which territory did Mark Twain's brother, Orion Clemens served as a government official?",Q7102773,Orion Clemens,Q1580241,Nevada Territory,text,Nevada Territory,books,560-3
2587,Who is the composer of the movie Spide man part 1?,Q484442,Spider-Man,Q193338,Danny Elfman,table,Danny Elfman,movies,872-2
124,What was the last movie that George Roy Hill made?,Q51570,George Roy Hill,Q1474737,Funny Farm,text,Funny Farm,books,40-4
1943,How many players are on a soccer team?,Q2736,soccer,11,11,infobox,11,soccer,648-0
3674,How many episodes are in season 1 of The Flash?,Q15711398,The Flash,23,23,table,23,tvseries,1246-2
3020,Who created the series?,Q948828,Tales of the Gold Monkey,Q710739,Donald Bellisario,infobox,Donald P. Bellisario,tvseries,1026-3
1491,What was the last year The Cosby Show was on the air?,Q463999,The Cosby Show,1971-01-01T00:00:00Z,1971,text,1971,tvseries,496-4
4641,Initial book of the novel series The Chronicles of Narnia?,Q483412,The Chronicles of Narnia,Q485093,"The Lion, the Witch and the Wardrobe",kb,"The Lion, the Witch and the Wardrobe",books,1571-0
790,Release date of the first Dune film?,Q114819,Dune,1984-12-14T00:00:00Z,14 December 1984,kb,14 December 1984,movies,263-0
4941,Release year of the first book of Discworld book series?,Q3257270,Discworld books,1983-01-01T00:00:00Z,1983,kb,1983,books,1671-0
3766,What is the main topic of the television series Boston Public?,Q894582,Boston Public,Q1366112,drama television series,infobox,drama television series,tvseries,1277-0
2218,Which position does Iker Casillas play on the field?,Q11584,Iker Casillas,Q201330,goalkeeper,infobox,goalkeeper,soccer,739-0
1526,Who is the head coach of Senegal national football team?,Q207441,Senegal national association football team,Q2604671,Aliou Ciss\u00E9,text,Aliou Cissé,soccer,508-3
801,What is the date of birth of Carlotta von Falkenhayn?,Q46965137,Carlotta von Falkenhayn,2007-01-01T00:00:00Z,2007,kb,2007,tvseries,266-4
1939,"What city was Good Morning, Miss Bliss set?",Q639023,"Good Morning, Miss Bliss",Q6346,Indianapolis,text,Indianapolis,tvseries,646-2
2888,Who is the actor who starred in Blazing Saddles and also appeared in Mel Brooks' Young Frankenstein?,Q957323,Blazing Saddles,Q191966,Gene Wilder,infobox,Gene Wilder,movies,982-2
201,What is the name of Sofia Vergara's husband whom she married in 2015?,Q231911,Sof\u00EDa Vergara,Q470005,Joe Manganiello,kb,Joe Manganiello,tvseries,66-3
359,For which country team did Landon Donovan play?,Q30,United States of America,Q202237,Landon Donovan,infobox,United States of America,soccer,119-0
1771,Who is the father of J. M. Coetzee?,Q43293,J. M. Coetzee,Zacharias Coetzee,Zacharias Coetzee,kb,Zacharias Coetzee,books,590-2
3292,Which Country played by Robert Lewandowski?,Q151269,Robert Lewandowski,Q36,Poland,infobox,Poland,soccer,1118-1
3366,Who were the main actors in The Sting that won an Academy Award for Best Picture over American Graffiti?,Q62665,The Sting,Q41871,Paul Newman,infobox,Paul Newman;Robert Redford;Robert Shaw,movies,1142-4
4187,How many times did Franz Beckenbauer appear for Germany?,Q4457,Franz Beckenbauer,103,103,table,103,soccer,1418-1
4268,Who is the director of the season 1 of the series Hanna?,Q48102683,Hanna,Q60399091,Sarah Adina Smith,table,Sarah Adina Smith,tvseries,1446-0
4565,How much episodes in Mindhunter Tv series?,Q25340152,Mindhunter,19,19,kb,19,tvseries,1546-0
1460,What comic character lead to the making of the series Arrow?,Q552314,Arrow,Q611993,Green Arrow,text,Green Arrow,tvseries,486-3
1557,What is the position played by the Harry Kane ?,Q969725,Harry Kane,Q280658,forward,infobox,forward,soccer,518-4
849,Who plays the leading female role in Kramer vs. Kramer?,Q193577,Kramer vs. Kramer,Q873,Meryl Streep,text,Meryl Streep,movies,282-4
3108,What network airs the television show Shooter?,Q24262082,Shooter,Q248713,KSA Network,infobox,USA Network,tvseries,1056-1
3949,Which position did Gareth Bale played on team?,Q8025128,winger,Q184586,Gareth Bale,infobox,winger,soccer,1338-2
4612,Who was the publisher of The Taking of Pelham One Two Three?,Q14752446,The Taking of Pelham One Two Three,Q3093062,G. P. Putnam's Sons,text,G. P. Putnam's Sons,books,1561-0
4939,Which city Terry Pratchett  was born?,Q46248,Terry Pratchett,Q812906,Beaconsfield,kb,Beaconsfield,books,1670-3
3625,What is the original language of the book Maus?,Q59696,Maus,Q7976,American English,kb,American English,books,1230-1
3913,Was Johnny Galecki part of the TV series The Conners ?,Q56471830,The Conners,Yes,Yes,text,Yes,tvseries,1326-2
1721,what is the year of inception of the cream music band?,Q203736,Cream,1966-01-01T00:00:00Z,1966,infobox,1966,music,574-0
1439,Which novelist's mother was Anne-Charlotte-Laure Sallambier and also won the Légion d'honneur?,Q19112644,Anne-Charlotte-Laure Sallambier,Q9711,Honor\u00E9 de Balzac,text,Honoré de Balzac,books,480-0
330,who is the author of the book the Tale of peter Rabbit?,Q580463,The Tale of Peter Rabbit,Q214565,Beatrix Potter,infobox,Beatrix Potter,books,110-0
1146,Who played Thena in Eternals?,Q23894629,Eternals,Q13909,Angelina Jolie,kb,Angelina Jolie,movies,382-0
320,Who is the original broadcaster of the Peaky Blinders television series?,Q14944179,Peaky Blinders,Q216108,BBC Two,infobox,BBC Two,tvseries,106-2
4181,Who were the creators of the TV series Joey?,Q319817,Joey,Q7437254,Scott Silveri,infobox,Scott Silveri;Shana Goldberg-Meehan,tvseries,1416-1
446,Who is the owner of the soccer club Everton F.C.?,Q5794,Everton F.C.,Q861168,Farhad Moshiri,kb,Farhad Moshiri,soccer,148-2
693,Who is the author of The Expanse novel series?,Q19610143,The Expanse,Q6142591,James S. A. Corey,kb,James S. A. Corey,books,230-4
1812,Which Metallica member was removed from the band due to drug abuse?,Q15920,Metallica,Q187165,Dave Mustaine,text,Dave Mustaine,music,604-1
1358,Richard Bachman is a pen name of which American writer?,Q3495759,Richard Bachman,Q39829,Stephen King,text,Stephen King,movies,452-2
4034,How many episodes of Lucifer series?,Q19520525,Lucifer,93,93,table,93,tvseries,1366-3
1531,language of work of the Dream of the Red Chamber?,Q8265,Dream of the Red Chamber,Q7850,Chinese,table,Chinese,books,510-2
3437,What company owns the network?,Q154958,Nickelodeon,Q76846862,ViacomCBS,text,ViacomCBS,tvseries,1166-3
1550,What is the country of origin of the Tunnel tv series?,Q15104549,The Tunnel,Q142,France,infobox,"United Kingdom , France",tvseries,516-3
2971,Which year of published The Scarlet Letter?,Q907568,The Scarlet Letter,1850-01-01T00:00:00Z,1850,text,1850,books,1010-2
2721,"Which award nominated for the series ""Peaky Blinders""?",Q14944179,Peaky Blinders,Q732997,British Academy Film Awards,kb,British Academy Film Awards,tvseries,926-3
4687,Has Richard Hatch served in the United States Army?,Q3364044,Richard Hatch,Yes,Yes,kb,Yes,tvseries,1586-4
130,Which movie did Stuart Craig win an award for working on in 1980?,Q979511,Stuart Craig,Q272860,The Elephant Man,infobox,The Elephant Man,movies,42-4
3830,Which country did Ronaldinho play for?,Q39444,Ronaldinho,Q155,Brazil,table,Brazil,soccer,1298-3
1519,What is the date of birth of Peter Morgan?,Q948122,Peter Morgan,1963-04-10T00:00:00Z,10 April 1963,kb,10 April 1963,tvseries,506-2
1562,What was Dr. Seuss's last published book before he died?,Q298685,Dr. Seuss,Q7080395,"Oh, the Places You'll Go!",table,"Oh, the Places You'll Go!",books,520-3
2697,who is the president of FC Barcelona team?,Q7156,FC Barcelona,Q311611,Joan Laporta,infobox,Joan Laporta,soccer,918-3
1356,What is the genre of the 1987 movie The Running Man?,Q1058512,The Running Man,Q1710026,list of dystopian films,kb,dystopian film;Action film;science fiction film,movies,452-0
650,What is highest number of view for a episode in Friends?,Q79784,Friends,31.3 Million,31.3 Million,table,31.3 Million,tvseries,216-3
927,Where did Josep Guardiola born?,Q164038,Pep Guardiola,Q16736,Santpedor,infobox,Santpedor,soccer,308-4
4907,When was The Eye of the World from the Wheel of Time book series published?,Q477994,The Eye of the World,1990-01-15T00:00:00Z,15 January 1990,infobox,15 January 1990,books,1660-1
3683,On which date was the Jan Oblak born?,Q2058682,Jan Oblak,1993-01-07T00:00:00Z,7 January 1993,kb,7 January 1993,soccer,1249-0
3222,who is the singer of Blinding Lights song?,Q96264870,Blinding Lights,Q2121062,The Weeknd,text,The Weeknd,music,1094-1
1508,Who played the role of Sakshi Devi?,Q104879238,Chhorii,Q7070357,Nushrat Bharucha,table,Nushrratt Bharuccha,movies,502-3
492,What is the release date of the music album Confident?,Q20886070,Confident,2015-10-16T00:00:00Z,16 October 2015,kb,16 October 2015,music,164-0
424,What place was the author Ernest Hemingway born in?,Q23434,Ernest Hemingway,Q331397,Oak Park,infobox,Oak Park,books,140-4
4834,"What was the main subject of ""The Walking Dead"" TV series?",Q232737,The Walking Dead,Q219164,zombie,kb,zombie;survival skill,tvseries,1636-1
1162,When did Grange Hill end?,Q5595658,Grange Hill,2008-01-01T00:00:00Z,2008,text,2008,tvseries,386-4
193,What is the name of the lead singer of the music band Coldplay?,Q45188,Coldplay,Q712860,Chris Martin,text,Chris Martin,music,64-1
1744,What was the name of the book that James Bond first appeared in?,Q17437796,featured article,Q1047711,Casino Royale,kb,Casino Royale,books,581-0
4476,In what year did the syndicated comedy series Second City Television (SCTV) first appear?,Q1767756,Second City Television,1976-01-01T00:00:00Z,1976,kb,1976,tvseries,1516-0
3223,what is the name of English band who made Radioative Song?,Q7281218,Radioactive,Q6002689,Imagine Dragons,kb,Imagine Dragons,music,1094-2
1199,Luka Modric's citizenship country?,Q483837,Luka Modri\u0107,Q224,Croatia,infobox,Croatia,soccer,399-0
462,"Who was the song writer and singer of the music ""Shape of You""?",Q28132505,Shape of You,Q47447,Ed Sheeran,kb,Ed Sheeran,music,154-0
3416,"Who was the author of ""The Wonderful Wizard of Oz?""",Q130295,The Wonderful Wizard of Oz,Q207544,L. Frank Baum,infobox,L. Frank Baum,books,1160-0
3973,what is title of TV series Person of Interest ?,Q564345,Person of Interest,Person of Interest,Person of Interest,kb,Person of Interest,tvseries,1346-2
1829,What war did the novel Catch-22 depicted?,Q278208,Catch-22,Q362,World War II,kb,World War II,books,610-0
1534,What is the name of the author of the book Dream of the Red Chamber?,Q8265,Dream of the Red Chamber,Q182874,Cao Xueqin,kb,Cao Xueqin,books,511-0
4061,What is the central theme of Downton Abbey television series?,Q83071,Downton Abbey,Q7168625,historical drama,infobox,historical drama,tvseries,1376-0
4278,Where did Luka Modrić born?,Q483837,Luka Modri\u0107,Q3370,Zadar,text,Zadar,soccer,1448-4
2416,What is the original language of the tv series Squid Game?,Q106582931,Squid Game,Q9176,Korean,text,Korean,tvseries,806-2
2171,Metallica originally had how many band members?,Q15920,Metallica,4,4,text,4,music,724-0
1814,What is the name of the co-founder of Megadeth along with Dave Mustaine?,Q83431,Megadeth,Q289647,David Ellefson,infobox,David Ellefson,music,604-3
3810,Who played the part Alan Parrish in Jumanji?,Q222939,Jumanji,Q83338,Robin Williams,text,Robin Williams,movies,1292-1
4377,What year was A Nightmare on Elm Street released?,Q329434,A Nightmare on Elm Street,1984-01-01T00:00:00Z,1984,infobox,1984,movies,1482-1
1588,Which English football club made history by being the first to achieve the European treble?,Q2736,soccer,Q18656,Manchester United F.C.,text,Manchester United F.C.,soccer,529-0
4346,How many years after The Bourne Identity was its sequel released?,Q868683,Bourne,2,2,table,2,movies,1472-0
1641,What are some other names of Jagapathi Babu?,Q6122194,Jagapati Babu,"JB, Jaggu Bhai","JB, Jaggu Bhai",infobox,"JB, Jaggu Bhai",tvseries,546-4
4060,When does this Green Day band begin?,Q47871,Green Day,1987-01-01T00:00:00Z,1987,infobox,1987,music,1375-0
4378,Who was the actor that played Freddy Kreuger in the 1984 A Nightmare on Elm Street?,Q329434,A Nightmare on Elm Street,Q310389,Robert Englund,text,Robert Englund,movies,1482-2
552,Who is the singer of the album Baby One More Time?,Q190911,\u2026Baby One More Time,Q11975,Britney Spears,text,Britney Spears,music,184-1
2392,how many goals did mbappe scored in fifa world cup 2018?,Q21621995,Kylian Mbapp\u00E9,4,4,infobox,4,soccer,798-2
55,what is the nickname of Rayo Vallecano team?,Q10300,Rayo Vallecano,"Los Franjirrojos (The Red Sashes), Los Vallecanos (The Vallecans)","Los Franjirrojos (The Red Sashes), Los Vallecanos (The Vallecans)",infobox,"Los Franjirrojos (The Red Sashes), Los Vallecanos (The Vallecans)",soccer,18-1
1622,What is the birth location of Khaled Hosseini?,Q193116,Khaled Hosseini,Q5838,Kabul,text,Kabul,books,540-3
3246,Which is the first movie directed by Amit V. Masurkar?,Q28914756,Amit Masurkar,Q18786717,Sulemani Keeda,table,Sulemani Keeda,movies,1102-1
2968,Soccer player Eden Hazard born on which date?,Q214204,Eden Hazard,1991-01-07T00:00:00Z,7 January 1991,kb,7 January 1991,soccer,1009-0
4660,Which is the birthplace of the soccer player Lionel Messi?,Q615,Lionel Messi,Q52535,"Rosario, Santa Fe",infobox,"Rosario, Santa Fe",soccer,1578-1
2769,When was Macaulay Culkin born?,Q103578,Macaulay Culkin,1980-08-26T00:00:00Z,26 August 1980,kb,26 August 1980,movies,942-3
279,"What was character role Zazie Beetz in ""Joker"" movie?",Q42759035,Joker,Sophie Dumond,Sophie Dumond,text,Sophie Dumond,movies,92-3
4038,what is the full name of RB Leipzig team?,Q702455,RB Leipzig,RasenBallsport Leipzig e.V.,RasenBallsport Leipzig e.V.,infobox,RasenBallsport Leipzig e.V.,soccer,1368-1
4736,Who was the director of the movie A Few Good Men?,Q108946,A Few Good Men,Q287607,Rob Reiner,kb,Rob Reiner,movies,1603-0
3032,Who is the illustrator of the novel Charlotte's Web?,Q45735,Charlotte's Web,Q841310,Garth Williams,infobox,Garth Williams,books,1030-3
3476,What is the genre?,Q191949,Brave New World,Q24925,science fiction,text,"Science fiction, dystopian fiction",books,1180-0
1866,What was the name of the leader of the evil Kryptonian leader in the first Superman movie?,Q213053,Superman,Q105044103,General Zod,text,General Zod,movies,622-1
2107,Who is the director of Forrest Gump movie?,Q134773,Forrest Gump,Q187364,Robert Zemeckis,kb,Robert Zemeckis,movies,702-2
664,which language of The Mirror and the Light story?,Q7751674,The Mirror and the Light,Q1860,English,kb,English,books,221-0
3440,What team plays their home games in Mercedes-Benz Stadium?,Q7007552,Mercedes-Benz Stadium,Q16836317,Atlanta United FC,infobox,Atlanta United FC,soccer,1168-0
4082,Notable work of Sebastián Cordero?,Q1377059,Sebasti\u00E1n Cordero,Q3420034,"Ratas, Ratones, Rateros",kb,"Ratas, Ratones, Rateros",movies,1382-4
1590,What is the birth name of George Orwell?,Q3335,George Orwell,Eric Arthur Blair,Eric Arthur Blair,kb,Eric Arthur Blair,books,530-1
4201,What year was Danny DeVito born?,Q26806,Danny DeVito,1943-01-01T00:00:00Z,1943,kb,1943,movies,1422-3
4469,Dustin Hoffman's '79 Oscar was won for what?,Q42930,Dustin Hoffman,Q193577,Kramer vs. Kramer,table,Kramer vs. Kramer,movies,1513-0
2518,Who wrote the novel Adventures of Huckleberry Finn?,Q215410,Adventures of Huckleberry Finn,Q7245,Mark Twain,infobox,Mark Twain,books,840-2
3373,"Which Michael Jackson album included ""Thriller"" as a single?",Q44320,Thriller,Q380825,Thriller,kb,Thriller,music,1145-0
239,For which team did Lionel Messi play in 2012?,Q615,Lionel Messi,Q7156,FC Barcelona,text,FC Barcelona,soccer,79-0
2023,What is the rating of Promises on Exclaim!?,Q106318794,Promises,7,7,table,7,music,674-2
4816,Who wrote the series of Empire of the Moghul?,Q5374214,Empire of the Moghul,Q21556547,Alex Rutherford,kb,Alex Rutherford,books,1630-1
3893,What year was the first book of the series Simon & Schuster?,Q278208,Catch-22,1961-11-10T00:00:00Z,10 November 1961,text,10 November 1961,books,1320-0
1985,Who is the executive producer of the Alien movie?,Q103569,Alien,Q3056094,Ronald Shusett,infobox,Ronald Shusett,movies,662-0
2591,What was the award received by the singer Elvis Presley?,Q303,Elvis Presley,Q935843,Grammy Lifetime Achievement Award,text,Grammy Lifetime Achievement Award,music,874-0
2282,Who wrote	 Percy Jackson and the Olympians?,Q213167,Percy Jackson & the Olympians,Q212727,Rick Riordan,kb,Rick Riordan,books,761-0
3773,Is John Grisham's novel A Time to Kill based on a real life case?,Q1213715,A Time to Kill,Yes,Yes,infobox,Yes,books,1280-0
2470,What genre does this 'eagles' band belong to?,Q189635,Eagles,Q613408,country rock,infobox,country rock,music,824-2
85,Which club is Virgil van Dijk playing now?,Q133903,Virgil van Dijk,Q1130849,Liverpool F.C.,kb,Liverpool F.C.,soccer,28-1
9,What is the Original Language of the film Encanto?,Q103372692,Encanto,Q1860,English,infobox,English,movies,2-3
1831,Which streaming platform made the novel into a six parts miniseries?,Q278208,Catch-22,Q1630304,Hulu,text,Hulu,books,610-2
2137,"In the 1970 film Airport, from what city does the doomed plane depart?",Q409022,Airport,Q1297,Chicago,text,Chicago,movies,712-2
3179,Who was the author of the famed series of novels and short stories about the detective Hercule Poirot?,https://en.wikipedia.org/wiki/Hercule_Poirot#Appearance_and_proclivities,https://en.wikipedia.org/wiki/Hercule_Poirot#Appearance_and_proclivities,Q170534,Hercule Poirot,kb,Agatha Christie,books,1080-0
1570,Who played the Cat in the film adaptation of The Cat in the Hat?,Q1286387,The Cat in the Hat,Q185724,Mike Myers,kb,Mike Myers,movies,523-0
2460,"What is a ""It"" novel's genre?",Q602288,It,Q16575965,horror fiction,infobox,horror fiction,books,820-4
4783,What year was Orlando City FC founded?,Q15214308,Orlando City SC,2013-01-01T00:00:00Z,2013,infobox,2013,soccer,1618-4
814,Title of the book Midnight's Children in German?,Q625764,Midnight's Children,Mitternachtskinder,Mitternachtskinder,kb,Mitternachtskinder,books,271-0
918,Which is the fliming location of the tv series Loki?,Q64349029,Loki,Q23556,Atlanta,infobox,Atlanta,tvseries,306-1
3583,who is the creator of Riverdale series?,Q23001951,Riverdale,Q7351575,Roberto Aguirre-Sacasa,infobox,Roberto Aguirre-Sacasa,tvseries,1216-1
2062,Which TV show was written by Michael Hirst in the year 2013?,Q2580228,Michael Hirst,Q2579463,Vikings,text,Vikings,tvseries,687-0
1048,soccer player Luis Suárez born on?,Q26517,Luis Su\u00E1rez,1987-01-24T00:00:00Z,24 January 1987,kb,24 January 1987,soccer,349-0
2488,How old was Jane Austen when she died?,Q36322,Jane Austen,41,41,infobox,41,books,830-2
4953,Country of origin of The Beatles band?,Q1299,The Beatles,Q58460366,United Kingdom,kb,United Kingdom,music,1675-0
1905,What is nominated for André Previn?,Q155712,Andr\u00E9 Previn,Q4671338,Academy Award for Best Original Musical Score,kb,Academy Award for Best Original Musical Score,music,634-4
1029,Which is the First Hindi movie as Cinematographer of Mr. Laxman Utekar?,Q61989043,Laxman Utekar,Khanna & Iyer,Khanna & Iyer,table,Khanna & Iyer,movies,342-4
11,director of the film Encanto?,Q103372692,Encanto,Q20995253,Jared Bush,table,Jared Bush,movies,3-0
323,Who Is the Creator of the Peaky Blinders TV Series?,Q14944179,Peaky Blinders,Q1337354,Steven Knight,infobox,Steven Knight,tvseries,107-0
696,When did Andrea Riseborough born?,Q638544,Oblivion,1981-11-20T00:00:00Z,20 November 1981,kb,20 November 1981,movies,232-1
3746,"When will the novel ""Jane Eyre"" be released?",Q182961,Jane Eyre,1847-01-01T00:00:00Z,1847,infobox,1847,books,1270-2
892,Who is the actor of Patrick Jane in The Mentalist?,Q204228,The Mentalist,Q192021,Simon Baker,text,Simon Baker,tvseries,297-0
4884,Who is the main cast member  of Baahubali movie?,Q21001674,Baahubali 2: The Conclusion,Q3136554,Prabhas,infobox,Prabhas Raju Uppalapati,movies,1652-3
1264,Who is the spouse of Herman Melville?,Q4985,Herman Melville,Elizabeth Knapp Shaw,Elizabeth Knapp Shaw,infobox,Elizabeth Knapp Shaw,books,420-4
1833,What type of bomber did the main character Captain John Yossarian fly in the novel Catch-22?,Q278208,Catch-22,Q502117,B-25 Mitchell,text,North American B-25 Mitchell,books,610-4
893,What is Cristiano Ronaldo's full name?,Q11571,Cristiano Ronaldo,Q11571,Cristiano Ronaldo,kb,Cristiano Ronaldo dos Santos Aveiro,soccer,298-0
4207,What solo album did Steve Harris put out?,Q192094,Steve Harris,Q971067,British Lion,text,British Lion,music,1424-3
3677,Number of episodes in the TV series The Flash?,Q15711398,The Flash,156,156,infobox,156,tvseries,1247-0
3835,What is the first novel written by Michael Crichton using the same name?,Q172140,Michael Crichton,Q513036,The Andromeda Strain,text,The Andromeda Strain,books,1300-2
3207,Who is the current President of the The United States Soccer Federation?,Q459132,Cindy Parlow Cone,Q459132,Cindy Parlow Cone,text,Cindy Parlow Cone,soccer,1088-4
4598,How many episodes are there in The 100?,Q13098946,The 100,100,100,infobox,100,tvseries,1556-3
4790,Who wrote the book War and Peace?,Q161531,War and Peace,Q7243,Leo Tolstoy,infobox,Leo Tolstoy,books,1621-0
4012,On which date was the soccer player Kevin De Bruyne born?,Q357984,Kevin De Bruyne,1991-06-28T00:00:00Z,28 June 1991,kb,28 June 1991,soccer,1359-0
3877,Who is the producer of the album Thriller?,Q44320,Thriller,Q193645,Quincy Jones,infobox,Quincy Jones,music,1314-2
3483,who is the director of Birds of Prey movie?,Q57177410,Birds of Prey,Q51923835,Cathy Yan,infobox,Cathy Yan,movies,1182-1
264,What is the full name of the soccer player Eden Hazard?,Q214204,Eden Hazard,Eden Michael Hazard,Eden Michael Hazard,kb,Eden Michael Hazard,soccer,88-0
4262,What is the music genre of the Eminem?,Q11401,hip hop music,Q5608,Eminem,text,hip hop music,music,1444-0
178,Who is the head coach of the United States men's national soccer team?,Q164134,United States men's national soccer team,Q708694,Gregg Berhalter,infobox,Gregg Berhalter,soccer,58-4
2556,What year was The Turning Point released?,Q451558,The Turning Point,1977-01-01T00:00:00Z,1977,infobox,1977,movies,862-1
3537,"Who was the publisher of the book ""Sons and Lovers""?",Q80771,Sons and Lovers,Q15839178,Gerald Duckworth and Company,infobox,Gerald Duckworth and Company,books,1200-1
4457,What is Antoine Griezmann height?,Q455462,Antoine Griezmann,176 centimetre,176 centimetre,kb,176 centimetre,soccer,1509-0
3274,Who produces the film Black Beauty?,Q85747484,Black Beauty,Q15488561,Jeremy Bolt,infobox,Jeremy Bolt,movies,1112-1
3150,What was the French title of the book In Search of Lost Time?,Q464928,In Search of Lost Time,À la recherche du temps perdu,À la recherche du temps perdu,text,À la recherche du temps perdu,books,1070-1
4634,At their premier game what team did FC Nantes face?,Q192071,F.C. Nantes,Q1022931,CA Paris-Charenton,text,CA Paris-Charenton,soccer,1568-4
2220,What is the date of birth of the Chetan Bhagat?,Q46926,Chetan Bhagat,1974-04-22T00:00:00Z,22 April 1974,kb,22 April 1974,books,740-1
758,What was the next starring role Mel Gibson had after the science fiction movie Signs?,Q42229,Mel Gibson,Q760093,Edge of Darkness,text,Edge of Darkness,movies,252-3
1769,What is the publication date of Disgrace?,Q958560,Disgrace,1999-07-01T00:00:00Z,1 July 1999,kb,1 July 1999,books,590-0
4123,"Who played Spock, the Vulcan First Officer, in Star Trek: The Original Series?",Q1077,Star Trek: The Original Series,Q16345,Leonard Nimoy,table,Leonard Nimoy,tvseries,1396-3
1031,What is the release date of the music album Unbroken?,Q249113,Unbroken,2011-09-20T00:00:00Z,20 September 2011,kb,20 September 2011,music,344-0
2950,From where did Sidharth Malhotra graduated?,Q3483111,Sidharth Malhotra,Q7461533,Shaheed Bhagat Singh College,text,Shaheed Bhagat Singh College,movies,1002-4
2273,What team did he manage prior to this one?,Q1784080,Ronny Deila,Q212819,V\u00E5lerenga Fotball,table,Vålerenga Fotball,soccer,758-2
4080,who played Andrei Blok in Europa Report movie?,Q3060692,Europa Report,Q382278,Michael Nyqvist,kb,Michael Nyqvist,movies,1382-2
508,What is the Date of birth of the Ralf Rangnick?,Q57902,Ralf Rangnick,1958-06-29T00:00:00Z,29 June 1958,infobox,29 June 1958,soccer,168-4
2770,What is the name of Macaulay Culkin's wife in the year 2000?,Q103578,Macaulay Culkin,Q262218,Rachel Miner,kb,Rachel Miner,movies,942-4
2213,What position does the soccer player Iker Casillas play?,Q11584,Iker Casillas,Q201330,goalkeeper,infobox,goalkeeper,soccer,738-0
3087,What is the height of Robert Lewandowski?,Q151269,Robert Lewandowski,185 centimetre,185 centimetre,kb,185 centimetre,soccer,1048-4
1720,What is the basis for the Jaws movie?,Q1322449,Jaws,Q189505,Jaws,infobox,Jaws,movies,573-0
3390,Which is the first hindi short story of Premchand?,Q174152,Premchand,Lekhak,Lekhak,table,Lekhak,books,1150-4
3136,What is the birth year of Madonna?,Q1744,Madonna,1958-01-01T00:00:00Z,1958,text,1958,music,1065-0
3381,When did Brazil national football team win their first Copa America title?,Q83459,Brazil national football team,1919-01-01T00:00:00Z,1919,infobox,1919,soccer,1148-1
164,Which is the longest track of the LSD album?,Q60741532,LSD,Q56052237,Genius,table,Genius,music,54-2
1655,What is the BBFC rating of the film The Secret Life of Pets?,Q18844656,The Secret Life of Pets,Q23301853,U certificate,kb,U certificate,movies,552-0
2116,Where did Japanese music composer Joe Hisaishi studied music?,Q275900,Joe Hisaishi,Q846116,Kunitachi College of Music,kb,Kunitachi College of Music,music,705-0
3017,"Who played Uncle Phil on the ""Fresh Prince of Bel-Air?""",Q309063,The Fresh Prince of Bel-Air,Q493077,James Avery,table,James Avery,tvseries,1026-0
1958,Who was the actor who played as God in the movie Bruce Almighty?,Q207816,Bruce Almighty,Q48337,Morgan Freeman,text,Morgan Freeman,movies,652-3
2615,In what year did Who Framed Roger Rabbit come out?,Q379873,Who Framed Roger Rabbit,1988-01-01T00:00:00Z,1988,kb,1988,movies,882-0
746,To which country does the club FC Bayern Munich belong?,Q15789,FC Bayern Munich,Q183,Germany,kb,Germany,soccer,248-3
2801,The God father Movie was released in which year?,Q47703,The Godfather,1972-01-01T00:00:00Z,1972,kb,1972,movies,953-0
1431,How many episodes did Neil Grayston appear in Psych?,Q1139494,Neil Grayston,1,1,table,1,tvseries,476-4
4947,Actor behind the lead astronaut role in The Martian movie?,Q18547944,The Martian,Q175535,Matt Damon,kb,Matt Damon,movies,1673-0
4899,Creator of the The Wheel of Time?,Q60746841,The Wheel of Time,Q6666366,Rafe Judkins,kb,Rafe Judkins,tvseries,1657-0
1576,What musical gave Lin-Manuel Miranda his first grammy?,Q1646482,Lin-Manuel Miranda,Q12810054,In the Heights,kb,In the Heights,music,525-0
1143,Who first named the zeroth law of Robotics in Robots and Empire?,Q23758,Three Laws of Robotics,Q901072,R. Daneel Olivaw,text,R. Daneel Olivaw,books,380-3
3501,who is the chairperson of Borussia Dortmund team?,Q41420,Borussia Dortmund,Q1306609,Hans-Joachim Watzke,infobox,Hans-Joachim Watzke,soccer,1188-1
3686,Which work by William Shakespeare featured the character called Bassanio?,Q85745665,Bassanio,Q206400,The Merchant of Venice,text,The Merchant of Venice,books,1250-2
2726,Who was the owner of the Atlanta United FC?,Q16836317,Atlanta United FC,Q2865008,Arthur Blank,kb,Arthur Blank,soccer,928-2
3710,name of Athletic Bilbao's head coach in 2021?,Q794970,Athletic Bilbao B,Q2606664,Patxi Salinas,kb,Patxi Salinas,soccer,1258-2
1802,What is the name of William Faulkner's younger brother?,Q38392,William Faulkner,Q6232800,John Faulkner,kb,John Faulkner,books,600-3
4072,What is the name of the first book of the series The Farseer Trilogy?,Q2512889,The Farseer Trilogy,Q2498822,Assassin's Apprentice,infobox,Assassin's Apprentice,books,1380-0
4100,What is Mesut Özil's ethnic group?,Q83488,Mesut \u00D6zil,Q704608,Turks in Germany,kb,Turks in Germany,soccer,1388-4
1702,The West Wing was created by which writer?,Q3577037,The West Wing,Q299194,Aaron Sorkin,kb,Aaron Sorkin,tvseries,567-0
615,which award received queen band?,Q15862,Queen,Q179191,Rock and Roll Hall of Fame,infobox,Rock and Roll Hall of Fame,music,204-4
1324,When was Garth Nix born?,Q15624191,Old Kingdom,1963-07-19T00:00:00Z,19 July 1963,kb,19 July 1963,books,440-4
1370,Which actor portrayed Maxwell Sheffield on the US sitcom The Nanny?,Q464865,The Nanny,Q122473,Charles Shaughnessy,kb,Charles Shaughnessy,tvseries,456-2
980,What is the Breaking Bad television series' producing company?,Q1079,Breaking Bad,Q652390,Sony Pictures Television,infobox,Sony Pictures Television Studios,tvseries,326-3
3230,Altered Carbon TV-Series was released in which Genre?,Q22906308,Altered Carbon,Q1170644,Altered Carbon,kb,science-fiction,tvseries,1096-3
3958,what is genre of book Crime and Punishment?,Q165318,Crime and punishment,Q286328,psychological novel,kb,Philosophical novel,books,1341-0
2464,Who is the inception movie's hero?,Q25188,Inception,Q38111,Leonardo DiCaprio,infobox,Leonardo DiCaprio,movies,822-2
1955,Who played Bruce Nolan in the movie Bruce Almighty?,Q207816,Bruce Almighty,Q40504,Jim Carrey,kb,Jim Carrey,movies,652-0
3327,"What is the name of the ""Don Quixote"" novel's publisher?",Q480,Don Quixote,Q19007672,Francisco de Robles,text,Francisco de Robles,books,1130-1
2131,What was the year of publication of the book Carrie by Stephen King?,Q39829,Stephen King,1974-01-01T00:00:00Z,1974,kb,1974,books,710-2
2095,In 2021 what league did A.C. Milan compete in?,Q1543,A.C. Milan,Q15804,Serie A,infobox,Serie A,soccer,698-2
2439,What was the first single from the Graduation album?,Q1129439,Graduation,Q2446615,Can't Tell Me Nothing,table,"Can't Tell Me Nothing""",music,814-1
2308,who wrote To Kill a Mockingbird?,Q212340,To Kill a Mockingbird,Q212340,To Kill a Mockingbird,text,Harper Lee,books,770-1
2815,who is the founder of chesla?,Q9616,Chelsea F.C.,Q9616,Chelsea F.C.,text,Gus Mears,soccer,958-1
3398,What is the release date of the album Funeral?,Q526196,Funeral,2004-09-14T00:00:00Z,14 September 2004,kb,14 September 2004,music,1154-0
4728,Which book follows A Study in Scarlet?,Q223131,A Study in Scarlet,Q500688,The Sign of the Four,kb,The Sign of the Four,books,1600-3
1398,which is the country of origin of the Arrow TV Series?,Q552314,Arrow,Q30,United States of America,infobox,United States of America,tvseries,466-0
1042,Who composed the TV series Arrow?,Q552314,Arrow,Q881273,Blake Neely,infobox,Blake Neely,tvseries,347-0
401,"Director of ""Jaws?""",Q189505,Jaws,Q8877,Steven Spielberg,infobox,Steven Spielberg,movies,133-0
3977,what is nick name of United States men's national soccer team?,Q21621995,Kylian Mbapp\u00E9,Q114888,Stars and Stripes,infobox,Stars and Stripes,soccer,1348-0
2344,Who is the director of the movie Sooryavanshi?,Q61994951,Sooryavanshi,Q6716074,Rohit Shetty,text,Rohit Shetty,movies,782-1
1135,According to the 11 Nov 2021 result who called the most capped player in Brazil Nation Football Team ?,Q83459,Brazil national football team,Q5017206,Cafu,table,Cafu,soccer,378-1
3693,Who played the part of the narrator in the film Fight Club?,Q190050,Fight Club,Q125904,Edward Norton,text,Edward Norton,movies,1252-3
3365,Did American Graffiti win the Academy Award for Best Picture?,Q375855,American Graffiti,No,No,text,No,movies,1142-3
405,What label was the album released under?,Q22965873,Mind of Mine,Q202585,RCA Records,infobox,RCA Records,music,134-3
4844,Year of founded FIFA Beach Soccer World Cup?,Q610865,FIFA Beach Soccer World Cup,2005-01-01T00:00:00Z,2005,infobox,2005,soccer,1639-0
1666,Where was Vanessa Paradis born?,Q51023,Vanessa Paradis,Q193313,Saint-Maur-des-Foss\u00E9s,infobox,Saint-Maur-des-Fossés,music,555-0
3277,Who is the Screen writer film Black Beauty?,Q85747484,Black Beauty,Q52274421,Ashley Avis,kb,Ashley Avis,movies,1112-4
4731,Who directed the movie A Few Good Men?,Q108946,A Few Good Men,Q287607,Rob Reiner,kb,Rob Reiner,movies,1602-0
3504,who is the Sleeve Sponsor of Borussia Dortmund in 2022?,Q41420,Borussia Dortmund,Q21402874,Opel,table,Opel,soccer,1188-4
3058,For which team Harry Kane represent?,Q969725,Harry Kane,Q21,England,kb,England,soccer,1039-0
1555,What is the family name of the player Harry Kane ?,Q969725,Harry Kane,Q13570642,Kane,infobox,Kane,soccer,518-2
2585,What is the first part of Spider man movie series?,Q484442,Spider-Man,Q18636789,Spider-Man trilogy,text,Spider-Man trilogy,movies,872-0
4185,The series Joey was a spin-off of which show?,Q319817,Joey,Q79784,Friends,text,Friends,tvseries,1417-0
3573,who is the composer of Dolittle movie?,Q38689704,Dolittle,Q193338,Danny Elfman,infobox,Danny Elfman,movies,1212-3
2176,How many members were in the original Metallica lineup?,Q15920,Metallica,4,4,text,4,music,725-0
2042,Who is the writer of the novel The Underground Railroad?,Q27957817,The Underground Railroad,Q509662,Colson Whitehead,infobox,Colson Whitehead,books,680-3
1219,What is the name of the father character in the TV series Family Guy?,Q5930,Family Guy,Q28465,Peter Griffin,table,Peter Griffin,tvseries,406-1
4352,Which band does Pat Monahan belong to?,Q2713723,Patrick Monahan,Q282531,Train,infobox,Train,music,1474-0
422,What is the narrative place in the work The Old Man and the Sea?,Q26505,The Old Man and the Sea,Q419,Peru,kb,Peru,books,140-2
833,What was the nick name of the D.C. United soccer club?,Q238593,D.C. United,Black-and-Red,Black-and-Red,infobox,Black-and-Red,soccer,278-0
2298,What was the name of the charactr played by Matthew Morrison in American Horror Story: 1984?,Q63085806,American Horror Story: 1984,Q63085806,American Horror Story: 1984,text,Trevor Kirchner,tvseries,766-3
4962,Which club team did Romelu Lukaku play for?,Q313316,Romelu Lukaku,Q9616,Chelsea F.C.,kb,Chelsea F.C.,soccer,1678-2
2254,"What city did the movie ""The Goonies"" take place in?",Q636043,The Goonies,Q490724,Astoria,text,"Astoria, Oregon",movies,752-0
3506,What was the name of the novel Charles Dicken wrote before Oliver Twist?,Q5686,Charles Dickens,Q460583,The Pickwick Papers,table,The Pickwick Papers,books,1190-0
4401,"Which series does ""The Hunt for Red October"" belong to?",Q5255573,The Hunt for Red October,Q55163199,Ryanverse,kb,Ryanverse,books,1490-1
625,What is the Harry Kane sport number?,Q969725,Harry Kane,10,10,infobox,10,soccer,208-2
3196,the year Guns N' Roses first album came out?,Q270690,Appetite for Destruction,1987-01-01T00:00:00Z,1987,text,1987,music,1085-0
3218,what was the director name who directed Apocalypse Now Movie?,Q182692,Apocalypse Now,Q56094,Francis Ford Coppola,kb,Francis Ford Coppola,movies,1092-3
4866,Who played as human street performer in Carnival Row series?,Q46034734,Carnival Row,Q705602,Simon McBurney,kb,Simon McBurney,tvseries,1646-3
3049,Who was the original broadcaster of the tv series Riverdale?,Q23001951,Riverdale,Q212252,The CW,infobox,The CW,tvseries,1036-2
2074,What year was the novel Brave New world written?,Q191949,Brave New World,1931-01-01T00:00:00Z,1931,table,1931,books,691-0
2374,when did avatar movie released?,Q24871,Avatar,2009-12-18T00:00:00Z,18 December 2009,kb,18 December 2009,movies,792-1
96,What was the debut movie of actor Gregory Peck?,Q108366,Gregory Peck,Q2055886,Days of Glory,text,Days of Glory,movies,32-0
4576,What is the Present club team of Kylian Mbappé?,Q21621995,Kylian Mbapp\u00E9,Q483020,Paris Saint-Germain F.C.,kb,Paris Saint-Germain F.C.,soccer,1549-0
983,what is the age of Antoine Griezmann?,Q455462,Antoine Griezmann,30,30,kb,30,soccer,328-0
4586,What is the date of birth of the Cars movie director John Lasseter?,Q182153,Cars,1957-01-12T00:00:00Z,12 January 1957,infobox,12 January 1957,movies,1552-3
2771,What is the number of movies in the Home Alone series as of 2021?,Q3627883,Home Alone,6,6,table,6,movies,943-0
2658,who played the character role of Frank Underwood in House of Cards?,Q3330940,House of Cards,Q25144,Kevin Spacey,kb,Kevin Spacey,tvseries,906-0
14,Which performance ranked among the greatest by the Queen Band?,Q15862,Queen,Q193740,Live Aid,text,Live Aid,music,4-2
2714,"Who was singer of ""Let Me Love You"" song?",Q26254088,Let Me Love You,Q34086,Justin Bieber,text,Justin Bieber,music,924-2
990,When was Watership Down published?,Q936801,Watership Down,Q7064669,November 1972,kb,November 1972,books,330-1
2589,Who is the director of movie spider man part 1?,Q484442,Spider-Man,Q275402,Sam Raimi,text,Sam Raimi,movies,872-4
3081,Who is the producer of Travelers series?,Q24705137,Travelers,Q436686,Eric McCormack,kb,Eric McCormack,tvseries,1046-4
2817,Neymar is from?,Q142794,Neymar,Q61901279,Neymar,table,Portuguese,soccer,958-3
3409,Who developed the TV series The Good Doctor?,Q29908604,The Good Doctor,Q434272,David Shore,infobox,David Shore,tvseries,1157-0
1152,What year did the band Blind Guardian form?,Q152540,Blind Guardian,1984-01-01T00:00:00Z,1984,text,1984,music,384-0
2473,Which year did this Eagles band begin?,Q189635,Eagles,1971-01-01T00:00:00Z,1971,infobox,1971,music,825-0
3321,"What was the nickname of the soccer club ""New York Red Bulls"" soccer team?",Q204220,New York Red Bulls,The Red Bulls Metro,The Red Bulls Metro,infobox,The Red Bulls Metro,soccer,1128-1
3692,What was the name of the character played by Brad Pitt in the movie Fight Club?,Q35332,Brad Pitt,Q4001141,Tyler Durden,table,Tyler Durden,movies,1252-2
4027,what is the publication date of Blank Space song?,Q18441355,Blank Space,2014-11-10T00:00:00Z,10 November 2014,infobox,10 November 2014,music,1364-2
4456,which is the country of birth Antoine Griezmann?,Q455462,Antoine Griezmann,Q174247,M\u00E2con,infobox,Mâcon,soccer,1508-2
1303,What genre was Simon & Garfunkel?,Q484918,Simon & Garfunkel,Q186472,folk rock,infobox,folk rock,music,434-1
203,Who are the creators of the series Modern Family?,Q16756,Modern Family,Q983238,Christopher Lloyd,infobox,Christopher Lloyd;Steven Levitan,tvseries,67-0
4804,Who is the director of the TV series Hellbound?,Q100934044,Hellbound,Q19947205,Yeon Sang-ho,infobox,Yeon Sang-ho,tvseries,1626-1
3982,nick name of United States men's national soccer team?,Q21621995,Kylian Mbapp\u00E9,Q114888,Stars and Stripes,infobox,Stars and Stripes,soccer,1349-0
4078,who played Rosa Dasque in Europa Report movie?,Q3060692,Europa Report,Q269258,Anamaria Marinca,kb,Anamaria Marinca,movies,1382-0
1895,Who is the executive producer of the film Smallfoot?,Q109974650,Jared Stern,Q30607974,Smallfoot,kb,Jared Stern,movies,632-0
2991,How many seasons of Emily in Paris ?,Q64584978,Emily in Paris,2,2,kb,2,tvseries,1016-4
923,What is the award received by Josep Guardiola in 2009?,Q164038,Pep Guardiola,Q4894169,Catalan of the year Award,kb,Catalan of the year Award,soccer,308-0
2290,When was Tommy (The Who album) released?,Q93346,The Who,1969-05-17T00:00:00Z,17 May 1969,infobox,17 May 1969,music,764-1
4167,What was the publication year of the first Perry Mason book?,Q377529,Perry Mason,1933-01-01T00:00:00Z,1933,table,1933,books,1411-0
1086,What is the budget of 2001: A Space Odyssey movie?,Q103474,2001: A Space Odyssey,$10.5 million,$10.5 million,table,$10.5 million,movies,362-0
2945,Which is the debut book of the series Discworld?,Q3257270,Discworld books,Q32136,The Colour of Magic,kb,The Colour of Magic,books,1001-0
2144,"What is the name of the ""middle member"" of the popular teen pop band Hanson?",Q2610405,Taylor Hanson,Q2610405,Taylor Hanson,kb,Taylor Hanson,music,714-3
4293,What is the length of the album Sour?,Q106316694,Sour,34:41,34:41,infobox,34:41,music,1454-1
1161,What network originally had Grange Hill?,Q5595658,Grange Hill,Q191472,BBC One,kb,BBC One,tvseries,386-3
739,What is the date of birth of the actress Kat Dennings?,Q231751,Kat Dennings,1986-06-13T00:00:00Z,13 June 1986,kb,13 June 1986,tvseries,246-2
611,which year started this Queen band?,Q15862,Queen,1970-01-01T00:00:00Z,1970,table,1970,music,204-0
1726,What is the year of the cream band's formation?,Q203736,Cream,1966-01-01T00:00:00Z,1966,infobox,1966,music,575-0
1718,What is the country of origin of the Jaws movie?,Q189505,Jaws,Q30,United States of America,infobox,United States of America,movies,572-3
3169,Who is the host of the TV series Only Connect?,Q7094164,Only Connect,Q292973,Victoria Coren Mitchell,text,Victoria Coren Mitchell,tvseries,1076-2
2200,What year was the release of the movie The Lion King?,Q27044293,The Lion King,2019-01-01T00:00:00Z,2019,infobox,2019,movies,733-0
3681,Who is the president of S.L. Benfica?,Q131499,S.L. Benfica,Q190608,Rui Costa,kb,Rui Costa,soccer,1248-3
4485,The official Laws of the Game consists of how many rules?,Q506630,Laws of the Game,17,17,kb,17,soccer,1518-3
626,What is the Harry Kane's date of birth?,Q969725,Harry Kane,1993-07-28T00:00:00Z,28 July 1993,infobox,28 July 1993,soccer,208-3
3759,What city did they create their 'Led Zeppelin' band?,Q2331,Led Zeppelin,Q84,London,infobox,London,music,1274-4
4930,When was the first Major League Soccer game played?,Q18543,Major League Soccer,1996-04-06T00:00:00Z,6 April 1996,text,6 April 1996,soccer,1668-0
143,Who first created Jeopardy!?,Q499767,Jeopardy!,Q598344,Merv Griffin,text,Merv Griffin,tvseries,47-0
3874,On which date the movie Gulaal got released?,Q5617180,Gulaal,2009-03-13T00:00:00Z,13 March 2009,kb,13 March 2009,movies,1313-0
4768,What was the first album released by Imagine Dragons?,Q391348,Imagine Dragons,Q2498352,Night Visions,text,Night Visions,music,1614-1
2553,What Disney film was adapted from Oliver Twist?,Q164974,Oliver Twist,Q216929,Oliver & Company,text,Oliver & Company,books,860-4
4706,Screenwriter's of Parasite movie?,Q61448040,Parasite,Q495980,Bong Joon-ho,kb,"Bong Joon-ho, Han Jin-won",movies,1593-0
970,How long does the film Shutter Island last?,Q210364,Shutter Island,138 minute,138 minute,kb,138 minute,movies,323-0
3820,Which is Louis Armstrong's birth place?,Q1779,Louis Armstrong,Q34404,New Orleans,infobox,New Orleans,music,1295-0
3816,When was Louis Armstrong born?,Q1779,Louis Armstrong,1901-08-04T00:00:00Z,4 August 1901,infobox,4 August 1901,music,1294-1
3806,What is Stephen King sate of birth?,Q471024,Different Seasons,1947-09-21T00:00:00Z,21 September 1947,infobox,21 September 1947,books,1290-3
2339,Which is the final book of the series His Dark Materials?,Q129240,His Dark Materials trilogy,Q129929,The Amber Spyglass,infobox,The Amber Spyglass,books,780-2
4231,What city is the studio found in?,Q728399,Cinecitt\u00E0,Q220,Rome,text,Rome,movies,1432-4
2382,What is the significant event of The beatles band?,Q1299,The Beatles,Q2275227,The Beatles' Decca audition,infobox,The Beatles' Decca audition,music,794-4
4010,Kevin De Bruyne started his career with which club?,Q357984,Kevin De Bruyne,KVV Drongen,KVV Drongen,text,KVV Drongen,soccer,1358-3
1783,In which studio the album Purple Rain recorded?,Q253004,Purple Rain,Q5452326,First Avenue,text,First Avenue,music,594-2
815,"Who was the writer and director of the movie ""The Matrix""?",Q83495,The Matrix,Q195719,The Wachowskis,text,The Wachowskis,movies,272-0
2201,How many members did the band One direction have?,Q146027,One Direction,4,4,infobox,4,music,734-0
3979,who was the head coach of United States men's national soccer team?,Q21621995,Kylian Mbapp\u00E9,Q708694,Gregg Berhalter,kb,Gregg Berhalter,soccer,1348-2
496,What is the launch year of the website Metacritic?,Q150248,Metacritic,2001-01-01T00:00:00Z,2001,text,2001,music,164-4
3951,which club did Gareth Bale played in sports team 2008?,Q184586,Gareth Bale,Q18741,Tottenham Hotspur F.C.,table,Tottenham Hotspur F.C.,soccer,1338-4
102,Which band is the song Du Hast from?,Q753118,Du hast,Q25177,Rammstein,text,Rammstein,music,34-0
1093,What is Ilaiyaraaja's first movie as music director?,Q2720141,Ilaiyaraaja,Q4767802,Annakili,text,Annakili,music,364-1
2493,Who played Scott Calvin's son Charlie in The Santa Clause?,Q24573094,Scott Calvin,Q286942,Eric Lloyd,text,Eric Lloyd,movies,832-1
2080,Where the original RoboCop trilogy movies all direct by Paul Verhoeven?,Q129079,Paul Verhoeven,No,No,table,No,movies,693-0
2717,When was the song Let Me Love You released?,Q26254088,Let Me Love You,2016-08-05T00:00:00Z,5 August 2016,infobox,5 August 2016,music,925-0
1207,Which actor played the lead role in the movie Jumanji?,Q222939,Jumanji,Q83338,Robin Williams,text,Robin Williams,movies,402-1
634,Release year of the book Moby-Dick?,Q174596,Moby-Dick,1851-01-01T00:00:00Z,1851,kb,1851,books,211-0
1624,Who wrote the novel The Kite Runner?,Q637839,The Kite Runner,Q193116,Khaled Hosseini,kb,Khaled Hosseini,books,541-0
382,What is Joe Lycett's favorite football team?,Q6211024,Joe Lycett,Q18744,West Bromwich Albion F.C.,text,West Bromwich Albion F.C.,tvseries,126-4
2353,Who is the director of the movie Arth?,Q3427511,Arth,Q2347152,Mahesh Bhatt,infobox,Mahesh Bhatt,music,784-4
3924,Who is the piblisher of the book the Jane Eyre?,Q182961,Jane Eyre,Q2295283,"Smith, Elder & Co.",infobox,"Smith, Elder & Co.",books,1330-1
628,What is Harry Kane's family name?,Q969725,Harry Kane,Q13570642,Kane,infobox,Kane,soccer,209-0
3133,Where is Madonna from?,Q1744,Madonna,Q746820,"Bay City, Michigan",text,"Bay City, MI",music,1064-2
4046,Narrative location of 'Wuthering Heights' ​novel?,Q202975,Wuthering Heights,Q163,Yorkshire,infobox,Yorkshire,books,1370-3
3771,which is the country of birth Mohamed Salah?,Q1354960,Mohamed Salah,Q55624552,Nagrig,infobox,Nagrig,soccer,1278-4
4831,What was the rank of the song ''deja vu'' published by Pitchfork?,Q106291700,Deja Vu,10,10,table,10,music,1634-4
4759,Where did Exodus take place?,Q1384109,Exodus,Q5200532,Cyprus internment camps,text,Cyprus internment camp,books,1610-4
1923,Who dies in Lord of the Rings trying to get the ring back at Mordor?,Q177329,Frodo Baggins,Q15007,Gollum,text,Gollum,books,640-4
4555,Which year the movie The Matrix released?,Q83495,The Matrix,1999-01-01T00:00:00Z,1999,kb,1999,movies,1542-2
609,who is The Silence film composer?,Q50418548,The Silence,Q1297628,Tomandandy,infobox,Tomandandy,movies,202-4
2065,Which was the team that Hugo Lloris debuted against after he joined Tottenham Hotspur?,Q1907,Hugo Lloris,Q2609,S.S. Lazio,text,S.S. Lazio,soccer,688-2
3881,Who is the creator of the TV series Mithai?,Q105095232,Mithai,Q46405435,Samrat Ghosh,infobox,Samrat Ghosh,tvseries,1316-0
541,Which is the first novel of Chetan Bhagat?,Q46926,Chetan Bhagat,Q5456066,Five Point Someone,table,Five Point Someone,books,180-2
4308,Who is the founder of Rakuten?,Q973054,Rakuten,Q5366748,Hiroshi Mikitani,infobox,Hiroshi Mikitani,soccer,1458-4
753,"What series does The Long Way to a Small, Angry Planet belong to?",Q41663451,"The Long Way to a Small, Angry Planet",Q62699014,Wayfarers series,kb,Wayfarers series,books,250-4
4384,Which record label is Ancient Bards under?,Q3615207,Ancient Bards,Q4042925,Limb Music,kb,Limb Music,music,1484-2
4120,Which actor portray Captain Jean-Luc Picard in the tv series Star Trek: The Next Generation?,Q16290,Star Trek: The Next Generation,Q16296,Patrick Stewart,kb,Patrick Stewart,tvseries,1396-0
574,Author of the book Alice's Adventures in Wonderland?,Q92640,Alice's Adventures in Wonderland,Q38082,Lewis Carroll,infobox,Lewis Carroll,books,191-0
3743,What is the soccer team of Luis Suárez in 2021?,Q26517,Luis Su\u00E1rez,Q8701,Atl\u00E9tico Madrid,infobox,Atlético de Madrid,soccer,1269-0
27,What is the award received by Paul Pogba?,Q129027,Paul Pogba,Q10855271,Knight of the Legion of Honour,text,Knight of the Legion of Honour,soccer,8-3
2160,What is the name of the second novel in the Millennium series?,Q847022,Millennium,Q1137369,The Girl Who Played with Fire,infobox,The Girl Who Played with Fire,books,720-1
4008,What is the birth place of Kevin De Bruyne?,Q357984,Kevin De Bruyne,Q1260195,Drongen,infobox,Drongen,soccer,1358-1
2003,what is the country of citizenship of the Alisson ?,Q18237361,Alisson,Q155,Brazil,infobox,Brazil,soccer,668-0
4353,What is the name of the single from Train that won two Grammys in the year 2002?,Q282531,Train,Q2521798,Drops of Jupiter,text,Drops of Jupiter (Tell Me),music,1474-1
154,Which is the last novel of the series Redwall?,Q1247790,Redwall,Q3522537,The Rogue Crew,table,The Rogue Crew,books,50-4
415,What was the last official game Pelé participated in?,Q12897,Pel\u00E9,Q16191936,Soccer Bowl '77,text,Soccer Bowl '77,soccer,138-1
3697,Who was Kelly Clarkson's major influence?,Q483507,Kelly Clarkson,Q125121,Aretha Franklin,text,Aretha Franklin,music,1254-1
3085,In which position Robert Lewandowski played in team?,Q151269,Robert Lewandowski,Q280658,forward,kb,forward,soccer,1048-2
859,Where was The Oprah Winfrey Show produced?,Q694106,The Oprah Winfrey Show,Q1297,Chicago,infobox,"Chicago, Illinois",tvseries,286-2
2954,Who is the lead singer of the album Sunoh?,Q7640949,Sunoh,Q3595213,Lucky Ali,infobox,Lucky Ali,music,1004-2
4931,Which team won the first MLS Cup in Major League Soccer?,Q18543,Major League Soccer,Q238593,D.C. United,table,D.C. United,soccer,1668-1
342,Which instrument played by the Composer Tan Dun?,Q314176,Tan Dun,Q742180,viola d'amore,kb,viola d'amore,music,114-0
255,Which is the next album of Demi Lovato after Demi?,Q9343810,Demi,Q20886070,Confident,infobox,Confident,music,84-3
697,Who directed the movie Oblivion?,Q638544,Oblivion,Q2444076,Joseph Kosinski,kb,Joseph Kosinski,movies,232-2
1883,Who won the 2015 FIFA women's world cup?,Q911847,2015 FIFA Women's World Cup,Q334526,United States women's national soccer team,infobox,United States women's national soccer team,soccer,628-0
131,Which actor played Ron in the Harry Potter film series?,Q216930,Harry Potter film series,Q19190,Rupert Grint,text,Rupert Grint,movies,43-0
4131,Who won the MLS Cup in 2021?,Q577698,MLS Cup,Q13361030,New York City FC,table,New York City FC,soccer,1399-0
4290,What is the occupation of Kamlesh Pandey?,Q15645826,Kamlesh Pandey,Q28389,screenwriter,text,Screenwriter,movies,1452-4
1141,"Who was the author of I, Robot?",Q393018,"I, Robot",Q34981,Isaac Asimov,text,Isaac Asimov,books,380-1
4622,"What position did ""If You Had My Love"" debut at on the Billboard Hot 100?",Q848739,If You Had My Love,Q848739,If You Had My Love,text,81,music,1564-3
3516,Did Bill Murray come back for Ghostbusters II?,Q492214,Ghostbusters II,Yes,Yes,kb,Yes,movies,1192-4
4202,In what city was DeVito born?,Q26806,Danny DeVito,Q2641218,Neptune Township,kb,Neptune Township,movies,1422-4
358,Where did Landon Donovan born?,Q202237,Landon Donovan,Q488134,Ontario,text,Ontario,soccer,118-4
1185,What is the Aerosmith music's discography?,Q126826,Aerosmith,Q381707,Aerosmith discography,infobox,Aerosmith discography,music,394-3
2327,what is the release year of game of thrones?,Q6362982,Real Madrid CF,2011-01-01T00:00:00Z,2011,kb,2011,tvseries,776-2
1224,What is the position of the footballer Luis Suárez?,Q26517,Luis Su\u00E1rez,Q280658,forward,kb,forward,soccer,408-0
4048,"Author of ""Wuthering Heights"" novel?",Q202975,Wuthering Heights,Q80137,Emily Bront\u00EB,kb,Emily Brontë,books,1371-0
2671,which country of origin Homeland Elegies book?,Q105082070,Homeland Elegies,Q1860,English,text,English,books,910-1
3190,Who plays John Wick?,Q29554576,John Wick,Q29554576,John Wick,text,Keanu Charles Reeves,movies,1083-0
1271,Who is the director of the film Sardar Udham?,Q64152707,Sardar Udham,Q7500450,Shoojit Sircar,kb,Shoojit Sircar,movies,423-0
4335,Who was the Kit manufacturer from 2012 to present for New England Revolution soccer club?,Q309095,New England Revolution,Q4033399,Adidas,table,Adidas,soccer,1468-1
4468,"In the film Kramer vs. Kramer, what is the profession of Ted Kramer?",Q193577,Kramer vs. Kramer,Q37038,advertising,text,Advertising,movies,1512-4
1907,"Who directs season 1 episode ""Welcome to Matheson"" in the tv series locke & key?",Q56274745,Locke & Key,Q6832915,Michael Morris,table,Michael Morris,tvseries,636-0
2492,Who played Scott Calvin in The Santa Clause?,Q24573094,Scott Calvin,Q208408,Tim Allen,text,Tim Allen,movies,832-0
2454,Where is Lille Olympique Sporting Club located at?,Q19516,Lille OSC,Q142,France,text,France,soccer,818-4
4858,When did the movie Terminal Exposure released?,Q7702661,Terminal Exposure,1987-01-01T00:00:00Z,1987,kb,1987,music,1644-1
3227,what Network released Mindhunter TV-Series?,Q25340152,Mindhunter,Q907311,Netflix,infobox,Netflix,tvseries,1096-0
341,director of the flim tom and jerry?,Q65921361,Tom & Jerry,Q2005037,Tim Story,infobox,Tim Story,movies,113-0
3272,Book followed by The book Ulysses?,Q6511,Ulysses,Q6507,Finnegans Wake,infobox,Finnegans Wake,books,1111-0
1178,What is the country of orign of the Godzilla vs. Kong movie?,Q56307503,Godzilla vs. Kong,Q30,United States of America,infobox,United States of America,movies,392-2
735,Did the The Police comprise of Stewart Copeland as a band member?,Q315711,Stewart Copeland,Yes,Yes,kb,Yes,music,244-4
2164,Creator of Millennium crime novels?,Q847022,Millennium,Q186317,Stieg Larsson,text,Stieg Larsson,books,721-0
744,What position did the soccer player Oliver Kahn play?,Q131261,Oliver Kahn,Q201330,goalkeeper,kb,goalkeeper,soccer,248-1
40,who is the producer of Love and Monsters movie?,Q62761126,Love and Monsters,Q323076,Shawn Levy,infobox,Shawn Levy,movies,12-4
4134,Who is the author of the book Thumbelina?,Q11870,Thumbelina,Q5673,Hans Christian Andersen,infobox,Hans Christian Andersen,books,1400-2
2033,What is the date of birth of Chris Kamara?,Q1077393,Chris Kamara,1957-12-25T00:00:00Z,25 December 1957,kb,25 December 1957,soccer,678-0
1646,How many matches has Roque Júnior played for A.C. Milan?,Q315831,Roque J\u00FAnior,44,44,table,44,soccer,548-3
4742,In which year was Linkin Park started?,Q261,Linkin Park,1996-01-01T00:00:00Z,1996,infobox,1996,music,1605-0
2284,What is the name of the actor that play the killer in the The Girl with the Dragon Tattoo?,Q474093,The Girl with the Dragon Tattoo,Q208667,Stellan Skarsg\u00E5rd,text,Stellan Skarsgård,movies,762-1
3888,What is the height of Andrew Robertson?,Q15915040,Andrew Robertson,5 ft 10 in,5 ft 10 in,infobox,5 ft 10 in,soccer,1318-1
687,who is the captain of Argentina national football team ?,Q79800,Argentina national football team,Q615,Lionel Messi,text,Lionel Messi,soccer,228-4
3126,What is the running time of Raiders of the Lost Ark?,Q174284,Raiders of the Lost Ark,115 minutes,115 minutes,kb,115 minutes,movies,1062-1
2747,Which is the origin city of the band Pearl Jam?,Q142701,Pearl Jam,Q5083,Seattle,kb,Seattle,music,935-0
8,Who is the producer of the film Encanto?,Q103387240,Yvett Merino Flores,Q103372692,Encanto,text,Yvett Merino Flores,movies,2-2
1498,Where does the Chelsea Football Club play their home games?,Q9616,Chelsea F.C.,Q171458,Stamford Bridge,kb,Stamford Bridge,soccer,499-0
4575,Which club team Kylian Mbappé played before Paris Saint-Germain F.C.?,Q21621995,Kylian Mbapp\u00E9,Q180305,AS Monaco FC,kb,AS Monaco FC,soccer,1548-4
1784,Where is the studio First Avenue located?,Q5452326,First Avenue,Q36091,Minneapolis,infobox,Minneapolis,music,594-3
2535,To what genre does the TV series Entourage belong?,Q253205,Entourage,Q859369,comedy-drama,infobox,comedy drama,tvseries,846-1
282,"Who was the singer of ""Into You"" song?",Q24026109,Into You,Q151892,Ariana Grande,text,Ariana Grande,music,94-0
2002,In which year did the television series Bones premiere?,Q207803,Bones,2005-01-01T00:00:00Z,2005,infobox,2005,tvseries,667-0
2650,Which country was James Cameron's nationality?,Q42574,James Cameron,Q42574,James Cameron,kb,Canada,movies,902-4
2694,What is the full name of FC Barcelona?,Q7156,FC Barcelona,Futbol Club Barcelona,Futbol Club Barcelona,kb,Futbol Club Barcelona,soccer,918-0
4777,What award did Curb Your Enthusiasm win?,Q23722,Curb Your Enthusiasm,Q596294,Golden Globe Award for Best Television Series \u2013 Musical or Comedy,text,Golden Globe Award for Best Television Series – Musical or Comedy,tvseries,1616-4
2156,From what source does the term soccer originate?,https://en.wikipedia.org/wiki/Oxford_-er,https://en.wikipedia.org/wiki/Oxford_-er,Q7115217,Q7115217,kb,"Oxford ""-er"" slang",soccer,718-3
29,For which country team did Paul Pogba play?,Q129027,Paul Pogba,Q142,France,kb,France,soccer,9-0
3652,Where did Franz Beckenbauer born?,Q4457,Franz Beckenbauer,Q1726,Munich,infobox,Munich,soccer,1238-4
4535,In which year did Mork & Mindy first air?,Q988037,Mork & Mindy,1978-01-01T00:00:00Z,1978,table,1978,tvseries,1536-0
1290,Who is the author of The Chosen?,Q2752989,The Chosen,Q560735,Chaim Potok,text,Chaim Potok,books,430-0
1518,Who is the creator of The Crown?,Q20707362,The Crown,Q948122,Peter Morgan,kb,Peter Morgan,tvseries,506-1
3763,The distributed  company of Boston Public ​tv series was?,Q894582,Boston Public,Q2814799,20th Television,infobox,20th Television,tvseries,1276-2
370,What instruments does Thomas Newman play?,Q319996,Thomas Newman,Q5994,piano,infobox,piano;violin,movies,122-4
2400,Which is the narrative location of the book Hamlet?,Q41567,Hamlet,Q35,Denmark,kb,Denmark,books,800-4
1984,In which year did the first Eragon book come out?,Q185449,Eragon,2002-01-01T00:00:00Z,2002,kb,2002,books,661-0
4820,Released year of Empire of the Moghul?,Q5374214,Empire of the Moghul,2009-01-01T00:00:00Z,2009,text,2009,books,1631-0
4144,Which instrument played by Britney Spears?,Q11975,Britney Spears,Q5994,piano,kb,piano,music,1404-0
3120,What year was The Thorn Birds published?,Q606465,The Thorn Birds,1977-01-01T00:00:00Z,1977,infobox,1977,books,1060-1
692,What is the genre of The Expanse novel series?,Q19610143,The Expanse,Q468478,space opera,kb,space opera,books,230-3
453,"What was the country of origin of book ""Nineteen Eighty-Four""?",Q208460,Nineteen Eighty-Four,Q145,United Kingdom,kb,United Kingdom,books,150-3
1337,In which place composer Pierre Boulez born?,Q156193,Pierre Boulez,Q213288,Montbrison,kb,Montbrison,music,445-0
3528,In what film did Elizabeth Inglis make her acting debut?,Q441889,Elizabeth Inglis,Q32942274,Borrowed Clothes,table,Borrowed Clothes,tvseries,1196-4
2093,In which year did the Brazilian footballer Kaka win the Ballon d'Or?,Q531814,Kak\u00E1,2007-01-01T00:00:00Z,2007,kb,2007,soccer,698-0
579,which is the production company of the flim pirates of the caribbean?,Q194318,Pirates of the Caribbean,Q191224,Walt Disney Pictures,kb,Walt Disney Pictures,movies,192-4
4682,What is the name of the renowned singer who was part of the bands Aerosmith and Chain Reaction?,Q126826,Aerosmith,Q194045,Steven Tyler,infobox,Steven Tyler,music,1585-0
1063,"What was the label of the song ""I am not a woman, I’m a god""?",Q108822278,"I Am Not a Woman, I'm a God",Q50842365,Capitol,infobox,Capitol,music,354-2
445,What is the name of the club Wayne Rooney played for in the year 2003?,Q266613,Wayne Rooney,Q5794,Everton F.C.,table,Everton F.C.,soccer,148-1
2847,what is the competition class of National Women's Soccer League?,Q1101443,National Women's Soccer League,Q606060,Women's association football,kb,women's association football,soccer,968-4
3315,"Who was main cast member of the series ""Mare of Easttown""?",Q61040213,Mare of Easttown,Q202765,Kate Winslet,kb,Kate Winslet,tvseries,1126-1
1144,What was R. Daneel Olivaw last novel appearance?,Q901072,R. Daneel Olivaw,Q1050014,Foundation and Earth,infobox,Foundation and Earth,books,380-4
1627,Which is the first movie as director of Kunal Deshmukh?,Q6444153,Kunal Deshmukh,Q6155093,Jannat,table,Jannat,movies,542-2
2807,Perfect Ed Sheeran music was released in which year?,Q29051557,Perfect,2017-01-01T00:00:00Z,2017,kb,2017,music,955-0
1880,Who wrote Nick of Time in the original Twilight Zone series?,Q2617903,Nick of Time,Q325130,Richard Matheson,infobox,Richard Matheson,tvseries,626-3
1762,In which year was the first episode of Three's Company shown on TV?,Q245996,Three's Company,1977-01-01T00:00:00Z,1977,text,1977,tvseries,587-0
2521,The sequel to The Adventures of Tom Sawyer is which book?,Q326914,The Adventures of Tom Sawyer,Q215410,Adventures of Huckleberry Finn,infobox,Adventures of Huckleberry Finn,books,841-0
4150,What is the Original language of the tv series Luna Nera?,Q652,Italian,Q82300697,Luna Nera,infobox,Italian,tvseries,1406-0
3220,Batman v Superman: Dawn of Justice Movie was directed by which film director?,Q14772351,Batman v Superman: Dawn of Justice,Q139890,Zack Snyder,table,Zack Snyder,movies,1093-0
4472,Which female rocker ultimately became Kurt Cobain's wife?,Q8446,Kurt Cobain,Q222071,Courtney Love,text,Courtney Love,music,1514-2
4894,Who is the creator of the TV Series The Wheel of Time?,Q60746841,The Wheel of Time,Q6666366,Rafe Judkins,kb,Rafe Judkins,tvseries,1656-0
3540,"What was the publication year of the book ""Sons and Lovers""?",Q80771,Sons and Lovers,1913-01-01T00:00:00Z,1913,infobox,1913,books,1200-4
870,When was the book The Immortals of Meluha published?,Q6488199,The Immortals of Meluha,Q236283,February 2010,infobox,February 2010,books,290-1
3662,Who played the character of Miyan Maqbool?,Q542866,Maqbool,Q360927,Irrfan Khan,table,Irrfan Khan,movies,1242-2
2012,What is the first novel of Toni Morrison?,Q72334,Toni Morrison,Q1069956,The Bluest Eye,text,The Bluest Eye,books,670-3
3889,What is the current club Andrew Robertson playing for?,Q15915040,Andrew Robertson,Q1130849,Liverpool F.C.,infobox,Liverpool F.C.,soccer,1318-2
4212,What police force is the Rookie about?,Q48744320,The Rookie,Q214126,Los Angeles Police Department,text,LAPD,tvseries,1426-2
1552,What is the plot of the TV show The Tunnel?,Q15104549,The Tunnel,Q1211796,The Bridge,infobox,The Bridge,tvseries,517-0
4142,Who distributed the movie 101 Dalmatians?,Q8594,101 Dalmatians,Q54958752,Disney+,kb,Disney+,movies,1402-4
151,What is the date of birth of the Brian Jacques?,Q468851,Brian Jacques,1939-06-15T00:00:00Z,15 June 1939,text,15 June 1939,books,50-1
125,Author of Slaughterhouse-Five?,Q265954,Slaughterhouse-Five,Q49074,Kurt Vonnegut,text,Kurt Vonnegut,books,41-0
302,Who wrote the screenplay for Shawshank Redemption?,Q295345,Jarom\u00EDr J\u00E1gr,Q295445,Frank Darabont,text,Frank Darabont,books,100-2
2051,Which band had the single My Generation in 1965?,Q8353114,My Generation,Q93346,The Who,text,The Who,music,684-0
4566,Which book Mindhunter series is based on?,Q25340152,Mindhunter,Q42996331,Mindhunter: Inside the FBI's Elite Serial Crime Unit,kb,Mindhunter: Inside the FBI's Elite Serial Crime Unit,tvseries,1546-1
4859,Which movie Hans Zimmer received Academy Award for Best Original Score?,Q76364,Hans Zimmer,Q36479,The Lion King,kb,The Lion King,music,1644-2
2216,What is the name of the football club Iker Casillas represented in the year 2002?,Q11584,Iker Casillas,Q12217,Real Madrid Castilla,table,Real Madrid Castilla,soccer,738-3
1457,lead actor of the series Arrow?,Q552314,Arrow,Q616960,Stephen Amell,text,Stephen Amell,tvseries,486-0
4096,Which club did Mesut Özil playing now?,Q83488,Mesut \u00D6zil,Q6601875,Fenerbah\u00E7e S.K.,kb,Fenerbahçe S.K.,soccer,1388-0
3651,What was the award received in 1996 by Franz Beckenbauer ?,Q311830,Footballer of the Year,Q4457,Franz Beckenbauer,text,Footballer of the Year,soccer,1238-3
2375,who directed the avatar movie?,James Cameron,James Cameron,Q42574,James Cameron,infobox,https://en.wikipedia.org/wiki/James_Cameron,movies,792-2
1686,Which actor portrayed the Shaolin monk character Liu Kang in the 1995 movie Mortal Kombat?,Q819196,Mortal Kombat,Q353049,Robin Shou,kb,Robin Shou,movies,562-1
4350,What was Matt Damon's debut movie?,Q175535,Matt Damon,Q1331243,Mystic Pizza,table,Mystic Pizza,movies,1472-4
2498,Where was John Prine born?,Q520296,John Prine,Q165247,Maywood,infobox,"Maywood, Illinois",music,834-0
2555,Who directed The Turning Point?,Q451558,The Turning Point,Q711415,Herbert Ross,infobox,Herbert Ross,movies,862-0
1652,What is the form of creative work of the book Lord of the Flies?,Q271764,Lord of the Flies,Q8261,novel,text,novel,books,550-3
1483,How many times has Gordon Lightfoot been married?,Q359552,Gordon Lightfoot,3,3,text,3,music,494-2
412,On what show did she play Heather McCoy?,Q230045,Tiffani Thiessen,Q208647,Married... with Children,table,Married... with Children,tvseries,136-4
2145,From what city and state do the members of the band Hanson originate?,Q768621,Hanson,Q44989,Tulsa,kb,"Tulsa, Oklahoma",music,714-4
4582,Initial book of the novel series Little House on the Prairie?,Q5400672,Little House on the Prairie,Q7173181,Little House in the Big Woods,table,Little House in the Big Woods,books,1551-0
896,which is Cristiano Ronaldo's current team?,Q11571,Cristiano Ronaldo,Q18656,Manchester United F.C.,kb,Manchester United,soccer,298-3
1953,What was the flat number of Sherlock Holmes in the novel A Study in Scarlet?,Q223131,A Study in Scarlet,221B,221B,text,221B,books,650-4
4316,"What was the main subject of the movie ""Encanto""?",Q103372692,Encanto,Q1726563,self-discovery,kb,self-discovery,movies,1462-0
353,Origin of the TV series Alice in Borderland?,Q103967305,Alice in Borderland,Q17,Japan,infobox,Japan,tvseries,117-0
1058,"What was the character name Jodie Foster in the movie ""Taxi Driver""?",Q47221,Taxi Driver,Iris Steensma,Iris Steensma,text,Iris Steensma,movies,352-3
2194,Who was the author of the work Divine Comedy?,Q40185,The Divine Comedy,Q1067,Dante Alighieri,text,Dante Alighieri,books,731-0
3422,"Who directed the first four ""Scream"" movies?",Q388659,Scream,Q223992,Wes Craven,table,Wes Craven,movies,1162-0
4578,Which is the second book of the novel series Little House on the Prairie?,Q5400672,Little House on the Prairie,Q5435715,Farmer Boy,table,Farmer Boy,books,1550-1
94,"What pseudonym did Charlotte Brontë use for her book The Green Dwarf, A Tale of the Perfect Tense?",Q127332,Charlotte Bront\u00EB,Lord Charles Albert Florian Wellesley,Lord Charles Albert Florian Wellesley,text,Lord Charles Albert Florian Wellesley,books,30-4
3717,"Who is Enola Holmes, the director of photography?",Q65032692,Enola Holmes,Q1524278,Giles Nuttgens,infobox,Giles Nuttgens,books,1260-3
4605,Has Paul Pogba played for Manchester United F.C. Reserves and Academy?,Q129027,Paul Pogba,Yes,Yes,text,Yes,soccer,1558-4
2166,What year was David Lynch's Eraserhead released?,Q2071,David Lynch,1977-01-01T00:00:00Z,1977,kb,1977,movies,722-1
545,Who is the director of the movie Angrezi Medium?,Q62892931,Angrezi Medium,Q5890742,Homi Adajania,infobox,Homi Adajania,movies,182-0
1821,Who won the America's Next Top Model in the season next to Adrianne Curry's cycle?,Q31426,America's Next Top Model,Q434414,Yoanna House,table,Yoanna House,tvseries,606-4
686,The most caps player of this Argentina national football team??,Q79800,Argentina national football team,Q615,Lionel Messi,infobox,Lionel Messi,soccer,228-3
2134,First published book by Stephen King?,Q39829,Stephen King,Q623394,Carrie,table,Carrie,books,711-0
725,Who produced the movie The Devil Wears Prada?,Q223316,The Devil Wears Prada,Q459177,Wendy Finerman,infobox,Wendy Finerman,movies,242-0
137,Who did Fergie marry in 2009?,Q180004,Fergie,Q19794,Josh Duhamel,infobox,Josh Duhamel,music,45-0
2203,Who was the founder of the record label Syco Music?,Q7659636,Syco Music,Q162629,Simon Cowell,kb,Simon Cowell,music,734-2
4961,What is his specific position payed on teams?,Q313316,Romelu Lukaku,Q280658,forward,kb,forward,soccer,1678-1
3484,who is the screenwriter of Birds of Prey movie?,Q57177410,Birds of Prey,Q21066761,Christina Hodson,infobox,Christina Hodson,movies,1182-2
1501,What is the birth year of F. Scott Fitzgerald?,Q93354,F. Scott Fitzgerald,1896-09-24T00:00:00Z,24 September 1896,infobox,24 September 1896,books,500-2
471,"What was main character name in the ""Emily in Paris"" series?",Q64584978,Emily in Paris,Q29089965,Emily Cooper,text,Emily Cooper,tvseries,156-3
2286,Which Oscar did The Girl with the Dragon Tattoo win?,Q19020,Academy Awards,Q474093,The Girl with the Dragon Tattoo,table,Best Film Editing,movies,762-3
732,What is the name of the band Sting belonged to in the year 1977?,Q483203,Sting,Q178095,The Police,text,The Police,music,244-1
2679,who is the director of The Witches movie?,Q63630439,The Witches,Q187364,Robert Zemeckis,text,Robert Zemeckis,movies,912-3
4051,Who is the The Next Three Days movie's hero?,Q263930,The Next Three Days,Q129817,Russell Crowe,infobox,Russell Crowe,movies,1372-2
4217,What year did women's soccer get added to the olympics,Q2736,soccer,1996-01-01T00:00:00Z,1996,kb,1996,soccer,1428-1
4787,When did the Russian author Leo Tolstoy died?,Q7243,Leo Tolstoy,1910-11-20T00:00:00Z,20 November 1910,infobox,20 November 1910,books,1620-2
1223,The show Family Guy premiered on which date?,Q5930,Family Guy,1999-01-31T00:00:00Z,31 January 1999,text,31 January 1999,tvseries,407-0
3325,Head coach of the soccer team NY Red Bulls?,Q204220,New York Red Bulls,Q5550774,Gerhard Struber,infobox,Gerhard Struber,soccer,1129-0
2118,Who played as Omar Shanaa in Elite Tv series?,Q53000974,Elite,Q57987712,Omar Ayuso,infobox,Omar Ayuso,tvseries,706-1
3459,"Out of the band members in The Bangles, who were sisters?",Q214418,The Bangles,Q273414,Debbi Peterson,text,Debbi Peterson;Vicki Peterson,music,1174-1
1061,"Who was the singer of the song ""I am not a woman, I’m a god""?",Q108822278,"I Am Not a Woman, I'm a God",Q2254254,Halsey,kb,Halsey,music,354-0
2215,What is the goalkeeper Iker Casillas's pseudonym?,Q11584,Iker Casillas,San Iker,San Iker,text,San Iker,soccer,738-2
1487,How many seasons was The Cosby Show on the air?,Q463999,The Cosby Show,2,2,text,2,tvseries,496-0
324,Who is Neymar's current soccer team?,Q142794,Neymar,Q483020,Paris Saint-Germain F.C.,table,Paris Saint-Germain F.C,soccer,108-0
2227,Who played character of Roohi in the movie Roohi?,Q64768529,Roohi (2021 film),Q22290570,Janhvi Kapoor,table,Janhvi Kapoor,movies,742-3
2175,Who is the singer in the band Metallica?,Q15920,Metallica,Q484302,James Hetfield,infobox,James Hetfield,music,724-4
688,what is the nick name of Argentina national football team?,Q79800,Argentina national football team,La Albiceleste (The White and Sky Blues),La Albiceleste (The White and Sky Blues),kb,La Albiceleste (The White and Sky Blues),soccer,229-0
858,How many seasons was The Oprah Winfrey Show on the air?,Q694106,The Oprah Winfrey Show,25,25,text,25,tvseries,286-1
1872,Who was the lead guitarist of Queen?,Q15862,Queen,Q15873,Brian May,text,Brian May,music,624-1
924,What is the position played by Josep Guardiola?,Q164038,Pep Guardiola,Q193592,midfielder,infobox,midfielder,soccer,308-1
526,Selena Gomez held which position?,Q83287,Selena Gomez,Q19969187,UNICEF Goodwill Ambassador,table,UNICEF Goodwill Ambassador,music,174-4
4196,What year did Matilda get published?,Q1426188,Matilda,1988-01-01T00:00:00Z,1988,text,1988,books,1420-4
2420,What is the citizenship of the player Mohamed Salah?,Q1354960,Mohamed Salah,Q79,Egypt,kb,Egypt,soccer,808-0
4238,"Who played Sam Malone on ""Cheers?""",Q732063,Cheers,Q381203,Ted Danson,text,Ted Danson,tvseries,1436-0
2715,"What was the label of the song ""Let Me Love You""?",Q26254088,Let Me Love You,Q231694,Interscope Records,kb,Interscope,music,924-3
3148,What player has scored the highest on the El Salvador national football team?,Q188228,El Salvador national football team,Q2035466,Ra\u00FAl D\u00EDaz Arce,infobox,Raúl Díaz Arce,soccer,1069-0
148,Who sponsored Bayern Munich's kits in 2017?,Q15789,FC Bayern Munich,Q3895,Adidas,table,Adidas,soccer,48-4
3608,What was Augustana's next single after Boston?,Q765947,Augustana,Q7655599,Sweet and Low,infobox,Sweet and Low,music,1224-2
3757,Which award has this 'Led Zeppelin' band been win for?,Q2331,Led Zeppelin,Q179191,Rock and Roll Hall of Fame,infobox,Rock and Roll Hall of Fame,music,1274-2
4538,Where does Mork & Mindy take place?,Q988037,Mork & Mindy,Q192517,Boulder,text,"Boulder, Colorado",tvseries,1536-3
2768,What is the name of the character played by Macaulay Culkin in the first Home Alone film?,Q103578,Macaulay Culkin,Q55653512,Kevin McCallister,text,Kevin McCallister,movies,942-2
159,What is the release date of the movie The Body?,Q85532356,The Body,2019-12-13T00:00:00Z,13 December 2019,infobox,13 December 2019,movies,52-3
2997,what is the nick name of Manchester United Football Club?,Q18656,Manchester United F.C.,Q7759859,The Red Devils,infobox,The Red Devils,soccer,1018-4
755,Who wrote the 2002 movie Signs?,Q22432,Signs,Q51489,M. Night Shyamalan,text,M. Night Shyamalan,movies,252-0
2609,"Who wrote the book, A Tale of Two Cities?",Q308918,A Tale of Two Cities,Q5686,Charles Dickens,kb,Charles Dickens,books,880-0
2921,Which film by Clint Eastwood has won the maximum number of Academy Awards and BAFTA Awards?,Q43203,Clint Eastwood,Q104137,Unforgiven,table,Unforgiven,movies,993-0
1603,What is the name of the label that released the album Purple Rain?,Q7542,Prince,Q67030918,Warner Records Inc.,text,Warner Records,music,534-2
3451,What is the sequel to the book The Fifth Season?,Q25217632,The Fifth Season,Q30337352,The Obelisk Gate,text,The Obelisk Gate,books,1171-0
2778,Who created the TV series The Big Bang Theory?,Q8539,The Big Bang Theory,Q430844,Chuck Lorre,infobox,Chuck Lorre;Bill Prady,tvseries,946-0
3308,"Who was the performer of the music ""I'm Your Angel""?",Q4922282,I'm Your Angel,Celine Dion and R. Kelly,Celine Dion and R. Kelly,infobox,Celine Dion and R. Kelly,music,1124-0
4223,Who is the protagonist in the series?,Q11678,The Hunger Games,Q2071301,Katniss Everdeen,text,https://www.Q2071301,books,1430-1
3535,Who broke the MLS all time goal scoring record in 2021?,Q18543,Major League Soccer,Q1077877,Chris Wondolowski,text,Chris Wondolowski,soccer,1199-0
4762,Who wrote the music for The Wiz?,Q428158,The Wiz,Q5085524,Charlie Smalls,infobox,Charlie Smalls,movies,1612-1
1832,Did Hulu release all the Catch-22 miniseries episodes on the same day?,Q48743233,Catch-22,Yes,Yes,table,Yes,books,610-3
1333,When did composer Pierre Boulez died?,Q156193,Pierre Boulez,2016-01-05T00:00:00Z,5 January 2016,kb,5 January 2016,music,444-1
3991,Who is the spouse of Ashutosh Gowariker?,Q281249,Ashutosh Gowariker,Q51639041,Sunita Gowariker,kb,Sunita Gowariker,movies,1352-2
3262,Who gave the screenplay of the TV series Anupamaa?,Q86752959,Anupamaa,Q19665370,Bhavna Vyas,kb,Bhavna Vyas,tvseries,1107-0
4959,Director of Hellbound tv series?,Q100934044,Hellbound,Q19947205,Yeon Sang-ho,kb,Yeon Sang-ho,tvseries,1677-0
1798,What is the complete name of Dele Alli?,Q10553748,Dele Alli,Bamidele Jermaine Alli,Bamidele Jermaine Alli,kb,Bamidele Jermaine Alli,soccer,599-0
3831,How many matches did Ronaldinho played for?,Q39444,Ronaldinho,Twenty two,Twenty two,table,Twenty two,soccer,1298-4
1124,What genre of love me like you do song?,Q18758167,Love Me Like You Do,Q188450,electropop,kb,"electropop , pop music",music,374-2
2073,Who did John Galsworthy donate his Nobel Prize money to?,Q82248,John Galsworthy,Q206811,PEN International,text,PEN International,books,690-4
1171,Who is the author of the The Invisible Man ?,Q1784288,Invisible Man,Q299965,Ralph Ellison,table,Ralph Ellison,books,390-1
2999,"What was the first book in the ""Goosebumps"" series?",Q1148268,list of Goosebumps books,Q3210399,Welcome to Dead House,text,"""Welcome to Dead House""",books,1020-0
1265,Which is the original country of Moby-Dick?,Q174596,Moby-Dick,Q30,United States of America,kb,United States,books,421-0
1002,What was the release date of Bloodshot / Waste?,Q85747810,Bloodshot / Waste,2019-09-27T00:00:00Z,27 September 2019,infobox,27 September 2019,music,334-1
2480,how many goals did Cristiano Ronaldo scored in fifa club world cup?,Q11571,Cristiano Ronaldo,7,7,infobox,7,soccer,828-0
1742,When did Ian Fleming pass away?,Q17437796,featured article,1964-01-01T00:00:00Z,1964,infobox,1964,books,580-3
4890,Which instrument played by bismillah khan?,Q379707,Bismillah Khan,Q847911,Shehnai,infobox,shehnai,music,1654-2
3508,Who was the publisher for Oliver Twist?,Q164974,Oliver Twist,Q172299,Richard Bentley,kb,Richard Bentley,books,1190-2
4948,What is the country of origin of The Beatles band?,Q1299,The Beatles,Q58460366,United Kingdom,kb,United Kingdom,music,1674-0
594,What is the position played by Thomas Müller?,Q8025128,winger,Q43666,Thomas M\u00FCller,infobox,winger,soccer,198-1
2588,Who acted as a spider man in the movie spider man from 2002-2007?,Q484442,Spider-Man,Q165524,Tobey Maguire,table,Tobey Maguire,movies,872-3
3621,What position did Rildo da Costa Menezes play as an athlete?,Q38794,Rildo da Costa Menezes,Q336286,defender,text,Defender,soccer,1228-3
4807,Is The King of Pigs debut movie of the Yeon Sang-ho?,Q7744577,The King of Pigs,Yes,Yes,text,Yes,tvseries,1626-4
996,What is the name of the actress who played Ariadne in Inception?,Q25188,Inception,Q173399,Elliot Page,text,Ellen Page,movies,332-1
3413,What is the nickname of Stuttgart?,Q1022,Stuttgart,Schwabenmetropole,Schwabenmetropole,text,Schwabenmetropole,soccer,1158-3
1123,who is the performer of love me like you do song?,Q18758167,Love Me Like You Do,Q31164,Ellie Goulding,text,Ellie Goulding,music,374-1
3666,What is the release date of album Punisher?,Q96419213,Punisher,2020-06-17T00:00:00Z,17 June 2020,kb,17 June 2020,music,1244-0
1659,What is the genre of the film The Secret Life of Pets?,Q157443,Comedy film,Q18844656,The Secret Life of Pets,text,comedy film,movies,552-4
4583,What is the running time of the Cars movie?,Q182153,Cars,117 minutes,117 minutes,infobox,117 minutes,movies,1552-0
2126,What is Thibaut Courtois's specialty position on team?,Q73360,Thibaut Courtois,Q201330,goalkeeper,kb,Goalkeeper,soccer,708-3
4286,Who are the producers of the film Dil?,Q905399,Dil,Q3150542,Indra Kumar,infobox,Indra Kumar; Ashok Thakeria,movies,1452-0
4848,Who are Anne McCaffrey & Todd McCaffrey?,Q1254342,Dragonriders of Pern,Mother & son,Mother & son,text,Mother & son,books,1640-3
4629,What person established Forest Lawn Memorial Park?,Q1302545,Forest Lawn Memorial Park,Q2680975,Hubert Eaton,infobox,Hubert L. Eaton,tvseries,1566-4
4897,Who directs the TV Series The Wheel of Time?,Q60746841,The Wheel of Time,Q109355,Uta Briesewitz,table,Uta Briesewitz,tvseries,1656-3
4368,Which country does Ivan Jurić come from?,Q556688,Ivan Juri\u0107,Q224,Croatia,kb,Croatia,soccer,1478-4
4162,Which year was the first Perry Mason novel published?,Q377529,Perry Mason,1933-01-01T00:00:00Z,1933,table,1933,books,1410-0
3705,Which other series released in 2008 did Alan Ball create?,Q1752144,Alan Ball,Q186219,True Blood,text,True Blood,tvseries,1256-3
2270,"Producer of ""Rugrats?""",Q304290,Rugrats,Q1744498,Klasky Csupo,kb,Klasky Csupo,tvseries,757-0
1633,What is the genre of the album RTJ4?,Q96054303,RTJ4,Q11401,hip hop music,text,Hip hop music,music,544-2
4195,What kind of powers does Matilda possess in Matilda?,Q1426188,Matilda,Q186446,Psychokinesis,text,telekinesis,books,1420-3
4141,Who Edited the movie 101 Dalmatians?,Q8594,101 Dalmatians,Q16321036,Trudy Ship,infobox,Trudy Ship,movies,1402-3
2667,In which year Zinedine Zidane received FIFA World Player?,Q1835,Zinedine Zidane,Q182529,FIFA World Player of the Year,kb,"1998, 2000, 2003",soccer,908-3
3631,Who directs the movie Batman: Death in the Family?,Q98537283,Batman: Death in the Family,Q4957114,Brandon Vietti,infobox,Brandon Vietti,movies,1232-1
519,"12 Years as a Slave, when did it come out?",Q3023357,12 Years a Slave,2013-11-08T00:00:00Z,8 November 2013,table,8 November 2013,movies,172-3
4730,Who was the creator of Sherlock Holmes?,Q4653,Sherlock Holmes,Q35610,Arthur Conan Doyle,infobox,Arthur Conan Doyle,books,1601-0
4601,What is the full name of the soccer player Paul Pogba?,Q129027,Paul Pogba,Paul Labile Pogba,Paul Labile Pogba,kb,Paul Labile Pogba,soccer,1558-0
3704,What is the name of the creator of the series Six Feet Under?,Q216919,Six Feet Under,Q1752144,Alan Ball,infobox,Alan Ball,tvseries,1256-2
4159,Which team did Xavi played in 1998?,Q17500,Xavi,Q10467,FC Barcelona B,table,FC Barcelona B,soccer,1408-3
800,Who is the actress who played Elisabeth as a child in Dark?,Q28443710,Dark,Q46965137,Carlotta von Falkenhayn,kb,Carlotta von Falkenhayn,tvseries,266-3
345,Which award received by the Composer Tan Dun?,Q314176,Tan Dun,Q798054,Bach Prize of the Free and Hanseatic City of Hamburg,text,Bach Prize of the Free and Hanseatic City of Hamburg,music,114-3
2268,What city did it start in?,Q373933,Dark Horse Comics,Q968392,"Milwaukie, Oregon",infobox,"Milwaukie, Oregon",tvseries,756-3
1567,What was the first movie Mike Myers won an MTV award for?,Q185724,Mike Myers,Q501703,Austin Powers: International Man of Mystery,kb,Austin Powers: International Man of Mystery,movies,522-2
4901,What is the award received by Neymer?,Q142794,Neymar,Q339772,Samba Gold,text,Samba Gold,soccer,1658-1
465,"How many beats per minutes the song ""Shape of You""?",Q28132505,Shape of You,96,96,kb,96,music,154-3
4923,What's the name of the Cocteau Twins' singer?,Q588820,Cocteau Twins,Q289569,Elizabeth Fraser,text,Elizabeth Fraser,music,1665-0
869,Who wrote The Immortals of Meluha?,Q6488199,The Immortals of Meluha,Q3661856,Amish Tripathi,kb,Amish Tripathi,books,290-0
3952,For which country played by Gareth Bale?,Q184586,Gareth Bale,Q25,Wales,text,Wales,soccer,1339-0
4550,What is E. L. James nationality?,Q59896,E. L. James,Q145,United Kingdom,kb,United Kingdom,books,1540-3
4347,What is the name of the last movie in the Bourne series?,Q868683,Bourne,Q19481099,Jason Bourne,table,Jason Bourne,movies,1472-1
4749,Which national soccer team did Fabio Cannavaro play for?,Q102027,Fabio Cannavaro,Q38,Italy,table,Italy,soccer,1608-0
4669,At what age did Harper Lee die?,Q182658,Harper Lee,89,89,infobox,89,books,1580-4
505,What is the current club Jadon Sancho is playing for?,Q30148558,Jadon Sancho,Q18656,Manchester United F.C.,infobox,Manchester United F.C.,soccer,168-1
4558,Actor behind the role of Neo in The Matrix?,Q83495,The Matrix,Q43416,Keanu Reeves,kb,Keanu Reeves,movies,1543-0
985,What is the Antoine Griezmann's date of birth?,Q455462,Antoine Griezmann,1991-03-21T00:00:00Z,21 March 1991,infobox,21 March 1991,soccer,328-2
3878,Who was the spouse of Quincy Jones in 1975?,Q193645,Quincy Jones,Q235305,Peggy Lipton,text,Peggy Lipton,music,1314-3
1159,Was Sean Maguire in Kröd Mändoon and the Flaming Sword of Fire?,Q717304,Kr\u00F6d M\u00E4ndoon and the Flaming Sword of Fire,Yes,Yes,text,Yes,tvseries,386-1
1411,How long was Jean Valjean in prison in Les Misérables?,Q180736,Les Mis\u00E9rables,Q60254770,19 years,text,19 year,books,470-2
1227,What year did the football club Stoke City F.C. own the Victoria Ground?,Q18736,Stoke City F.C.,1919-01-01T00:00:00Z,1919,kb,1919,soccer,408-3
32,who wrote the Writers & Lovers novel?,Q96415602,Writers & Lovers,Q6548507,Lily King,infobox,Lily King,books,10-2
1500,Which is the best known work of F. Scott Fitzgerald?,Q93354,F. Scott Fitzgerald,Q3928516,Tales of the Jazz Age,text,Tales of the Jazz Age,books,500-1
3605,Who was the director of the documentary They Shall Not Grow Old?,Q57414487,They Shall Not Grow Old,Q4465,Peter Jackson,text,Peter Jackson,movies,1223-0
153,Which is the First novel of the series Redwall?,Q1247790,Redwall,Q3209154,Lord Brocktree,table,Lord Brocktree,books,50-3
4182,What is the name of the actor who played the lead role in the series Joey?,Q319817,Joey,Q186896,Matt LeBlanc,infobox,Matt LeBlanc,tvseries,1416-2
4288,Which is the second movie directed by Indra Kumar?,Q3150542,Indra Kumar,Q4897244,Beta,table,Beta,movies,1452-2
1243,What is the name of The Police's debut studio album?,Q178095,The Police,Q862386,Outlandos d'Amour,text,Outlandos d'Amour,music,414-1
4356,When was Pat Monahan born?,Q2713723,Patrick Monahan,1969-02-28T00:00:00Z,28 February 1969,infobox,"February 28, 1969",music,1474-4
1071,"What was the picture format of the series ""White Collar""?",Q31915,White Collar,1080i (HDTV),1080i (HDTV),infobox,1080i (HDTV),tvseries,356-3
4109,"Which actress played the female protagonist, Ripley, in the 1979 film Alien?",Q103569,Alien,Q102124,Sigourney Weaver,text,Sigourney Weaver,movies,1392-1
3445,Home team of Mercedes-Benz Stadium?,Q7007552,Mercedes-Benz Stadium,Q16836317,Atlanta United FC,infobox,Atlanta United FC,soccer,1169-0
4233,What was Simon & Garfunkel's first studio alubm?,Q484918,Simon & Garfunkel,Q769180,"Wednesday Morning, 3 A.M.",table,"Wednesday Morning, 3 A.M.",music,1434-0
3753,What is Steven Yeun's family name?,Q552176,Steven Yeun,Q37014323,Yeun,infobox,Yeun,movies,1272-4
2898,What late night television comedy show is produced by Lorne Michaels?,Q521221,Lorne Michaels,Q13979,Saturday Night Live,text,Saturday Night Live,tvseries,986-0
498,Who is the developer of the TV series Riverdale?,Q23001951,Riverdale,Q7351575,Roberto Aguirre-Sacasa,infobox,Roberto Aguirre-Sacasa,tvseries,166-0
4684,Who is the host of the TV series Survivor?,Q28856068,Survivor,Q2914539,Jeff Probst,text,Jeff Probst,tvseries,1586-1
4817,What was the genre of Empire of the Moghul?,Q5374214,Empire of the Moghul,Historical fiction,Historical fiction,text,Historical fiction,books,1630-2
4459,In what year was Ghost Story by Peter Straub published?,1979-01-01T00:00:00Z,1979-01-01T00:00:00Z,1979-01-01T00:00:00Z,1979,infobox,1979,books,1510-1
2124,Who is the chairperson of Real Madrid CF?,Q8682,Real Madrid C.F.,Q245207,Florentino P\u00E9rez,kb,Florentino Pérez,soccer,708-1
2670,Publication date of Homeland Elegies?,Q105082070,Homeland Elegies,2020-09-15T00:00:00Z,15 September 2020,kb,15 September 2020,books,910-0
1970,When was the Sherlock (TV series) telecasted?,Q192837,Sherlock,2010-07-25T00:00:00Z,25 July 2010,infobox,25 July 2010,tvseries,656-3
4105,What is the first novel adaptation movie that Matt Damon acted in?,Q17087969,Matt Damon filmography,Q1196264,The Good Mother,table,The Good Mother,books,1390-3
2399,What is the Original language of the book Hamlet?,Q41567,Hamlet,Q1472196,Early Modern English,infobox,Early Modern English,books,800-3
1743,What was the final publication written by Ian Fleming?,Q17437798,good article,Q1544697,Octopussy and The Living Daylights,text,Octopussy and The Living Daylights,books,580-4
2063,Who is the captain of both French football team and Tottenham Hotspur F.C.?,Q47774,France national association football team,Q1907,Hugo Lloris,table,Hugo Lloris,soccer,688-0
229,who played Jason Alvarez in the TV series Unbelivable?,Q48743432,Unbelievable,Q10327806,Maximino Arciniega,text,Maximino Arciniega,tvseries,76-1
1728,What is the country of origin of the Mortal television series?,Q65940913,Mortal,Q20,Norway,infobox,Norway,tvseries,576-1
1595,second film in the Bridget Jones' franchise?,Q27657001,Bridget Jones,Q843612,Bridget Jones: The Edge of Reason,table,Bridget Jones: The Edge of Reason,movies,532-0
3553,"What was the main subject of the series ""House of Cards""?",Q3330940,House of Cards,Q7163,politics,kb,politics,tvseries,1206-0
1140,What novel did the Three Laws of Robotics appear in?,Q23758,Three Laws of Robotics,Q393018,"I, Robot",text,"I, Robot",books,380-0
4313,"What was the country of the origin of the book ""Under the Volcano""?",Q1570020,Under the Volcano,Q145,United Kingdom,kb,United Kingdom,books,1460-3
841,What award did To Kill a Mockingbird get?,Q212340,To Kill a Mockingbird,Q833633,Pulitzer Prize for Fiction,text,Pulitzer Prize for Fiction,books,280-2
116,In what year was the football club Real Madrid formed?,Q12217,Real Madrid Castilla,1930-01-01T00:00:00Z,1930,kb,1930,soccer,38-2
175,What is the full name of the soccer player Freddy Adu?,Q310369,Freddy Adu,Fredua Koranteng Adu,Fredua Koranteng Adu,infobox,Fredua Koranteng Adu,soccer,58-1
1073,What was the genre of White Collar?,Q31915,White Collar,Q2321734,police procedural,infobox,"Police procedural,Drama",tvseries,357-0
4491,What is the name of the lead character in Angels & Demons?,Q182502,Angels & Demons,Q210548,Robert Langdon,kb,Robert Langdon,books,1520-3
4494,Which actor played the lead role in Inception?,Q25188,Inception,Q38111,Leonardo DiCaprio,text,Leonardo DiCaprio,movies,1522-0
1277,When did the suburbs released?,Q1575638,The Suburbs,2010-08-02T00:00:00Z,2 August 2010,kb,2 August 2010,music,425-0
2870,Money Heist Part Of Tokyo (Silene Oliveira) Character?,Q2632981,\u00DArsula Corber\u00F3,Q66560058,Tokyo (Silene Oliveira),table,Tokyo (Silene Oliveira),tvseries,976-2
3885,What is the foundation year of Zee bangla?,Q5270403,Zee Bangla,1996-01-01T00:00:00Z,1996,infobox,1996,tvseries,1316-4
1197,What country did the Luka Modric born?,Q483837,Luka Modri\u0107,Q3370,Zadar,infobox,Zadar,soccer,398-3
3812,When was the movie Jumanji released?,Q222939,Jumanji,1995-12-15T00:00:00Z,15 December 1995,infobox,15 December 1995,movies,1292-3
1238,What year did Sylvester Stallone started the ensemble action movie franchise The Expendables?,Q40026,Sylvester Stallone,2010-01-01T00:00:00Z,2010,text,2010,movies,412-2
225,who was the musician of D12?,Q154543,D12,Q1344631,Swifty McVay,text,Swifty McVay,music,74-3
1040,"Who is the city manager of the Paris, Texas?",Q830149,Paris,Q6235595,John Godwin,infobox,John Godwin,tvseries,346-3
1392,what is inception year of the Ramones music?,Q483407,Ramones,1974-01-01T00:00:00Z,1974,infobox,1974,music,464-0
1301,What actor plays the leading role of Randle McMurphy in One Flew Over the Cuckoo's Nest?,Q2089370,Randle McMurphy,Q39792,Jack Nicholson,text,Jack Nicholson,movies,433-0
695,Who played as Victoria Olsen in Oblivion movie?,Q638544,Oblivion,Q289545,Andrea Riseborough,kb,Andrea Riseborough,movies,232-0
3288,Which country of orgin for the tv series wizards of waverly place?,Q30,United States of America,Q184342,Wizards of Waverly Place,infobox,United States of America,tvseries,1116-3
3794,On which network was South Park originally released?,Q16538,South Park,Q131439,Comedy Central,infobox,Comedy Central,tvseries,1286-3
3242,Which is the first book of Robin Sharma?,Q2604952,Robin Sharma,Megaliving!: 30 Days to a Perfect Life,Megaliving!: 30 Days to a Perfect Life,table,Megaliving!: 30 Days to a Perfect Life,books,1100-3
710,Which country is Cary Joji Fukunaga's nationality?,Q512103,Cary Joji Fukunaga,Q512103,Cary Joji Fukunaga,kb,United States of America,tvseries,236-3
2723,Founding location of the series Peaky Blinders?,Q14944179,Peaky Blinders,Q2256,Birmingham,infobox,"Birmingham, England",tvseries,927-0
3554,"Who was the creator of the series ""House of Cards""?",Q3330940,House of Cards,Q4877396,Beau Willimon,kb,Beau Willimon,tvseries,1206-1
1462,Who plays the lead role in the TV series Arrow?,Q552314,Arrow,Q616960,Stephen Amell,text,Stephen Amell,tvseries,487-0
3916,Who played Sheldon Cooper in The Big Bang Theory?,Q8539,The Big Bang Theory,Q30605776,Jim Parsons,text,Jim Parsons,tvseries,1327-0
1632,When did the album RYJ4 announced?,Q96054303,RTJ4,2018-10-11T00:00:00Z,11 October 2018,text,11 October 2018,music,544-1
3182,What was the name of the first Hercule Poirot novel?,Q472228,The Mysterious Affair at Styles,Q472228,The Mysterious Affair at Styles,text,The Mysterious Affair at Styles,books,1080-3
982,What is the main topic of  television series Breaking Bad?,Q1079,Breaking Bad,Q844924,drug trafficking,infobox,drug trafficking,tvseries,327-0
694,Name of the first book of series The Expanse?,Q19610143,The Expanse,Q6535598,Leviathan Wakes,infobox,Leviathan Wakes,books,231-0
2818,pele was which team player?,Q12897,Pel\u00E9,Q1991022,Pel\u00E9,infobox,Brazil,soccer,958-4
3927,Where was the narrative location of the book the Jane Eyre?,Q182961,Jane Eyre,Q7796413,Thornfield Hall,kb,Thornfield Hall,books,1330-4
15,Which is one of the Notable work by the Queen Band?,Q15862,Queen,Q64431898,Bohemian Rhapsody,text,Bohemian Rhapsody,music,4-3
3953,what is genre of Crime and Punishment book?,Q165318,Crime and punishment,Q286328,psychological novel,kb,Philosophical novel,books,1340-0
1674,What is the position played by Alessandro Del Piero?,Q280658,forward,Q624,Alessandro Del Piero,text,forward,soccer,558-1
2766,How many movies are there in the Home Alone franchise till 2021?,Q3627883,Home Alone,6,6,table,6,movies,942-0
1611,In what location was the production of the TV show  Riverdale?,Q23001951,Riverdale,Q24639,Vancouver,infobox,Vancouver,tvseries,536-4
3850,What band comprised of Justin Timberlake and Lance Bass in it?,Q43432,Justin Timberlake,Q154454,NSYNC,text,NSYNC,music,1305-0
1858,The American goalkeeper Sean Johnson played how many game for the US men's national soccer team in 2011?,Q2458826,Sean Johnson,1,1,table,1,soccer,619-0
836,When was the D.C. United soccer team color and original logo was announced?,Q238593,D.C. United,1995-10-17T00:00:00Z,17 October 1995,text,"October 17, 1995",soccer,278-3
1806,Who directed the movie Hamlet?,Q898721,Hamlet,Q55294,Kenneth Branagh,infobox,Kenneth Branagh,movies,602-1
659,which language of this story?,Q7751674,The Mirror and the Light,Q1860,English,kb,English,books,220-0
2987,releasing date of season 1 of Emily in Paris?,Q64584978,Emily in Paris,2020-10-02T00:00:00Z,2 October 2020,table,"October 2, 2020",tvseries,1016-0
2863,Was the Live Nation Entertainment madonna album?,Q1744,Madonna,Yes,Yes,kb,Yes,music,974-2
3663,What is the reason of Irrfan Khan's death?,Q360927,Irrfan Khan,Q1981276,neuroendocrine tumor,text,Neuroendocrine tumor,movies,1242-3
2820,"Who was the author of the book ""To Kill a Mockingbird""?",Q212340,To Kill a Mockingbird,Q182658,Harper Lee,kb,Harper Lee,books,960-0
1586,In 2020 Manchester United F.C. played in what league?,Q18656,Manchester United F.C.,Q9448,Premier League,text,Premier League,soccer,528-3
2123,What is the current club team did Thibaut Courtois represent?,Q73360,Thibaut Courtois,Q8682,Real Madrid C.F.,kb,Real Madrid CF,soccer,708-0
3868,In which year was the album The Dark Room got published?,Q7728990,The Dark Room,1938-01-01T00:00:00Z,1938,infobox,1938,books,1311-0
2288,What is the name of the actress that played Lisbeth Salander in 2011 film The Girl with the Dragon Tattoo?,Q1191282,Lisbeth Salander,Q228766,Rooney Mara,kb,Rooney Mara,movies,763-0
228,who was the actor of Detective Robert Parker in Unbelievable?,Q48743432,Unbelievable,Q1351441,Eric Lange,text,Eric Lange,tvseries,76-0
237,In which competion did Lionel Messi play John Terry in 2102?,Q9616,Chelsea F.C.,Q485002,2011\u201312 UEFA Champions League,text,UEFA champions league,soccer,78-3
2912,What is the publication date of the book Interview with the Vampire?,Q176470,Interview with the Vampire,1976-04-12T00:00:00Z,12 April 1976,kb,12 April 1976,books,990-2
4036,what is the genre of Lucifer series?,Q19520525,Lucifer,Q9335577,crime television series,kb,crime serial,tvseries,1367-0
4240,What show was this series a spin off from?,Q1031083,Somerset,Q1030713,Another World,text,Another World,tvseries,1436-2
1637,Who is the writer of TV series Parampara?,Q110174250,Parampara,Hari Yelleti,Hari Yelleti,infobox,Hari Yelleti,tvseries,546-0
1857,When did Nick Rimando's first professional soccer club dissolved?,Q1356730,Nick Rimando,2002-01-01T00:00:00Z,2002,infobox,2002,soccer,618-4
3282,What is the award received by music director Elton John in 1999?,Q2808,Elton John,Q1542347,Grammy Legend Award,kb,Grammy Legend Award,music,1114-3
1961,The Beatles had how many band members?,Q1299,The Beatles,Q76440535,Four,kb,Four,music,654-0
1598,What is the name of the film in the Bridget Jones series that was not directed by Sharon Maguire?,Q27657001,Bridget Jones,Q843612,Bridget Jones: The Edge of Reason,infobox,Bridget Jones: The Edge of Reason,movies,532-3
1827,Which year was the football club New York City FC founded?,Q13361030,New York City FC,2013-01-01T00:00:00Z,2013,kb,2013,soccer,608-4
2700,"Who was the author of the novel ""Moby-Dick""?",Q174596,Moby-Dick,Q4985,Herman Melville,text,Herman Melville,books,920-0
4118,What's the next Jay-Z album released after The Blueprint 3?,Q1110592,The Blueprint 3,Q3521271,"Jay-Z: The Hits Collection, Volume One",infobox,"Jay-Z: The Hits Collection, Volume One",music,1394-4
4436,What is the genre of the film Vanilla Sky?,Q110278,Vanilla Sky,Q471839,science fiction film,kb,science fiction film,movies,1502-0
4362,What number of episodes did the series Full House have?,Q465472,Full House,192,192,infobox,192,tvseries,1476-4
1825,Which club did Andrea Pirlo join after Juventus?,Q43926,Andrea Pirlo,Q13361030,New York City FC,table,New York City FC,soccer,608-2
2913,When did Anne Rice die?,Q184785,Anne Rice,2021-12-11T00:00:00Z,11 December 2021,kb,11 December 2021,books,990-3
1368,Who was the star of the US sitcom The Nanny?,Q464865,The Nanny,Q230632,Fran Drescher,text,Fran Drescher,tvseries,456-0
3004,"First ""Goosebumps"" book?",Q1148268,list of Goosebumps books,Q3210399,Welcome to Dead House,text,"""Welcome to Dead House""",books,1021-0
4246,What is the name of the team he initially played on?,Q83006,David Villa,Q2982210,Sporting de Gij\u00F3n B,table,Sporting de Gijón B,soccer,1438-2
2139,What was the name of the 1980 movie which spoofed the Airport series of films?,Q409022,Airport,Q497256,Airplane!,text,Airplane!,movies,712-4
745,Which year did the club Bayern Munich form?,Q15789,FC Bayern Munich,1900-01-01T00:00:00Z,1900,kb,1900,soccer,248-2
2441,"What was the genre of ""Can't Tell Me Nothing""?",Q2446615,Can't Tell Me Nothing,Q11401,hip hop music,infobox,Hip Hop,music,814-3
4326,"What was the publication year of the song ""The Humpty Dance""?",Q7740935,The Humpty Dance,1990-01-01T00:00:00Z,1990,kb,1990,music,1464-4
221,Actor behind the andre davis in 21 bridges?,Q58411015,21 Bridges,Q5066520,Chadwick Boseman,text,Chadwick Boseman,movies,73-0
4449,who is the creator of 'Better Call Saul' series?,Q14925221,Better Call Saul,Q4500,Vince Gilligan,,Vince Gilligan,tvseries,1506-1
1200,Last book in the trilogy His Dark Materials?,Q129240,His Dark Materials trilogy,Q129929,The Amber Spyglass,kb,The Amber Spyglass,books,400-0
2963,editor of the TV series Made in Heaven?,Q62059534,Made in Heaven,Q4782324,Apurva Asrani,kb,Apurva Asrani,tvseries,1007-0
4327,Performer of The Humpty Dance music?,Q7740935,The Humpty Dance,Q605778,Digital Underground,kb,Digital Underground,music,1465-0
1681,Did Mark Twain outlive his wife Olivia Langdon?,Q7245,Mark Twain,Yes,Yes,text,Yes,books,560-2
189,What is the name of the mother of the actress Lindsay Lohan?,Q44903,Lindsay Lohan,Q4116923,Chela Lora,kb,Chela Lora,movies,62-3
4229,What was his first screenplay writing credit?,Q326681,Joseph Stefano,Q3547086,Anna of Brooklyn,table,Anna of Brooklyn,movies,1432-2
1322,What is the genre of Old Kingdom book series?,Q15624191,Old Kingdom,Q10992055,speculative fiction novel,kb,fantasy novel,books,440-2
3920,In which competition Neymar play Arsenal F.C. in 2016?,Q142794,Neymar,Q189571,UEFA Euro 2016,text,UEFA Euro 2016,soccer,1328-3
2168,What year was David Lynch's second film released?,Q2071,David Lynch,1980-01-01T00:00:00Z,1980,kb,1980,movies,722-3
2806,who is the vocal artist of Alone song?,Q79970818,"Alone, Pt. II",Q27949628,Alone,infobox,Lil Nas X,music,954-4
837,Who was signing the first person of D.C. United Soccer Academy?,Q238593,D.C. United,Q975591,Bill Hamid,text,Bill Hamid,soccer,278-4
1180,What is the name of the Godzilla vs. Kong movie director?,Q56307503,Godzilla vs. Kong,Q4679987,Adam Wingard,infobox,Adam Wingard,movies,392-4
703,what is the major genre of Jonas Brothers music?,Q134233,Jonas Brothers,Q37073,pop music,kb,pop music,music,234-2
2554,Who wrote Oliver Twist?,Q164974,Oliver Twist,Q5686,Charles Dickens,infobox,Charles Dickens,books,861-0
3963,"What was the genre of the film ""Black Widow""?",Q23894626,Black Widow,Q1535153,superhero film,kb,superhero film,movies,1342-4
3935,Who is the father of music director Yuvan Shankar Raja?,Q1387724,Yuvan Shankar Raja,Q2720141,Ilaiyaraaja,text,Ilaiyaraaja,music,1334-0
3817,Did Louis Armstrong Acted in any movie?,Q1779,Louis Armstrong,Yes,Yes,,Yes,music,1294-2
3998,Who is the singer of the album Made in India?,Q18127630,Made in India,Q2722967,Alisha Chinai,text,Alisha Chinai,music,1354-3
944,What is the name of the first album of the band Def Leppard?,Q182890,Def Leppard,Q738887,On Through the Night,text,On Through the Night,music,314-3
1006,What is the name of Dove Cameron's first EP?,Q26186223,Dove Cameron discography,Q85747810,Bloodshot / Waste,table,Bloodshot / Waste,music,335-0
3884,Who is the producer of Mithai?,Q105095232,Mithai,Q5270403,Zee Bangla,infobox,Zee Bangla,tvseries,1316-3
2983,who is the producer of Dance Monkey song?,Q65071242,Dance Monkey,Q68422390,Konstantin Kersting,infobox,Konstantin Kersting,music,1014-2
2845,What was the official website of National Women's Soccer League?,Q1101443,National Women's Soccer League,https://www.nwslsoccer.com/,https://www.nwslsoccer.com/,kb,http://nwslsoccer.com,soccer,968-2
2066,What is the name of the footballer who captained the club S.S. Lazio in 2000?,Q2609,S.S. Lazio,Q227892,Alessandro Nesta,text,Alessandro Nesta,soccer,688-3
1216,Which is the sixth album of the band Green Day?,Q47871,Green Day,Q213694,Warning,text,Warning,music,404-4
3082,Who played as Grant MacLaren in Travelers series?,Q24705137,Travelers,Q436686,Eric McCormack,kb,Eric McCormack,tvseries,1047-0
1703,What year did the American soccer player Clint Dempsey retire?,Q201860,Clint Dempsey,2018-01-01T00:00:00Z,2018,text,2018,soccer,568-0
576,"Who is the screenwriter  of the second part ""Dead Man's Chest"" in the flim Pirates of the Caribbean?",Q194318,Pirates of the Caribbean,Q942914,Terry Rossio,table,Terry Rossio,movies,192-1
208,Who confers the football award Golden Boy?,Q1588911,Golden Boy,Q1600045,Tuttosport,kb,Tuttosport,soccer,68-4
2978,what is the running time of Stargirl movie?,Q57474414,Stargirl,107 minute,107 minute,infobox,107 minute,movies,1012-3
831,"What was the rating for season 1 of the series""The Wire""?",Q478360,The Wire,79,79,table,79,tvseries,276-4
4395,When did Lionel Messi join the main FC Barcelona team?,Q615,Lionel Messi,2005-01-01T00:00:00Z,2005,kb,2005,soccer,1488-1
4827,Who was singer and song writer of ''Deja Vu'' song?,Q106291700,Deja Vu,Q63243883,Olivia Rodrigo,kb,Olivia Rodrigo,music,1634-0
4643,What is the running time of the first movie of The Hobbit series - The Hobbit: An Unexpected Journey?,Q74331,The Hobbit,169 minutes,169 minutes,infobox,169 minutes,movies,1572-1
1,who is the publisher of book The Velveteen Rabbit?,Q168351,The Velveteen Rabbit,Q5540027,George H. Doran Company,infobox,George H. Doran Company,books,0-1
838,Nick name of the soccer club D.C. United?,Q238593,D.C. United,Black-and-Red,Black-and-Red,infobox,Black-and-Red,soccer,279-0
430,Who was the director of the movie The Untouchables?,Q108525,The Untouchables,Q189526,Brian De Palma,kb,Brian De Palma,movies,142-4
2785,What is the football player Pelé's full given name in his native language Brazilian Portuguese?,Q12897,Pel\u00E9,Edson Arantes do Nascimento,Edson Arantes do Nascimento,kb,Edson Arantes do Nascimento,soccer,948-1
900,what is the genre of the book The Catcher in the Rye?,Q183883,The Catcher in the Rye,Q223945,Bildungsroman,kb,Bildungsroman,books,300-1
1329,How did WetaFX created apes for Rise of the Planet of the Apes movie?,Q243983,Rise of the Planet of the Apes,Q676252,motion capture,text,Motion capture,movies,442-3
3609,What TV show used Sweet and Low by Augustana in an episode?,Q7655599,Sweet and Low,Q685481,Kyle XY,text,Kyle XY,music,1224-3
1710,What is the genre of the Black Beauty book?,Q4920353,Black Beauty,Q52207399,film based on a novel,text,"drama,silent film,film based on a novel",books,570-1
551,What is the release date of the album Baby One More Time?,Q190911,\u2026Baby One More Time,1999-01-12T00:00:00Z,12 January 1999,infobox,12 January 1999,music,184-0
1561,Who was the publisher of The Pocket Book of Boners?,Q7757551,The Pocket Book of Boners,Q921536,Viking Press,infobox,Viking Press,books,520-2
509,Birth date of the soccer player Jadon Sancho?,Q30148558,Jadon Sancho,2000-03-25T00:00:00Z,25 March 2000,kb,25 March 2000,soccer,169-0
3280,What is the voice type of the music director Elton John?,Q2808,Elton John,Q27914,tenor,kb,tenor,music,1114-1
3944,Who distributes the tv series series Hospital Playlist?,Q333424,tvN,Q83625648,Hospital Playlist,infobox,tvN,tvseries,1336-3
848,Who plays the leading male role in Kramer vs. Kramer?,Q193577,Kramer vs. Kramer,Q42930,Dustin Hoffman,text,Dustin Hoffman,movies,282-3
3228,Dark web-series was taken by which country?,Q28443710,Dark,Q183,Germany,text,Germany,tvseries,1096-1
3268,What is the genre of the book Ulysses?,Q971480,modernist literature,Q6511,Ulysses,text,modernist literature,books,1110-1
3260,Who is the developer of the TV series Anupamaa?,Q86752959,Anupamaa,Q79965217,Leena Gangopadhyay,infobox,Leena Gangopadhyay,tvseries,1106-3
3214,who wrote To Kill a Mockingbird book?,Q212340,To Kill a Mockingbird,Q182658,Harper Lee,infobox,Harper Lee,books,1091-0
4581,What is the date of birth of the Wilder's husband Almanzo Wilder?,Q3090807,Almanzo Wilder,1857-02-13T00:00:00Z,13 February 1857,infobox,13 February 1857,books,1550-4
3740,What is Luis Suárez National Team?,Q2384857,Uruguay Olympic football team,Q134916,Uruguay national football team,table,"Uruguay Olympic football team, Uruguay national football team",soccer,1268-2
442,What is the place of Cillian Murphy's birth?,Q202589,Cillian Murphy,Q2669536,Douglas,kb,Douglas,tvseries,146-4
4222,"Who is the author of ""The Hunger Games?""",Q11678,The Hunger Games,Q228624,Suzanne Collins,text,Suzanne Collins,books,1430-0
1028,Which is the First Hindi movie as director of Mr. Laxman Utekar?,Q61989043,Laxman Utekar,Q27957931,Hindi Medium,table,Hindi Medium,movies,342-3
2610,In what city was the novel A Tale of Two Cities set?,Q308918,A Tale of Two Cities,Q84,London,infobox,London; Paris,books,880-1
4639,What is the date of birth of the The Chronicles of Narnia writer C. S. Lewis?,Q9204,C. S. Lewis,1898-11-29T00:00:00Z,29 November 1898,infobox,29 November 1898,books,1570-3
3024,What team visitied the stadium for its inaugural game?,Q5203387,Audi Field,Q196107,Vancouver Whitecaps FC,text,Vancouver Whitecaps FC,soccer,1028-1
4379,Who was the director of the 1984 A Nightmare on Elm Street?,Q329434,A Nightmare on Elm Street,Q223992,Wes Craven,table,Wes Craven,movies,1482-3
3432,Where did this group initially come from?,Q472595,OutKast,Q23556,Atlanta,infobox,"Atlanta, GA",music,1164-4
1193,Who created the Riverdale television series?,Q23001951,Riverdale,Q7351575,Roberto Aguirre-Sacasa,infobox,Roberto Aguirre-Sacasa,tvseries,397-0
33,How many pages of Writers & Lovers book?,Q96415602,Writers & Lovers,320,320,infobox,320,books,10-3
2309,Jane Eyre novel was written by?,Q182961,Jane Eyre,Q1682597,Jane Eyre,table,Charlotte Bronte,books,770-2
2152,Who did Mary Tyler Moore play following her stint on The Dick Van Dyke Show?,Q615944,The Mary Tyler Moore Show,Q6780602,Mary Richards,kb,Mary Richards,tvseries,717-0
1493,What is the home venue of the Chelsea Football Club?,Q9616,Chelsea F.C.,Q171458,Stamford Bridge,kb,Stamford Bridge,soccer,498-0
3972,who is the Director of TV series Person of Interest ?,Q564345,Person of Interest,Q57577,Ramin Djawadi,infobox,Ramin Djawadi,tvseries,1346-1
98,What is the name of the character Gregory Peck played in the movie To Kill a Mockingbird?,Q108366,Gregory Peck,Q525777,Atticus Finch,kb,Atticus Finch,movies,32-2
1911,Who is the Executive producers of the tv series locke & key?,Q56274745,Locke & Key,Q443440,Carlton Cuse,kb,Carlton Cuse,tvseries,636-4
1900,executive producer of the film Smallfoot?,Q109974650,Jared Stern,Q30607974,Smallfoot,kb,Jared Stern,movies,633-0
1239,did David Callaham write the screenplay for the sequel The Expendables 2?,Q3062086,The Expendables,No,No,table,No,movies,412-3
1443,What is the name of the wife of the writer Honoré de Balzac?,Q9711,Honor\u00E9 de Balzac,Q263997,Ewelina Ha\u0144ska,kb,Ewelina Hańska,books,480-4
679,who is the creator of Daredevil  series?,Q16977365,Daredevil,Q922368,Drew Goddard,infobox,Drew Goddard,tvseries,226-2
1236,"In which 1995 action thriller movie did Antonio Banderas play an assassin, Miguel Bain?",Q41548,Antonio Banderas,Q739498,Assassins,table,Assassins,movies,412-0
1890,Who is the author of the book The Name of the Rose?,Q172850,The Name of the Rose,Q12807,Umberto Eco,text,Umberto Eco,books,630-1
3116,Who comes before the Germany national team in FIFA rankings?,Q180825,FIFA World Rankings,Q7892562,United States men's national soccer team record,table,United States National Football Team,soccer,1058-3
2939,Robert Lewandowski is the captain of which national team?,Q151269,Robert Lewandowski,Q36,Poland,table,Poland,soccer,999-0
3402,What is the length of the Haiti track?,Q526196,Funeral,4:07,4:07,table,4:07,music,1154-4
2280,What is the name of Percy Jackson's mother?,Q213167,Percy Jackson & the Olympians,Q10367000,Sally Jackson,table,Sally Jackson,books,760-3
4507,What is the name of the actress playing the role of Vicki in Small Wonder?,Q2347191,Small Wonder,Q2278470,Tiffany Brissette,kb,Tiffany Brissette,tvseries,1526-2
3526,When Friends first aired who was the president of NBC?,Q79784,Friends,Q3247520,Sylvester Weaver,table,Pat Weaver,tvseries,1196-2
1121,Which date releasing The Call of the Wild?,Q57982258,The Call of the Wild,2020-02-21T00:00:00Z,21 February 2020,kb,"February 21, 2020",movies,373-0
2276,Yankee Stadium's home team?,Q753529,Yankee Stadium,Q13361030,New York City FC,infobox,New York City Football Club,soccer,759-0
4501,What is Beck's spouse's name?,Q11901,Beck,Q299790,Marissa Ribisi,kb,Marissa Ribisi,music,1524-2
3290,What is the  Award recieved in 2008 by the tv series wizards of waverly place?,Q5280671,Directors Guild of America Award for Outstanding Directing \u2013 Children's Programs,Q184342,Wizards of Waverly Place,table,Directors Guild of America Award for Outstanding Directing – Children's Programs,tvseries,1117-0
3679,What is the height of Jan Oblak?,Q2058682,Jan Oblak,1.88 m,1.88 m,infobox,1.88 m,soccer,1248-1
1362,"Which Tom Tom Club song is sampled by Mark Morrison's song ""Return of the Mack""?",Q3933840,Return of the Mack,Q5533282,Genius of Love,text,Genius of Love,music,454-0
660,what genre of The Mirror and the Light story?,Q7751674,The Mirror and the Light,Q192239,historical novel,text,historical novel,books,220-1
4067,What is the Karim Benzema's date of birth?,Q1912,Karim Benzema,1987-12-19T00:00:00Z,19 December 1987,infobox,19 December 1987,soccer,1378-1
3202,The year the first episode of the Dukes of Hazzard premiered on TV?,Q459132,Cindy Parlow Cone,1979-01-01T00:00:00Z,1979,text,1979,tvseries,1087-0
3259,Who is the Creative director of Anupamaa?,Q86752959,Anupamaa,Ketaki Walawalkar,Ketaki Walawalkar,infobox,Ketaki Walawalkar,tvseries,1106-2
2028,Who developed the TV series Teen Wolf?,Q836393,Teen Wolf,Q1648159,Jeff Davis,infobox,Jeff Davis,tvseries,676-1
1059,"What was the original language of the movie ""Taxi Driver""?",Q47221,Taxi Driver,Q1860,English,infobox,English,movies,352-4
2354,What is the debut year of the music album Sajda?,Q25094800,Sajda,1991-01-01T00:00:00Z,1991,kb,1991,music,785-0
1787,Who is the director of TV series Undekhi?,Q97367036,Undekhi,Q102314326,Sidharth Sengupta,kb,Sidharth Sengupta,tvseries,596-0
482,Which is the parent company of the publisher Harper & Brothers?,Q3127696,Harper,Q95149,HarperCollins,infobox,HarperCollins,books,160-2
4044,"When will the novel ""Wuthering Heights"" be released?",Q202975,Wuthering Heights,1847-01-01T00:00:00Z,1847,text,1847,books,1370-1
959,who is the author of To Kill a Mockingbird?,Q212340,To Kill a Mockingbird,Q182658,Harper Lee,infobox,Harper Lee,books,320-0
1376,Which club was Gareth Bale loaned to from Real Madrid in 2020?,Q184586,Gareth Bale,Q18741,Tottenham Hotspur F.C.,infobox,Tottenham Hotspur F.C.,soccer,458-2
2911,What is the first book in The Vampire Chronicles book series?,Q840516,The Vampire Chronicles,Q176470,Interview with the Vampire,,Interview with the Vampire,books,990-1
3782,What's the last movie Viggo Mortensen acted in before The Fellowship of the Ring?,Q171363,Viggo Mortensen,Q221098,28 Days,table,28 Days,movies,1282-3
184,Which work of the author William Golding won him the Booker Prize?,Q44183,William Golding,Q3937279,Rites of Passage,text,Rites of Passage,books,60-4
2842,Creator of the series Breaking Bad?,Q1079,Breaking Bad,Q4500,Vince Gilligan,kb,Vince Gilligan,tvseries,967-0
3160,Which actor plays the part of John Keating in the movie Dead Poet's Society?,Q106316,Dead Poets Society,Q83338,Robin Williams,text,Robin Williams,movies,1073-0
2331,which country does neymar belongs?,Q142794,Neymar,Q142794,Neymar,text,Brazil,soccer,778-0
3650,What is the position played by Franz Beckenbauer?,Q4457,Franz Beckenbauer,Q336286,defender,kb,defender,soccer,1238-2
4734,Who was Tom Cruise married to in 1995?,Q37079,Tom Cruise,Q37459,Nicole Kidman,kb,Nicole Kidman,movies,1602-3
2536,Who was the creator of the TV series Entourage?,Q253205,Entourage,Q934691,Doug Ellin,infobox,Doug Ellin,tvseries,846-2
497,Debut date of the music album Confident?,Q20886070,Confident,2015-10-16T00:00:00Z,16 October 2015,kb,16 October 2015,music,165-0
532,Who original broadcaster Elite Tv  Series?,Q53000974,Elite,Q907311,Netflix,table,Netflix,tvseries,176-4
3883,What is the No. of episodes of Mithai?,Q105095232,Mithai,362,362,infobox,362,tvseries,1316-2
2211,What is the name of Jack Davenport's spouse?,Q310930,Jack Davenport,Q5860905,Michelle Gomez,kb,Michelle Gomez,tvseries,736-4
766,Who first wrote and performed the song A Pirate Looks at Forty?,Q4658841,A Pirate Looks at Forty,Q726071,Jimmy Buffett,text,Jimmy Buffett,music,255-0
563,What is the full name of the soccer player Joshua Kimmich?,Q13865408,Joshua Kimmich,Joshua Walter Kimmich,Joshua Walter Kimmich,kb,Joshua Walter Kimmich,soccer,188-0
3737,Who Is the Creator of the Locke & Key TV Series?,Q56274745,Locke & Key,Q443440,Carlton Cuse,infobox,Carlton Cuse,tvseries,1267-0
4750,Which soccer club did Fabio Cannavaro play for in 2007?,Q102027,Fabio Cannavaro,Q2693,Parma F.C.,table,Parma Calcio 1913,soccer,1608-1
4068,What is the Karim Benzema sport number?,Q1912,Karim Benzema,9,9,infobox,9,soccer,1378-2
4869,What is the last club team Diego Maradona played for?,Q17515,Diego Maradona,Q170703,Boca Juniors,infobox,Boca Juniors,soccer,1648-0
2868,Who is the creator of Money Heist?,Q47493874,Alex Pina,Q47493474,Q47493474,kb,Álex Pina,tvseries,976-0
2786,What club did the soccer player Pelé represent in the year 1976?,Q12897,Pel\u00E9,Q646135,New York Cosmos,table,New York Cosmos,soccer,948-2
2570,Who composed the theme song of Three's Company?,Q245996,Three's Company,Q3180167,Joe Raposo,infobox,Joe Raposo,tvseries,866-3
4694,What is the name of the manager in 2017 of the soccer club Manchester United F.C.?,Q18656,Manchester United F.C.,Q79983,Jos\u00E9 Mourinho,table,José Mourinho,soccer,1589-0
4571,Which club team did Kylian Mbappé represent currently?,Q21621995,Kylian Mbapp\u00E9,Q483020,Paris Saint-Germain F.C.,kb,Paris Saint-Germain F.C.,soccer,1548-0
635,Which year was the movie The Matrix released?,Q83495,The Matrix,1999-01-01T00:00:00Z,1999,kb,1999,movies,212-0
321,Who cast member main character Peaky Blinders Tv Series?,Q14944179,Peaky Blinders,Q202589,Cillian Murphy,table,Cillian Murphy,tvseries,106-3
3454,What was Julia Roberts called in the movie Ocean's Twelve?,Q40523,Julia Roberts,Q18636252,Tess Ocean,kb,Tess Ocean,movies,1172-2
4005,Has Kevin Alejandro played a role in the web series Gemini Division?,Q1282510,Kevin Alejandro,Yes,Yes,table,Yes,tvseries,1356-4
1245,Sting decide to leave The Police after which concert tour?,Q483203,Sting,Q7662113,Synchronicity Tour,text,Synchronicity Tour,music,414-3
2802,in which year was the Perfect album released?,Q29051557,Perfect,2017-01-01T00:00:00Z,2017,kb,2017,music,954-0
1351,What structures does Don Quixote attack believing they are giants?,Q480,Don Quixote,Q38720,windmill,text,Windmills,books,450-1
4950,Who are the band members of The Beatles?,Q1299,The Beatles,"John Lennon, Paul McCartney, George Harrison, Ringo Starr","John Lennon, Paul McCartney, George Harrison, Ringo Starr",kb,"John Lennon, Paul McCartney, George Harrison, Ringo Starr",music,1674-2
4193,In Matilda what Olympic year did Miss Trunchbull compete?,Q1426188,Matilda,1972-01-01T00:00:00Z,1972,text,1972,books,1420-1
967,who is director of Shutter Island movie?,Q210364,Shutter Island,Q41148,Martin Scorsese,infobox,Martin Scorsese,movies,322-2
599,"Who wrote ""The Great Gatsby"" novel?",Q214371,The Great Gatsby,Q93354,F. Scott Fitzgerald,infobox,F. Scott Fitzgerald,books,200-0
2358,Who played role of Senior Inspector Kabir Sawant in Breathe?,Q48733047,Breathe,Q4746871,Amit Sadh,text,Amit Sadh,tvseries,786-3
3676,What is the full name of Grant Gustin?,Q713820,Grant Gustin,Thomas Grant Gustin,Thomas Grant Gustin,infobox,Thomas Grant Gustin,tvseries,1246-4
2813,At what language Downton Abbey was released?,Q83071,Downton Abbey,Q10526033,Downton Abbey,text,English,tvseries,957-0
4055,which year did Green Day band start?,Q47871,Green Day,1987-01-01T00:00:00Z,1987,infobox,1987,music,1374-0
4302,What is the birth place of Benedict Taylor?,Q4887320,Benedict Taylor,Q994575,Kendal,text,Kendal,tvseries,1456-4
2459,"What is the ""It"" novel's page count?",Q602288,It,"1,504","1,504",infobox,"1,504",books,820-3
4705,What is his country of origin?,Q495980,Bong Joon-ho,Q884,South Korea,kb,South Korea,movies,1592-4
670,who is the screen writer of tenet movie?,Q63985561,Tenet,Q25191,Christopher Nolan,kb,Christopher Nolan,movies,223-0
1999,Who is the original broadcaster of the bones tv series?,Q207803,Bones,Q166419,Fox Broadcasting Company,infobox,Fox Broadcasting Company,tvseries,666-2
1472,What year was The Hunger Games published?,Q11678,The Hunger Games,2008-01-01T00:00:00Z,2008,infobox,2008,books,490-3
2035,At which age did Chris Kamara joined the Royal Navy?,Q1077393,Chris Kamara,16,16,text,16,soccer,678-2
2455,Who is supervising The Belgium national football team?,Q166776,Belgium national football team,Q381124,Royal Belgian Football Association,text,Royal Belgian Football Association,soccer,819-0
2962,Which the parent company of the Amazon Prime Video?,Q4740856,Amazon Prime Video,Q3884,Amazon.com,infobox,Amazon,tvseries,1006-4
3712,What is the number of goals scored by Julio Salinas for Spain in football?,Q155290,Julio Salinas,22,22,table,22,soccer,1258-4
4937,What is the last book of Discworld series?,Q3257270,Discworld books,Q19897982,The Shepherd's Crown,table,The Shepherd's Crown,books,1670-1
3814,Who created Jumanji?,Q222939,Jumanji,Q352948,Joe Johnston,infobox,Joe Johnston,movies,1293-0
2573,What year was Chicago Fire founded?,Q308683,Chicago Fire Soccer Club,1997-01-01T00:00:00Z,1997,infobox,1997,soccer,868-0
3502,who is the president of Borussia Dortmund team?,Q41420,Borussia Dortmund,Q881201,Reinhard Rauball,infobox,Reinhard Rauball,soccer,1188-2
4355,What genre of music does the band Train mainly play?,Q282531,Train,Q11399,rock music,kb,rock music,music,1474-3
4066,What is the main topic of the television series Downton Abbey?,Q83071,Downton Abbey,Q7168625,historical drama,infobox,historical drama,tvseries,1377-0
1687,Did Robin Shou reprised his role as Kiu Kang in the rebooted 2021 Mortal Kombat movie?,Q353049,Robin Shou,No,No,text,No,movies,562-2
488,Which movie was directed by Hardik Mehta in 2015?,Q35488479,Hardik Mehta,Q23692030,Amdavad Ma Famous,table,Amdavad Ma Famous,movies,162-2
4623,What was Billboard Hot 100's first song to reach number one?,Q180072,Billboard Hot 100,Q7228786,Poor Little Fool,text,Poor Little Fool,music,1564-4
514,Who Quotes Little Women's Work?,Q523076,Little Women,Q19102846,Love Between Brothers and Sisters,infobox,Love Between Brothers and Sisters,books,170-4
4487,What is the total number of players on each team in a game of soccer AKA association football?,Q2736,soccer,11,11,text,11,soccer,1519-0
798,What is the date of birth of Lisa Vicari?,Q1683505,Lisa Vicari,1997-02-11T00:00:00Z,11 February 1997,kb,11 February 1997,tvseries,266-1
3050,What is the original language of the tv series Riverdale?,Q23001951,Riverdale,Q1860,English,kb,English,tvseries,1036-3
1539,Who is the screenwriter of the Rocky movie?,Q188652,Rocky,Q40026,Sylvester Stallone,infobox,Sylvester Stallone,movies,512-4
4679,In which year was Steven Tyler born?,Q194045,Steven Tyler,1948-01-01T00:00:00Z,1948,kb,1948,music,1584-2
4764,Who was The Wiz distributed by?,Q428158,The Wiz,Q168383,Universal Studios,infobox,Universal Pictures,movies,1612-3
844,Who was the author of To Kill a Mockingbird?,Q212340,To Kill a Mockingbird,Q182658,Harper Lee,text,Harper Lee,books,281-0
1480,Who was the director of Ordinary People?,Q503313,Ordinary People,Q59215,Robert Redford,text,Robert Redford,movies,493-0
4589,Who formed the band Euphoria?,Q172367,Euphoria,Q3348185,Palash Sen,kb,Palash Sen,music,1554-0
2527,What movie of 1997 has won 11 Oscars?,Q19020,Academy Awards,Q44578,Titanic,text,Titanic,movies,843-0
4676,What country is the origin of the film Howl's Moving Castle?,Q29011,Howl's Moving Castle,Q17,Japan,infobox,Japan,movies,1583-0
964,To Kill a Mockingbird was written by who?,Q212340,To Kill a Mockingbird,Q182658,Harper Lee,infobox,Harper Lee,books,321-0
4429,Which soccer league did the 2021 LA Galaxy competed in?,Q204357,Los Angeles Galaxy,Q18543,Major League Soccer,infobox,Major League Soccer,soccer,1499-0
1181,Godzilla vs. Kong came out in which year?,Q56307503,Godzilla vs. Kong,2021-01-01T00:00:00Z,2021,infobox,2021,movies,393-0
3433,Doja Cat's first album?,Q51120673,Doja Cat,Q65090802,Amala,text,Amala,music,1165-0
2372,Author of Jurassic park?,Q756866,Jurassic Park,Q172140,Michael Crichton,kb,Michael Crichton,books,791-0
1090,Who is the director of 2001: A Space Odyssey movie?,Q103474,2001: A Space Odyssey,Q2001,Stanley Kubrick,kb,Stanley Kubrick,movies,362-4
4560,Who was the lyricist of title song Maa Tujhe Salaam of Vande Mataram?,Q12452104,Vande Mataram,Q6809256,Mehboob Kotwal,table,Mehboob Kotwal,music,1544-1
381,Who started hosting Travel Man in 2021?,Q22948830,Travel Man,Q6211024,Joe Lycett,text,Joe Lycett,tvseries,126-3
1811,Which was the last album to feature bassist Cliff Burton?,Q188973,Cliff Burton,Q187507,Master of Puppets,text,Master of Puppets,music,604-0
406,What was the first single to be released from the album?,Q22965873,Mind of Mine,Q22337562,Pillowtalk,text,Pillowtalk,music,134-4
3249,What is the running time of the movie Newton?,Q28914754,Newton,106 minutes,106 minutes,infobox,106 minutes,movies,1102-4
4796,Who is the writer of the movie Super 30?,Q48674720,Super 30,Sanjeev Dutta,Sanjeev Dutta,kb,Sanjeev Dutta,movies,1623-0
4727,In which novel did Sherlock Holmes make his first appearance?,Q4653,Sherlock Holmes,Q223131,A Study in Scarlet,kb,A Study in Scarlet,books,1600-2
506,What is the nickname of the Manchester United F.C.?,Q18656,Manchester United F.C.,Q7759859,The Red Devils,infobox,The Red Devils,soccer,168-2
4775,Who co-stars with Larry David in Curb Your Enthusiasm?,Q23728,Larry David,Q272917,Cheryl Hines,text,Cheryl Hines,tvseries,1616-2
1828,Which player was awarded the most number of Man of the match titles in the FIFA world cup of 2006?,Q37285,2006 FIFA World Cup,Q43926,Andrea Pirlo,table,Andrea Pirlo,soccer,609-0
1014,What national team did Fernando Torres play for?,Q42731,Fernando Torres,Q42267,Spain national association football team,kb,Spain national association football team,soccer,338-1
4632,Which team did Didier Deschamps first play for in his career?,Q508711,Didier Deschamps,Q192071,F.C. Nantes,text,FC Nantes,soccer,1568-2
484,What is the death date of the writer Richard Wright?,Q319820,Richard Wright,1960-11-28T00:00:00Z,28 November 1960,infobox,28 November 1960,books,160-4
3477,who is the author of Brave New World book?,Q191949,Brave New World,Q81447,Aldous Huxley,text,Aldous Huxley,books,1180-1
4514,Which musical girl group was Victoria Beckham a band member?,Q19810,Victoria Beckham,Q55641,Spice Girls,kb,Spice Girls,soccer,1528-3
743,To what football club did Oliver Kahn belong in 2001?,Q131261,Oliver Kahn,Q15789,FC Bayern Munich,table,FC Bayern Munich,soccer,248-0
1971,Who played James Moriarty in Sherlock (TV series)?,Q192837,Sherlock,Q507322,Andrew Scott,text,Andrew Scott,tvseries,656-4
572,what is the genre of the book Alice's Adventures in Wonderland?,Q92640,Alice's Adventures in Wonderland,Q936749,literary nonsense,infobox,literary nonsense,books,190-3
3425,What's the name of the first film that he was the producer of?,Q709325,Sean S. Cunningham,Q12101263,The Art of Marriage,text,The Art of Marriage,movies,1162-3
3552,Singer of the song Suddenly There's a Valley?,Q7633654,Suddenly There's a Valley,Q162667,Glen Campbell,kb,Glen Campbell,music,1205-0
704,In which year Jonas Brothers nominated for Grammy Award for Best New Artist?,Q134233,Jonas Brothers,2009-01-01T00:00:00Z,2009,kb,2009,music,234-3
307,Who was inspired by the film Man of Steel?,Q622769,Man of Steel,Q2924461,DC Comics,kb,Dc Comics,movies,102-1
1758,Who were the main three stars of the show when it premiered?,Q245996,Three's Company,Q245996,Three's Company,text,John Ritter; Joyce DeWitt; Suzanne Somers,tvseries,586-1
4156,Which country team did Xavi  played?,Q17500,Xavi,Q29,Spain,text,Spain,soccer,1408-0
475,Who was the Who was the head coach of the Chicago Fire Football Club?,Q308683,Chicago Fire Soccer Club,Q1008088,Ezra Hendrickson,infobox,Ezra Hendrickson,soccer,158-1
4774,How many seasons was Curb Your Enthusiasm on the air?,Q23722,Curb Your Enthusiasm,11,11,infobox,11,tvseries,1616-1
2995,which country of Manchester united f.c?,Q18656,Manchester United F.C.,Q145,United Kingdom,infobox,United Kingdom,soccer,1018-2
771,Who plays the lead role in the CW's The Flash?,Q212252,The CW,Q713820,Grant Gustin,text,Grant Gustin,tvseries,256-4
4389,What was the last year Are You Afraid of the Dark was out?,Q1418462,Are You Afraid of the Dark?,2000-01-01T00:00:00Z,2000,kb,2000,tvseries,1486-1
593,Which country team did Thomas Müller play?,Q43666,Thomas M\u00FCller,Q183,Germany,text,Germany,soccer,198-0
395,"Who wrote ""The Martian?""",Q17111624,The Martian,Q18590295,Andy Weir,kb,Andy Weir,books,131-0
3234,Another name of Chelsea F.C. was?,Q9616,Chelsea F.C.,Q9616,Chelsea F.C.,table,The Blues,soccer,1098-1
1235,The novel Nineteen Eighty-Four's first feature film adaptation came out in what year?,Q208460,Nineteen Eighty-Four,1956-01-01T00:00:00Z,1956,text,1956,books,411-0
2652,The year the band Metallica formed?,Q15920,Metallica,1981-01-01T00:00:00Z,1981,kb,1981,music,904-0
